event_id,shipment_id,delay_reason,delay_days,weather_impact,port_congestion
EVT000001,SHP002757,Weather,14,0.68,0.87
EVT000002,SHP000661,Port Congestion,12,0.73,0.91
EVT000003,SHP002348,Customs,3,0.29,0.1
EVT000004,SHP002879,Weather,8,0.61,0.91
EVT000005,SHP001663,Weather,8,0.71,0.75
EVT000006,SHP000363,Port Congestion,5,0.79,0.45
EVT000007,SHP001778,Mechanical,4,0.44,0.52
EVT000008,SHP000527,Port Congestion,14,0.65,0.55
EVT000009,SHP003000,Port Congestion,7,0.25,0.44
EVT000010,SHP000203,Port Congestion,3,0.11,0.65
EVT000011,SHP000430,Port Congestion,4,0.91,0.13
EVT000012,SHP001528,Customs,6,0.42,0.53
EVT000013,SHP001020,Customs,1,0.3,0.48
EVT000014,SHP000195,Port Congestion,3,0.13,0.68
EVT000015,SHP001679,Mechanical,8,0.79,0.24
EVT000016,SHP000426,Mechanical,11,0.73,0.0
EVT000017,SHP002832,Customs,13,0.67,0.69
EVT000018,SHP002616,Port Congestion,14,0.17,0.37
EVT000019,SHP002495,Mechanical,1,0.36,0.39
EVT000020,SHP001457,Port Congestion,13,0.44,0.03
EVT000021,SHP002232,Mechanical,1,0.88,0.69
EVT000022,SHP000075,Customs,10,0.44,0.35
EVT000023,SHP001047,Weather,1,0.99,0.87
EVT000024,SHP000345,Customs,11,0.4,0.2
EVT000025,SHP001262,Weather,3,0.84,0.7
EVT000026,SHP002834,Port Congestion,3,0.55,0.43
EVT000027,SHP001356,Customs,7,0.77,0.3
EVT000028,SHP000031,Mechanical,7,0.72,0.52
EVT000029,SHP001017,Customs,2,0.38,0.95
EVT000030,SHP002272,Mechanical,11,0.12,0.89
EVT000031,SHP002847,Weather,3,0.86,1.0
EVT000032,SHP000706,Weather,5,0.89,0.43
EVT000033,SHP000228,Weather,6,0.35,0.8
EVT000034,SHP002938,Mechanical,12,0.16,0.08
EVT000035,SHP001506,Port Congestion,3,0.98,0.03
EVT000036,SHP000392,Port Congestion,4,0.92,0.84
EVT000037,SHP001907,Customs,2,0.65,0.13
EVT000038,SHP000609,Weather,2,0.45,0.28
EVT000039,SHP000954,Port Congestion,3,0.69,0.07
EVT000040,SHP001802,Customs,1,0.81,0.79
EVT000041,SHP001330,Port Congestion,2,0.13,0.76
EVT000042,SHP000689,Weather,13,0.43,0.8
EVT000043,SHP000314,Mechanical,12,0.02,0.75
EVT000044,SHP002357,Mechanical,12,0.39,0.01
EVT000045,SHP002333,Mechanical,6,0.8,0.85
EVT000046,SHP002130,Mechanical,8,0.04,0.19
EVT000047,SHP002753,Weather,4,0.65,0.08
EVT000048,SHP002425,Customs,1,0.21,0.34
EVT000049,SHP002488,Customs,14,0.88,0.03
EVT000050,SHP002901,Weather,6,0.09,0.54
EVT000051,SHP002809,Port Congestion,7,0.71,0.09
EVT000052,SHP002529,Port Congestion,3,0.56,0.51
EVT000053,SHP001167,Customs,3,0.12,0.96
EVT000054,SHP002863,Port Congestion,13,0.75,0.71
EVT000055,SHP001363,Port Congestion,10,0.85,0.2
EVT000056,SHP002803,Customs,2,0.93,0.8
EVT000057,SHP002886,Weather,14,0.02,0.11
EVT000058,SHP001433,Weather,6,0.05,0.66
EVT000059,SHP001517,Customs,11,0.22,0.36
EVT000060,SHP001555,Customs,10,0.78,0.18
EVT000061,SHP002438,Customs,7,0.39,0.16
EVT000062,SHP000229,Customs,7,0.43,0.64
EVT000063,SHP001616,Mechanical,3,0.37,0.07
EVT000064,SHP001960,Port Congestion,13,0.41,0.92
EVT000065,SHP002570,Customs,9,0.17,0.03
EVT000066,SHP001048,Customs,8,0.75,0.62
EVT000067,SHP000353,Mechanical,11,0.99,0.34
EVT000068,SHP000856,Customs,11,0.56,0.83
EVT000069,SHP002678,Port Congestion,7,0.27,0.47
EVT000070,SHP002121,Port Congestion,8,0.99,0.51
EVT000071,SHP002704,Mechanical,14,0.73,0.64
EVT000072,SHP000923,Weather,12,0.59,0.81
EVT000073,SHP001147,Customs,11,0.2,0.03
EVT000074,SHP001313,Port Congestion,4,0.21,0.68
EVT000075,SHP000025,Port Congestion,9,0.27,0.46
EVT000076,SHP000560,Customs,8,1.0,0.77
EVT000077,SHP002796,Port Congestion,10,0.76,0.01
EVT000078,SHP002538,Port Congestion,14,0.3,0.23
EVT000079,SHP002668,Port Congestion,12,0.07,0.24
EVT000080,SHP001460,Mechanical,12,0.97,0.7
EVT000081,SHP002704,Customs,14,0.33,0.9
EVT000082,SHP000489,Weather,12,0.59,0.08
EVT000083,SHP002029,Weather,2,0.02,0.39
EVT000084,SHP002775,Mechanical,8,0.53,0.17
EVT000085,SHP002007,Customs,9,1.0,0.58
EVT000086,SHP002161,Mechanical,12,0.65,0.91
EVT000087,SHP000126,Mechanical,13,0.11,0.9
EVT000088,SHP001300,Mechanical,10,0.01,0.7
EVT000089,SHP001924,Weather,13,0.07,0.56
EVT000090,SHP001789,Mechanical,14,0.54,0.54
EVT000091,SHP002488,Port Congestion,11,0.92,0.05
EVT000092,SHP000057,Port Congestion,3,0.8,0.62
EVT000093,SHP000401,Weather,6,0.54,0.65
EVT000094,SHP001665,Port Congestion,4,0.67,0.65
EVT000095,SHP002808,Weather,1,0.22,0.26
EVT000096,SHP001109,Mechanical,13,0.85,0.56
EVT000097,SHP001100,Port Congestion,4,0.63,0.62
EVT000098,SHP000682,Mechanical,8,0.58,0.5
EVT000099,SHP002709,Port Congestion,5,0.35,0.01
EVT000100,SHP001601,Customs,1,0.75,0.05
EVT000101,SHP000477,Port Congestion,1,0.96,0.35
EVT000102,SHP002503,Mechanical,7,0.87,0.47
EVT000103,SHP002178,Port Congestion,13,0.76,0.9
EVT000104,SHP002085,Customs,8,0.09,0.69
EVT000105,SHP001716,Mechanical,13,0.82,0.39
EVT000106,SHP001288,Customs,12,0.32,0.26
EVT000107,SHP001753,Weather,12,0.23,0.78
EVT000108,SHP002271,Weather,5,0.41,0.97
EVT000109,SHP000005,Weather,8,0.7,0.68
EVT000110,SHP001671,Mechanical,5,0.65,0.67
EVT000111,SHP002392,Weather,10,0.56,0.24
EVT000112,SHP002000,Weather,4,0.07,0.77
EVT000113,SHP002446,Mechanical,11,0.81,0.24
EVT000114,SHP002130,Mechanical,8,0.57,0.72
EVT000115,SHP000358,Port Congestion,3,0.97,0.78
EVT000116,SHP000846,Weather,5,0.9,0.86
EVT000117,SHP001159,Port Congestion,8,0.47,0.26
EVT000118,SHP000842,Mechanical,7,0.6,0.01
EVT000119,SHP000813,Customs,11,0.61,0.22
EVT000120,SHP002248,Weather,12,0.72,0.21
EVT000121,SHP002431,Port Congestion,12,0.43,0.45
EVT000122,SHP000800,Port Congestion,11,0.47,0.38
EVT000123,SHP002036,Customs,1,0.43,0.05
EVT000124,SHP001284,Mechanical,10,0.06,0.5
EVT000125,SHP000999,Port Congestion,10,0.1,0.51
EVT000126,SHP002847,Port Congestion,3,0.62,0.62
EVT000127,SHP000351,Port Congestion,1,0.44,0.76
EVT000128,SHP002830,Port Congestion,8,0.94,0.74
EVT000129,SHP000308,Mechanical,8,0.81,0.38
EVT000130,SHP000401,Weather,3,0.85,0.1
EVT000131,SHP001678,Customs,13,0.74,0.22
EVT000132,SHP002152,Port Congestion,9,0.81,0.25
EVT000133,SHP000581,Customs,12,0.92,0.06
EVT000134,SHP000139,Mechanical,13,0.04,0.04
EVT000135,SHP002997,Mechanical,4,0.9,0.92
EVT000136,SHP001382,Port Congestion,12,0.17,0.49
EVT000137,SHP002337,Weather,8,0.37,0.69
EVT000138,SHP001713,Mechanical,13,0.16,0.52
EVT000139,SHP001161,Mechanical,12,0.02,0.24
EVT000140,SHP001521,Port Congestion,8,0.29,0.2
EVT000141,SHP002716,Customs,4,0.88,0.22
EVT000142,SHP000920,Port Congestion,12,0.52,0.6
EVT000143,SHP002411,Customs,14,0.82,0.23
EVT000144,SHP000812,Customs,2,0.31,0.37
EVT000145,SHP002043,Port Congestion,10,0.5,0.96
EVT000146,SHP000511,Port Congestion,7,0.67,0.32
EVT000147,SHP000014,Port Congestion,14,0.41,0.61
EVT000148,SHP001550,Mechanical,7,0.69,0.91
EVT000149,SHP000990,Port Congestion,14,0.41,0.13
EVT000150,SHP000548,Port Congestion,2,0.09,0.37
EVT000151,SHP000158,Port Congestion,10,0.04,0.67
EVT000152,SHP001580,Port Congestion,12,0.91,0.13
EVT000153,SHP002684,Mechanical,4,0.2,0.11
EVT000154,SHP000227,Mechanical,2,0.98,0.3
EVT000155,SHP000578,Port Congestion,3,0.72,0.66
EVT000156,SHP000295,Mechanical,14,0.85,0.75
EVT000157,SHP000010,Port Congestion,11,0.77,0.68
EVT000158,SHP002780,Customs,6,0.85,0.43
EVT000159,SHP001397,Port Congestion,9,0.79,0.9
EVT000160,SHP002846,Mechanical,6,0.33,0.76
EVT000161,SHP000550,Customs,2,0.19,0.46
EVT000162,SHP002345,Weather,2,0.09,0.57
EVT000163,SHP000964,Mechanical,9,0.66,0.58
EVT000164,SHP002517,Weather,12,0.77,0.04
EVT000165,SHP000949,Customs,9,0.52,0.59
EVT000166,SHP001092,Mechanical,1,0.68,0.35
EVT000167,SHP000788,Mechanical,13,0.58,0.84
EVT000168,SHP002055,Customs,10,0.99,0.41
EVT000169,SHP000541,Customs,9,0.24,0.07
EVT000170,SHP002075,Weather,14,0.2,0.09
EVT000171,SHP001655,Weather,5,0.14,0.46
EVT000172,SHP002435,Customs,12,0.16,0.03
EVT000173,SHP000110,Mechanical,3,0.13,0.97
EVT000174,SHP002972,Weather,6,0.44,0.89
EVT000175,SHP001570,Weather,13,0.54,0.54
EVT000176,SHP001766,Weather,13,0.69,0.77
EVT000177,SHP001182,Port Congestion,8,0.22,0.77
EVT000178,SHP001847,Weather,11,0.26,0.55
EVT000179,SHP001764,Mechanical,12,0.83,0.93
EVT000180,SHP001954,Port Congestion,2,0.89,0.31
EVT000181,SHP000631,Customs,5,0.18,0.9
EVT000182,SHP001324,Customs,2,0.72,0.21
EVT000183,SHP002505,Weather,6,0.22,0.53
EVT000184,SHP002469,Weather,3,0.65,0.06
EVT000185,SHP000656,Weather,10,0.72,0.63
EVT000186,SHP000221,Port Congestion,2,0.56,0.72
EVT000187,SHP002692,Mechanical,6,0.53,0.1
EVT000188,SHP002357,Weather,9,0.3,0.96
EVT000189,SHP001900,Port Congestion,11,0.37,0.73
EVT000190,SHP000585,Mechanical,11,0.68,0.91
EVT000191,SHP001608,Customs,12,0.13,0.41
EVT000192,SHP002238,Mechanical,10,0.53,0.09
EVT000193,SHP001512,Weather,7,0.25,0.71
EVT000194,SHP000748,Weather,8,0.09,0.97
EVT000195,SHP001298,Weather,7,0.56,0.8
EVT000196,SHP002476,Mechanical,9,0.75,0.66
EVT000197,SHP002033,Mechanical,1,0.71,0.99
EVT000198,SHP000577,Port Congestion,12,0.11,0.61
EVT000199,SHP001183,Mechanical,7,0.88,0.88
EVT000200,SHP002804,Customs,6,0.25,0.29
EVT000201,SHP000520,Customs,8,0.12,0.48
EVT000202,SHP000192,Customs,9,0.31,0.39
EVT000203,SHP002236,Customs,10,0.79,0.3
EVT000204,SHP002853,Port Congestion,13,0.85,0.37
EVT000205,SHP000955,Customs,8,0.56,0.29
EVT000206,SHP002399,Customs,1,0.1,0.05
EVT000207,SHP001442,Mechanical,13,0.91,0.32
EVT000208,SHP001858,Mechanical,3,0.77,0.37
EVT000209,SHP002166,Port Congestion,4,0.65,0.59
EVT000210,SHP002717,Port Congestion,14,0.09,0.68
EVT000211,SHP000449,Mechanical,6,0.84,0.05
EVT000212,SHP001997,Customs,3,0.9,0.11
EVT000213,SHP000690,Customs,1,0.88,0.34
EVT000214,SHP000479,Mechanical,12,0.78,0.9
EVT000215,SHP000029,Mechanical,3,0.51,0.02
EVT000216,SHP002772,Port Congestion,3,0.86,0.09
EVT000217,SHP001185,Mechanical,11,0.39,0.95
EVT000218,SHP001140,Port Congestion,9,0.73,0.92
EVT000219,SHP000801,Port Congestion,11,0.36,0.19
EVT000220,SHP002921,Port Congestion,3,0.0,0.5
EVT000221,SHP000857,Port Congestion,2,0.11,0.86
EVT000222,SHP001750,Weather,8,0.29,0.06
EVT000223,SHP000938,Customs,7,0.58,0.06
EVT000224,SHP001839,Customs,13,0.17,0.82
EVT000225,SHP001598,Mechanical,10,0.43,0.07
EVT000226,SHP002081,Port Congestion,13,0.54,0.77
EVT000227,SHP001038,Weather,9,0.98,0.62
EVT000228,SHP002043,Weather,5,0.36,0.95
EVT000229,SHP002506,Port Congestion,12,0.49,0.5
EVT000230,SHP001719,Weather,11,0.69,0.95
EVT000231,SHP001669,Weather,3,0.08,0.56
EVT000232,SHP000023,Mechanical,14,0.61,0.64
EVT000233,SHP001342,Mechanical,9,0.3,0.4
EVT000234,SHP002357,Mechanical,3,0.43,0.59
EVT000235,SHP001284,Customs,6,0.34,0.79
EVT000236,SHP001199,Customs,14,0.32,0.89
EVT000237,SHP000566,Weather,8,0.18,0.27
EVT000238,SHP001511,Port Congestion,10,0.87,0.15
EVT000239,SHP000984,Customs,12,0.42,0.21
EVT000240,SHP000682,Customs,7,0.86,0.68
EVT000241,SHP002385,Mechanical,11,0.95,0.26
EVT000242,SHP001364,Customs,2,0.61,0.49
EVT000243,SHP001055,Port Congestion,14,0.56,0.5
EVT000244,SHP002769,Mechanical,4,0.75,0.54
EVT000245,SHP000072,Mechanical,1,0.88,0.51
EVT000246,SHP001347,Customs,6,0.91,0.26
EVT000247,SHP001143,Weather,13,0.55,0.09
EVT000248,SHP000995,Weather,9,0.72,0.42
EVT000249,SHP001519,Port Congestion,6,0.56,0.24
EVT000250,SHP000857,Customs,4,0.47,0.04
EVT000251,SHP001254,Mechanical,7,0.15,0.65
EVT000252,SHP001920,Mechanical,6,0.44,0.95
EVT000253,SHP001544,Mechanical,11,0.7,0.92
EVT000254,SHP002735,Port Congestion,3,0.67,0.09
EVT000255,SHP000947,Weather,12,0.48,0.39
EVT000256,SHP002921,Weather,12,0.81,0.62
EVT000257,SHP002543,Customs,1,0.16,0.24
EVT000258,SHP001392,Weather,9,0.61,0.6
EVT000259,SHP001329,Customs,1,0.59,0.18
EVT000260,SHP001516,Customs,9,0.45,0.59
EVT000261,SHP001478,Customs,12,0.07,0.43
EVT000262,SHP001029,Customs,9,0.67,0.63
EVT000263,SHP001513,Customs,3,0.52,0.36
EVT000264,SHP001309,Port Congestion,7,0.25,0.31
EVT000265,SHP002362,Weather,2,0.15,0.75
EVT000266,SHP000677,Port Congestion,14,0.54,0.98
EVT000267,SHP000587,Mechanical,9,0.75,0.29
EVT000268,SHP001931,Weather,6,0.94,0.17
EVT000269,SHP001907,Customs,6,0.36,0.07
EVT000270,SHP002444,Port Congestion,12,0.17,0.25
EVT000271,SHP001651,Port Congestion,2,0.57,0.57
EVT000272,SHP000902,Weather,12,0.08,0.61
EVT000273,SHP000727,Port Congestion,4,0.74,0.59
EVT000274,SHP002745,Customs,11,0.72,0.17
EVT000275,SHP001986,Customs,4,0.69,0.11
EVT000276,SHP001076,Weather,11,0.59,0.55
EVT000277,SHP002177,Mechanical,6,0.8,0.55
EVT000278,SHP000773,Port Congestion,13,0.8,0.49
EVT000279,SHP001190,Customs,2,0.33,0.73
EVT000280,SHP000187,Mechanical,9,0.89,0.95
EVT000281,SHP002567,Mechanical,2,0.96,0.91
EVT000282,SHP001468,Port Congestion,11,0.26,0.42
EVT000283,SHP002096,Weather,13,0.28,0.28
EVT000284,SHP002572,Weather,11,0.87,0.79
EVT000285,SHP002888,Port Congestion,4,0.74,0.96
EVT000286,SHP001281,Port Congestion,11,0.99,0.07
EVT000287,SHP000655,Customs,10,0.82,0.17
EVT000288,SHP001328,Customs,9,0.86,0.42
EVT000289,SHP001564,Customs,2,0.72,0.25
EVT000290,SHP001078,Port Congestion,14,0.91,0.6
EVT000291,SHP000026,Mechanical,13,0.04,0.91
EVT000292,SHP000230,Weather,5,0.34,0.4
EVT000293,SHP001460,Port Congestion,13,0.41,0.54
EVT000294,SHP001610,Port Congestion,4,0.57,0.3
EVT000295,SHP000621,Weather,12,0.99,0.32
EVT000296,SHP002705,Port Congestion,14,0.99,0.09
EVT000297,SHP001765,Port Congestion,3,0.02,0.2
EVT000298,SHP002327,Weather,12,0.38,0.67
EVT000299,SHP002128,Weather,9,0.66,0.53
EVT000300,SHP001015,Port Congestion,1,0.21,0.44
EVT000301,SHP002269,Weather,6,0.76,0.67
EVT000302,SHP001626,Customs,2,0.54,0.81
EVT000303,SHP002850,Weather,8,0.29,0.38
EVT000304,SHP000440,Customs,12,0.72,0.78
EVT000305,SHP002635,Weather,11,0.42,0.22
EVT000306,SHP001248,Mechanical,10,0.13,0.06
EVT000307,SHP000725,Port Congestion,12,0.85,0.94
EVT000308,SHP002158,Weather,10,0.45,0.38
EVT000309,SHP001818,Weather,7,0.4,0.13
EVT000310,SHP001422,Mechanical,9,0.93,0.56
EVT000311,SHP002911,Customs,9,0.17,0.01
EVT000312,SHP000192,Port Congestion,13,0.06,0.75
EVT000313,SHP000743,Port Congestion,7,0.9,0.34
EVT000314,SHP000832,Customs,3,0.98,0.06
EVT000315,SHP001077,Weather,10,0.43,0.1
EVT000316,SHP001793,Customs,10,0.68,0.28
EVT000317,SHP000651,Port Congestion,9,0.28,0.81
EVT000318,SHP001778,Customs,5,0.16,0.85
EVT000319,SHP002459,Port Congestion,8,0.43,0.38
EVT000320,SHP000282,Customs,12,0.75,0.45
EVT000321,SHP000170,Port Congestion,1,0.51,0.16
EVT000322,SHP000139,Mechanical,14,0.62,0.88
EVT000323,SHP002982,Weather,12,0.19,0.28
EVT000324,SHP001163,Mechanical,4,0.94,0.08
EVT000325,SHP002132,Weather,10,0.54,0.45
EVT000326,SHP001806,Port Congestion,8,0.14,0.42
EVT000327,SHP000684,Customs,12,0.91,0.44
EVT000328,SHP002982,Customs,9,0.77,0.78
EVT000329,SHP002285,Port Congestion,2,0.42,0.06
EVT000330,SHP001798,Mechanical,14,0.55,0.4
EVT000331,SHP002206,Mechanical,8,0.71,0.97
EVT000332,SHP002714,Weather,12,0.81,0.65
EVT000333,SHP002212,Customs,9,0.17,0.82
EVT000334,SHP000077,Customs,11,0.3,0.6
EVT000335,SHP000077,Customs,3,0.76,0.43
EVT000336,SHP001820,Port Congestion,9,0.72,0.88
EVT000337,SHP002858,Weather,6,0.0,0.91
EVT000338,SHP002202,Port Congestion,13,0.6,0.26
EVT000339,SHP001464,Mechanical,6,0.16,0.53
EVT000340,SHP001858,Customs,9,0.02,0.68
EVT000341,SHP002344,Weather,9,0.63,0.51
EVT000342,SHP000820,Weather,6,0.35,0.14
EVT000343,SHP002772,Weather,7,0.84,0.06
EVT000344,SHP001294,Mechanical,13,1.0,0.06
EVT000345,SHP002426,Weather,3,0.73,0.92
EVT000346,SHP001702,Mechanical,8,0.44,0.29
EVT000347,SHP002206,Customs,14,0.48,0.35
EVT000348,SHP000011,Mechanical,14,0.79,0.88
EVT000349,SHP000369,Mechanical,10,0.55,0.59
EVT000350,SHP002046,Port Congestion,11,0.26,0.78
EVT000351,SHP000796,Mechanical,3,0.1,0.02
EVT000352,SHP001192,Weather,11,0.45,0.94
EVT000353,SHP001491,Weather,14,0.31,0.72
EVT000354,SHP001164,Customs,3,0.03,0.28
EVT000355,SHP001068,Weather,5,0.2,0.18
EVT000356,SHP001741,Customs,1,0.32,0.67
EVT000357,SHP002454,Mechanical,7,0.88,0.37
EVT000358,SHP001296,Customs,6,0.56,0.36
EVT000359,SHP002986,Port Congestion,13,0.65,0.49
EVT000360,SHP002899,Port Congestion,13,0.07,0.71
EVT000361,SHP000791,Port Congestion,14,0.43,0.12
EVT000362,SHP002297,Weather,2,0.05,0.19
EVT000363,SHP001674,Port Congestion,14,0.8,0.47
EVT000364,SHP000474,Port Congestion,5,0.75,0.38
EVT000365,SHP002132,Mechanical,14,0.65,0.48
EVT000366,SHP001246,Port Congestion,8,0.26,0.5
EVT000367,SHP001356,Weather,8,0.14,0.27
EVT000368,SHP002548,Customs,13,0.17,0.6
EVT000369,SHP002232,Customs,3,0.33,0.47
EVT000370,SHP001749,Mechanical,6,0.57,0.1
EVT000371,SHP002088,Customs,5,0.93,0.23
EVT000372,SHP000725,Port Congestion,9,1.0,0.68
EVT000373,SHP001288,Port Congestion,10,0.03,0.73
EVT000374,SHP001599,Customs,13,0.56,0.33
EVT000375,SHP000883,Customs,12,0.23,0.58
EVT000376,SHP001337,Weather,7,0.26,0.29
EVT000377,SHP000097,Customs,11,0.79,0.98
EVT000378,SHP000970,Mechanical,13,0.68,0.02
EVT000379,SHP000353,Customs,4,0.64,0.0
EVT000380,SHP002985,Port Congestion,2,0.91,0.3
EVT000381,SHP002744,Port Congestion,4,0.98,0.47
EVT000382,SHP000693,Mechanical,8,0.11,0.29
EVT000383,SHP001880,Port Congestion,12,0.17,0.44
EVT000384,SHP001819,Mechanical,6,0.37,0.46
EVT000385,SHP000589,Mechanical,8,0.91,0.74
EVT000386,SHP001493,Mechanical,6,0.1,0.45
EVT000387,SHP000731,Mechanical,3,0.07,0.93
EVT000388,SHP000169,Customs,3,0.39,0.84
EVT000389,SHP000704,Port Congestion,7,0.33,0.61
EVT000390,SHP000080,Weather,4,0.27,0.38
EVT000391,SHP002304,Weather,8,0.16,0.66
EVT000392,SHP000887,Weather,13,0.54,0.78
EVT000393,SHP002780,Mechanical,8,0.57,0.28
EVT000394,SHP002377,Weather,1,0.02,0.77
EVT000395,SHP002822,Mechanical,4,0.95,1.0
EVT000396,SHP000278,Customs,11,0.44,0.27
EVT000397,SHP002120,Weather,14,0.13,0.72
EVT000398,SHP000746,Port Congestion,14,0.4,0.38
EVT000399,SHP001445,Port Congestion,11,0.39,0.64
EVT000400,SHP002250,Port Congestion,12,0.99,0.76
EVT000401,SHP001572,Mechanical,5,0.71,0.64
EVT000402,SHP001447,Mechanical,3,0.25,0.98
EVT000403,SHP001541,Mechanical,14,0.31,0.57
EVT000404,SHP002385,Weather,8,0.86,0.93
EVT000405,SHP001594,Mechanical,14,0.19,0.08
EVT000406,SHP002512,Mechanical,13,0.06,0.41
EVT000407,SHP002393,Port Congestion,1,0.64,0.36
EVT000408,SHP000213,Mechanical,1,0.39,0.33
EVT000409,SHP000788,Customs,3,0.8,0.27
EVT000410,SHP001249,Mechanical,6,0.66,0.28
EVT000411,SHP002276,Mechanical,3,0.49,0.31
EVT000412,SHP000447,Customs,7,0.06,0.72
EVT000413,SHP002661,Weather,7,0.95,0.59
EVT000414,SHP000061,Weather,13,0.73,0.68
EVT000415,SHP002342,Port Congestion,9,0.54,0.47
EVT000416,SHP001658,Port Congestion,11,0.27,0.53
EVT000417,SHP002228,Customs,7,0.21,0.92
EVT000418,SHP000605,Customs,12,0.05,0.25
EVT000419,SHP000803,Port Congestion,3,0.57,0.63
EVT000420,SHP000799,Port Congestion,11,0.52,0.82
EVT000421,SHP000865,Port Congestion,13,0.17,0.45
EVT000422,SHP002486,Customs,8,0.68,0.71
EVT000423,SHP000692,Mechanical,13,0.18,0.1
EVT000424,SHP002277,Customs,6,0.98,0.89
EVT000425,SHP001116,Weather,7,0.18,0.49
EVT000426,SHP000480,Mechanical,8,0.64,0.35
EVT000427,SHP000400,Weather,2,0.5,0.35
EVT000428,SHP002640,Customs,4,0.21,0.32
EVT000429,SHP001710,Port Congestion,5,0.98,0.49
EVT000430,SHP000743,Weather,2,0.97,0.57
EVT000431,SHP001332,Weather,12,0.62,1.0
EVT000432,SHP001179,Mechanical,5,0.66,0.17
EVT000433,SHP001001,Port Congestion,3,0.72,0.77
EVT000434,SHP001136,Port Congestion,8,0.17,0.73
EVT000435,SHP002542,Mechanical,9,0.84,0.81
EVT000436,SHP002545,Customs,14,0.35,0.17
EVT000437,SHP002610,Customs,6,0.77,0.86
EVT000438,SHP002360,Customs,5,0.54,0.88
EVT000439,SHP001298,Weather,11,0.03,0.82
EVT000440,SHP001556,Mechanical,7,0.48,0.23
EVT000441,SHP000756,Customs,11,0.98,0.74
EVT000442,SHP000566,Mechanical,1,0.61,0.49
EVT000443,SHP001779,Weather,11,0.45,0.99
EVT000444,SHP001023,Customs,12,0.07,0.55
EVT000445,SHP001951,Weather,11,0.9,0.78
EVT000446,SHP002788,Port Congestion,3,0.95,0.84
EVT000447,SHP002341,Customs,10,0.71,0.98
EVT000448,SHP000750,Weather,8,0.52,0.95
EVT000449,SHP001754,Weather,3,0.88,0.61
EVT000450,SHP002734,Weather,6,0.56,0.77
EVT000451,SHP002515,Customs,11,0.6,0.62
EVT000452,SHP000356,Weather,10,0.39,0.47
EVT000453,SHP002200,Weather,10,0.03,0.65
EVT000454,SHP001370,Weather,10,0.99,0.08
EVT000455,SHP000542,Customs,10,0.21,0.39
EVT000456,SHP001214,Customs,3,0.76,0.23
EVT000457,SHP000515,Weather,6,0.86,0.44
EVT000458,SHP000786,Weather,8,0.24,0.6
EVT000459,SHP000382,Weather,13,0.65,0.88
EVT000460,SHP001329,Mechanical,8,0.79,0.64
EVT000461,SHP000545,Customs,11,0.73,0.19
EVT000462,SHP002837,Port Congestion,1,0.04,0.11
EVT000463,SHP001747,Weather,11,0.86,0.37
EVT000464,SHP001394,Port Congestion,12,0.99,0.28
EVT000465,SHP000562,Weather,12,0.23,0.68
EVT000466,SHP001739,Weather,3,0.59,0.91
EVT000467,SHP002590,Port Congestion,3,0.47,0.23
EVT000468,SHP001521,Mechanical,3,0.92,0.93
EVT000469,SHP000461,Weather,6,0.31,0.03
EVT000470,SHP000144,Customs,7,0.9,0.06
EVT000471,SHP000491,Weather,7,0.14,0.86
EVT000472,SHP000134,Port Congestion,13,0.38,0.13
EVT000473,SHP000063,Mechanical,11,0.59,0.54
EVT000474,SHP000587,Mechanical,14,0.76,0.64
EVT000475,SHP002775,Mechanical,5,0.56,0.31
EVT000476,SHP001389,Port Congestion,11,0.49,0.0
EVT000477,SHP000416,Port Congestion,12,0.88,0.63
EVT000478,SHP001574,Customs,6,0.36,0.31
EVT000479,SHP002419,Weather,1,0.98,0.2
EVT000480,SHP002439,Port Congestion,9,0.16,0.44
EVT000481,SHP000443,Customs,11,0.67,0.22
EVT000482,SHP000097,Port Congestion,6,0.86,0.49
EVT000483,SHP000616,Mechanical,12,0.7,0.47
EVT000484,SHP002264,Weather,8,0.76,0.98
EVT000485,SHP002585,Port Congestion,2,0.09,0.23
EVT000486,SHP001765,Customs,10,0.88,0.56
EVT000487,SHP001415,Customs,4,0.07,0.98
EVT000488,SHP000024,Port Congestion,13,0.73,0.72
EVT000489,SHP002672,Mechanical,8,0.28,0.1
EVT000490,SHP001579,Weather,6,0.5,0.03
EVT000491,SHP001276,Port Congestion,8,0.48,0.15
EVT000492,SHP002099,Port Congestion,5,0.21,0.74
EVT000493,SHP002986,Mechanical,4,0.54,0.43
EVT000494,SHP000350,Mechanical,11,0.19,0.21
EVT000495,SHP002302,Port Congestion,11,0.93,0.89
EVT000496,SHP002470,Port Congestion,5,0.55,0.27
EVT000497,SHP001866,Weather,6,0.52,0.23
EVT000498,SHP002216,Customs,10,0.41,0.58
EVT000499,SHP002052,Mechanical,14,0.25,0.43
EVT000500,SHP001415,Mechanical,7,0.98,0.94
EVT000501,SHP000602,Weather,5,0.67,0.44
EVT000502,SHP001669,Weather,2,0.4,0.44
EVT000503,SHP002141,Customs,14,0.23,0.52
EVT000504,SHP001645,Customs,2,0.52,0.4
EVT000505,SHP002182,Weather,4,0.65,0.85
EVT000506,SHP002984,Port Congestion,6,0.94,0.12
EVT000507,SHP000997,Port Congestion,5,0.41,0.66
EVT000508,SHP000320,Customs,9,0.51,0.62
EVT000509,SHP001581,Customs,5,0.48,0.8
EVT000510,SHP001107,Port Congestion,7,1.0,0.51
EVT000511,SHP000618,Customs,8,0.35,0.74
EVT000512,SHP000986,Mechanical,9,0.39,0.34
EVT000513,SHP000834,Mechanical,13,0.61,0.72
EVT000514,SHP002067,Port Congestion,4,0.72,0.2
EVT000515,SHP000073,Mechanical,5,0.09,0.46
EVT000516,SHP000831,Port Congestion,11,0.66,0.32
EVT000517,SHP002619,Customs,4,0.26,0.59
EVT000518,SHP001879,Customs,4,0.36,0.65
EVT000519,SHP000134,Weather,5,0.89,0.03
EVT000520,SHP002411,Port Congestion,2,0.8,0.29
EVT000521,SHP001965,Mechanical,6,0.54,0.65
EVT000522,SHP002794,Port Congestion,10,0.05,0.59
EVT000523,SHP002646,Mechanical,1,0.11,0.35
EVT000524,SHP002654,Weather,7,0.18,0.21
EVT000525,SHP001949,Mechanical,11,0.06,0.43
EVT000526,SHP001223,Customs,6,0.23,0.21
EVT000527,SHP001834,Port Congestion,13,0.29,0.16
EVT000528,SHP000024,Weather,12,0.11,0.01
EVT000529,SHP001086,Weather,6,0.42,0.56
EVT000530,SHP001712,Mechanical,11,0.6,0.44
EVT000531,SHP001324,Mechanical,9,0.57,0.39
EVT000532,SHP001448,Weather,1,0.85,0.54
EVT000533,SHP002735,Weather,14,0.03,0.19
EVT000534,SHP000094,Port Congestion,2,0.62,0.82
EVT000535,SHP002304,Port Congestion,8,0.73,0.6
EVT000536,SHP002954,Port Congestion,6,0.05,0.42
EVT000537,SHP002663,Weather,2,0.36,0.24
EVT000538,SHP000980,Weather,14,0.1,0.22
EVT000539,SHP001147,Port Congestion,13,0.94,0.14
EVT000540,SHP001997,Customs,6,0.1,0.92
EVT000541,SHP000115,Mechanical,9,0.22,0.41
EVT000542,SHP002656,Port Congestion,7,0.72,0.49
EVT000543,SHP002229,Port Congestion,13,0.03,0.77
EVT000544,SHP000056,Customs,8,0.37,0.77
EVT000545,SHP002993,Port Congestion,5,0.81,0.05
EVT000546,SHP000466,Port Congestion,2,0.19,0.28
EVT000547,SHP001394,Port Congestion,8,0.46,0.49
EVT000548,SHP002806,Customs,13,0.61,0.0
EVT000549,SHP000364,Port Congestion,9,0.05,0.82
EVT000550,SHP001886,Customs,6,0.31,0.64
EVT000551,SHP001329,Customs,11,0.09,0.2
EVT000552,SHP001938,Mechanical,13,0.86,0.37
EVT000553,SHP002472,Weather,14,0.67,0.56
EVT000554,SHP000506,Mechanical,2,0.53,0.99
EVT000555,SHP002009,Weather,8,0.65,0.12
EVT000556,SHP002055,Weather,6,0.49,0.45
EVT000557,SHP000105,Weather,6,0.3,0.78
EVT000558,SHP002174,Mechanical,4,0.33,0.27
EVT000559,SHP002182,Customs,11,0.49,0.06
EVT000560,SHP001354,Mechanical,9,0.26,0.73
EVT000561,SHP001810,Mechanical,12,0.66,0.77
EVT000562,SHP002454,Mechanical,14,0.79,0.84
EVT000563,SHP002399,Customs,7,0.52,0.38
EVT000564,SHP000189,Mechanical,11,0.93,0.03
EVT000565,SHP002119,Weather,7,0.84,0.41
EVT000566,SHP001346,Mechanical,10,0.98,0.35
EVT000567,SHP002356,Customs,5,0.89,0.93
EVT000568,SHP002111,Mechanical,8,0.58,0.47
EVT000569,SHP000838,Customs,10,0.78,0.78
EVT000570,SHP000834,Mechanical,9,0.27,0.92
EVT000571,SHP002359,Weather,2,0.19,0.16
EVT000572,SHP000789,Port Congestion,8,0.17,0.96
EVT000573,SHP000499,Port Congestion,2,0.15,0.34
EVT000574,SHP001493,Mechanical,4,0.92,0.75
EVT000575,SHP000038,Customs,2,0.29,0.49
EVT000576,SHP001087,Mechanical,1,0.96,0.3
EVT000577,SHP001104,Weather,10,0.44,0.13
EVT000578,SHP001754,Mechanical,7,0.2,0.63
EVT000579,SHP002936,Port Congestion,7,0.46,0.94
EVT000580,SHP000067,Weather,12,0.8,0.47
EVT000581,SHP000408,Mechanical,8,0.15,0.66
EVT000582,SHP000750,Port Congestion,3,0.35,0.14
EVT000583,SHP000208,Port Congestion,12,0.29,0.78
EVT000584,SHP001594,Customs,12,0.61,0.41
EVT000585,SHP002476,Customs,6,0.1,0.23
EVT000586,SHP000196,Mechanical,8,0.18,0.36
EVT000587,SHP002537,Weather,1,0.07,0.7
EVT000588,SHP001899,Weather,1,0.52,0.36
EVT000589,SHP000992,Mechanical,9,0.87,0.22
EVT000590,SHP000350,Port Congestion,14,0.61,0.32
EVT000591,SHP001944,Mechanical,13,0.73,0.36
EVT000592,SHP002783,Weather,11,0.1,0.35
EVT000593,SHP002886,Customs,8,0.55,0.78
EVT000594,SHP001104,Mechanical,10,0.99,0.99
EVT000595,SHP002963,Port Congestion,11,0.48,0.05
EVT000596,SHP002564,Port Congestion,3,0.06,0.82
EVT000597,SHP002738,Mechanical,8,0.0,0.6
EVT000598,SHP002492,Weather,6,1.0,0.47
EVT000599,SHP001881,Mechanical,3,0.86,0.41
EVT000600,SHP002345,Port Congestion,5,0.89,0.37
EVT000601,SHP000672,Customs,11,0.38,0.57
EVT000602,SHP002716,Customs,3,0.25,0.72
EVT000603,SHP000785,Mechanical,11,0.43,0.64
EVT000604,SHP001069,Mechanical,5,0.03,0.06
EVT000605,SHP001929,Customs,11,0.29,0.12
EVT000606,SHP000499,Port Congestion,12,0.18,0.43
EVT000607,SHP002389,Customs,12,0.49,0.47
EVT000608,SHP002229,Mechanical,7,0.75,0.39
EVT000609,SHP000818,Port Congestion,1,0.56,0.88
EVT000610,SHP000614,Port Congestion,1,0.08,0.69
EVT000611,SHP002084,Weather,10,0.44,0.34
EVT000612,SHP001735,Mechanical,12,0.21,0.2
EVT000613,SHP001749,Customs,10,0.03,0.76
EVT000614,SHP002872,Mechanical,7,0.37,0.04
EVT000615,SHP002866,Customs,4,0.98,0.84
EVT000616,SHP002766,Customs,5,0.2,0.19
EVT000617,SHP002496,Port Congestion,11,0.15,0.59
EVT000618,SHP002619,Customs,6,0.81,0.02
EVT000619,SHP001801,Customs,3,0.46,0.31
EVT000620,SHP000850,Weather,3,0.83,0.57
EVT000621,SHP000957,Port Congestion,12,0.2,0.98
EVT000622,SHP000703,Mechanical,13,0.72,0.36
EVT000623,SHP001950,Weather,4,0.38,0.21
EVT000624,SHP001953,Customs,4,0.76,0.66
EVT000625,SHP000623,Mechanical,6,0.17,0.39
EVT000626,SHP000580,Mechanical,12,0.36,0.49
EVT000627,SHP001121,Customs,10,0.5,0.24
EVT000628,SHP000536,Weather,1,0.05,0.83
EVT000629,SHP002196,Port Congestion,6,0.36,0.21
EVT000630,SHP002911,Mechanical,14,0.92,0.01
EVT000631,SHP000499,Port Congestion,2,0.84,0.92
EVT000632,SHP000850,Customs,8,0.89,0.7
EVT000633,SHP001719,Customs,9,0.66,0.03
EVT000634,SHP001460,Customs,14,0.55,0.54
EVT000635,SHP000460,Mechanical,5,0.46,0.64
EVT000636,SHP000140,Port Congestion,2,0.03,0.74
EVT000637,SHP002604,Mechanical,5,0.89,0.39
EVT000638,SHP002418,Mechanical,5,0.24,0.15
EVT000639,SHP001114,Mechanical,7,0.97,0.38
EVT000640,SHP001763,Customs,7,0.52,0.18
EVT000641,SHP001812,Port Congestion,9,0.85,0.19
EVT000642,SHP001362,Weather,8,0.6,0.88
EVT000643,SHP000029,Weather,14,0.62,0.25
EVT000644,SHP000054,Weather,10,0.85,0.0
EVT000645,SHP000130,Mechanical,5,0.12,0.12
EVT000646,SHP001289,Port Congestion,14,0.57,0.64
EVT000647,SHP000447,Port Congestion,5,0.4,0.63
EVT000648,SHP002421,Mechanical,8,0.65,0.37
EVT000649,SHP001265,Weather,11,0.08,0.72
EVT000650,SHP001378,Port Congestion,13,0.64,0.52
EVT000651,SHP001547,Weather,1,0.69,0.2
EVT000652,SHP002014,Customs,6,0.77,0.18
EVT000653,SHP000715,Weather,8,0.68,0.01
EVT000654,SHP001400,Customs,12,0.27,0.82
EVT000655,SHP002470,Weather,5,0.95,0.32
EVT000656,SHP001102,Customs,13,0.38,0.57
EVT000657,SHP000576,Weather,2,0.23,0.96
EVT000658,SHP000758,Mechanical,2,0.87,0.72
EVT000659,SHP001200,Weather,3,0.58,0.08
EVT000660,SHP002272,Weather,14,0.09,0.2
EVT000661,SHP001716,Weather,2,0.79,0.25
EVT000662,SHP002980,Weather,1,0.45,0.47
EVT000663,SHP002464,Port Congestion,2,0.61,0.64
EVT000664,SHP000615,Port Congestion,6,0.32,0.15
EVT000665,SHP002768,Mechanical,13,0.32,0.22
EVT000666,SHP001465,Customs,9,0.36,0.97
EVT000667,SHP000458,Weather,14,0.33,0.81
EVT000668,SHP002900,Port Congestion,2,0.76,0.27
EVT000669,SHP002328,Port Congestion,10,0.74,0.21
EVT000670,SHP000203,Port Congestion,12,0.17,0.58
EVT000671,SHP001277,Port Congestion,7,0.29,0.79
EVT000672,SHP001964,Port Congestion,12,0.05,0.89
EVT000673,SHP002564,Mechanical,1,0.09,0.65
EVT000674,SHP002804,Port Congestion,9,0.13,0.75
EVT000675,SHP000640,Customs,5,0.19,0.22
EVT000676,SHP000078,Port Congestion,12,0.9,0.88
EVT000677,SHP000147,Mechanical,5,0.7,0.55
EVT000678,SHP002929,Customs,2,0.62,0.73
EVT000679,SHP000683,Weather,6,0.46,0.43
EVT000680,SHP000511,Mechanical,12,0.15,0.1
EVT000681,SHP001253,Customs,1,0.85,0.25
EVT000682,SHP000993,Port Congestion,11,0.75,0.02
EVT000683,SHP000115,Customs,13,0.09,0.82
EVT000684,SHP000253,Port Congestion,4,0.48,0.0
EVT000685,SHP000844,Customs,5,0.34,0.15
EVT000686,SHP000658,Port Congestion,14,0.36,0.54
EVT000687,SHP000401,Mechanical,10,0.68,0.66
EVT000688,SHP001529,Mechanical,13,0.91,0.43
EVT000689,SHP002670,Customs,6,0.14,0.38
EVT000690,SHP002323,Weather,13,0.72,0.06
EVT000691,SHP000043,Weather,8,0.38,0.48
EVT000692,SHP001979,Port Congestion,8,0.76,0.29
EVT000693,SHP001635,Mechanical,7,0.58,0.55
EVT000694,SHP002179,Port Congestion,9,0.08,0.1
EVT000695,SHP000979,Customs,12,0.48,0.86
EVT000696,SHP000821,Customs,12,0.42,0.02
EVT000697,SHP000135,Mechanical,10,0.4,0.88
EVT000698,SHP000748,Customs,8,0.98,0.59
EVT000699,SHP001350,Mechanical,8,0.73,0.89
EVT000700,SHP001038,Customs,7,0.24,0.51
EVT000701,SHP001974,Mechanical,9,0.87,0.59
EVT000702,SHP001372,Customs,1,0.65,0.37
EVT000703,SHP002435,Port Congestion,12,0.33,0.0
EVT000704,SHP000167,Customs,2,0.19,0.98
EVT000705,SHP001359,Customs,12,0.96,0.49
EVT000706,SHP002259,Customs,7,0.93,0.89
EVT000707,SHP001557,Mechanical,14,0.76,0.28
EVT000708,SHP000177,Customs,5,0.63,0.14
EVT000709,SHP002978,Weather,2,0.69,0.6
EVT000710,SHP001331,Mechanical,7,0.11,0.01
EVT000711,SHP001107,Mechanical,9,0.51,0.25
EVT000712,SHP000915,Customs,7,0.77,0.97
EVT000713,SHP002185,Customs,13,0.95,0.59
EVT000714,SHP002898,Weather,6,0.09,0.87
EVT000715,SHP002405,Mechanical,7,0.98,0.08
EVT000716,SHP001370,Weather,5,0.01,0.59
EVT000717,SHP002051,Port Congestion,3,0.66,0.39
EVT000718,SHP002059,Weather,8,0.13,0.44
EVT000719,SHP000123,Port Congestion,7,0.78,0.72
EVT000720,SHP001731,Customs,12,0.58,0.86
EVT000721,SHP001745,Customs,13,0.11,0.6
EVT000722,SHP000445,Port Congestion,13,0.95,0.78
EVT000723,SHP000993,Weather,7,0.33,0.05
EVT000724,SHP002095,Weather,3,0.73,0.43
EVT000725,SHP002508,Weather,7,0.36,0.6
EVT000726,SHP002112,Port Congestion,11,0.57,0.12
EVT000727,SHP001166,Port Congestion,2,0.7,0.73
EVT000728,SHP002562,Weather,4,0.06,0.91
EVT000729,SHP002763,Mechanical,4,0.05,0.83
EVT000730,SHP000271,Weather,7,0.4,0.66
EVT000731,SHP001827,Weather,11,0.89,0.75
EVT000732,SHP000298,Customs,3,0.67,0.22
EVT000733,SHP002089,Customs,5,0.98,0.66
EVT000734,SHP000993,Mechanical,4,0.16,0.16
EVT000735,SHP002499,Port Congestion,6,0.1,0.88
EVT000736,SHP000627,Port Congestion,10,0.58,0.76
EVT000737,SHP002832,Customs,9,0.23,0.11
EVT000738,SHP000797,Mechanical,4,0.97,0.67
EVT000739,SHP000872,Weather,5,0.54,0.06
EVT000740,SHP000478,Customs,9,0.96,0.78
EVT000741,SHP001302,Port Congestion,4,0.13,0.33
EVT000742,SHP000323,Port Congestion,10,0.03,0.27
EVT000743,SHP001608,Weather,1,0.44,0.81
EVT000744,SHP002688,Port Congestion,12,0.57,0.42
EVT000745,SHP001024,Weather,6,0.44,0.43
EVT000746,SHP002582,Port Congestion,2,0.5,0.33
EVT000747,SHP002156,Weather,6,0.6,0.75
EVT000748,SHP000312,Port Congestion,13,0.17,0.22
EVT000749,SHP002907,Port Congestion,5,0.28,0.74
EVT000750,SHP002731,Mechanical,4,0.24,0.46
EVT000751,SHP000757,Mechanical,10,0.47,0.14
EVT000752,SHP001766,Weather,14,0.13,0.35
EVT000753,SHP002234,Port Congestion,12,0.57,0.62
EVT000754,SHP000100,Mechanical,11,0.79,0.73
EVT000755,SHP002777,Customs,13,0.53,0.65
EVT000756,SHP001952,Port Congestion,14,0.21,0.57
EVT000757,SHP002677,Port Congestion,2,0.41,0.19
EVT000758,SHP001274,Weather,3,1.0,0.37
EVT000759,SHP002729,Weather,7,0.23,0.65
EVT000760,SHP002492,Mechanical,4,0.52,0.46
EVT000761,SHP002759,Customs,2,0.7,0.56
EVT000762,SHP002670,Mechanical,6,0.29,0.06
EVT000763,SHP001154,Port Congestion,1,0.68,0.05
EVT000764,SHP002335,Weather,1,0.49,0.97
EVT000765,SHP000485,Mechanical,14,0.1,0.85
EVT000766,SHP001179,Weather,10,0.21,0.13
EVT000767,SHP001882,Port Congestion,5,0.36,0.24
EVT000768,SHP000290,Customs,10,0.2,0.05
EVT000769,SHP001913,Customs,12,0.08,0.51
EVT000770,SHP002932,Customs,9,0.38,0.5
EVT000771,SHP000871,Mechanical,10,0.77,0.28
EVT000772,SHP002669,Mechanical,7,0.74,0.98
EVT000773,SHP002563,Port Congestion,11,0.64,0.72
EVT000774,SHP000122,Customs,14,0.13,0.09
EVT000775,SHP002384,Customs,6,0.33,0.94
EVT000776,SHP001361,Mechanical,12,0.15,0.58
EVT000777,SHP001131,Mechanical,8,0.43,0.03
EVT000778,SHP002126,Port Congestion,9,0.53,0.51
EVT000779,SHP002597,Mechanical,13,0.94,0.92
EVT000780,SHP000101,Customs,1,0.31,0.34
EVT000781,SHP002312,Weather,10,0.69,0.37
EVT000782,SHP000780,Port Congestion,10,0.26,0.87
EVT000783,SHP000023,Customs,6,0.11,0.59
EVT000784,SHP001594,Port Congestion,6,0.43,0.96
EVT000785,SHP000230,Weather,8,0.93,0.16
EVT000786,SHP002917,Weather,6,0.33,0.59
EVT000787,SHP002735,Port Congestion,12,0.4,0.79
EVT000788,SHP000103,Weather,6,0.92,0.31
EVT000789,SHP001162,Weather,12,0.2,0.81
EVT000790,SHP000586,Mechanical,13,0.48,0.1
EVT000791,SHP001052,Customs,4,0.76,0.02
EVT000792,SHP002130,Customs,5,0.49,0.6
EVT000793,SHP001008,Port Congestion,4,0.29,0.74
EVT000794,SHP000923,Weather,4,0.64,0.48
EVT000795,SHP001090,Port Congestion,1,0.67,0.9
EVT000796,SHP002850,Weather,11,0.11,0.55
EVT000797,SHP002906,Mechanical,6,0.39,0.66
EVT000798,SHP002631,Mechanical,2,0.93,0.59
EVT000799,SHP001144,Mechanical,11,0.68,0.9
EVT000800,SHP002991,Customs,11,0.74,0.12
EVT000801,SHP000396,Customs,10,0.18,0.09
EVT000802,SHP002074,Mechanical,11,0.97,0.67
EVT000803,SHP000032,Weather,13,0.54,0.08
EVT000804,SHP001503,Weather,1,0.04,0.71
EVT000805,SHP001534,Customs,10,0.12,0.64
EVT000806,SHP000343,Weather,4,0.06,0.06
EVT000807,SHP000489,Mechanical,9,0.66,0.85
EVT000808,SHP000024,Port Congestion,4,1.0,0.48
EVT000809,SHP001424,Port Congestion,11,0.76,0.61
EVT000810,SHP002135,Customs,6,0.98,0.36
EVT000811,SHP001728,Port Congestion,11,0.33,0.27
EVT000812,SHP000482,Mechanical,14,0.14,0.36
EVT000813,SHP002465,Weather,2,0.77,0.98
EVT000814,SHP000047,Weather,1,0.35,0.19
EVT000815,SHP001081,Customs,4,0.43,0.04
EVT000816,SHP000930,Customs,14,0.02,0.2
EVT000817,SHP002286,Port Congestion,7,0.39,0.59
EVT000818,SHP002594,Weather,1,0.97,0.52
EVT000819,SHP002780,Mechanical,14,0.51,0.87
EVT000820,SHP002493,Weather,8,0.6,0.16
EVT000821,SHP000892,Weather,6,0.9,0.23
EVT000822,SHP001015,Weather,3,0.45,0.74
EVT000823,SHP001299,Customs,13,0.08,0.73
EVT000824,SHP001822,Port Congestion,14,0.5,0.33
EVT000825,SHP002349,Port Congestion,6,0.54,0.84
EVT000826,SHP002941,Mechanical,13,0.95,0.64
EVT000827,SHP000009,Mechanical,11,0.9,0.88
EVT000828,SHP000318,Port Congestion,8,0.31,0.36
EVT000829,SHP001575,Customs,4,0.81,0.06
EVT000830,SHP000728,Weather,6,0.05,0.65
EVT000831,SHP001061,Mechanical,6,0.08,0.58
EVT000832,SHP001665,Port Congestion,4,0.38,0.64
EVT000833,SHP000131,Weather,7,0.67,0.24
EVT000834,SHP002553,Port Congestion,11,0.74,0.18
EVT000835,SHP001139,Customs,8,0.37,0.89
EVT000836,SHP001173,Port Congestion,11,0.73,0.61
EVT000837,SHP001589,Port Congestion,9,0.78,0.48
EVT000838,SHP002087,Mechanical,11,0.6,0.91
EVT000839,SHP001512,Port Congestion,5,0.23,0.03
EVT000840,SHP000157,Mechanical,5,0.4,0.81
EVT000841,SHP002854,Customs,4,0.82,0.55
EVT000842,SHP002861,Customs,11,0.65,0.45
EVT000843,SHP000132,Mechanical,5,0.06,0.97
EVT000844,SHP002644,Mechanical,6,0.52,0.95
EVT000845,SHP000066,Weather,14,0.2,0.28
EVT000846,SHP000936,Customs,6,0.87,0.26
EVT000847,SHP001534,Customs,10,0.32,0.31
EVT000848,SHP002679,Mechanical,8,0.27,0.58
EVT000849,SHP001601,Mechanical,3,0.49,0.45
EVT000850,SHP000673,Customs,3,0.38,0.88
EVT000851,SHP000529,Weather,7,0.3,0.07
EVT000852,SHP001579,Mechanical,10,0.21,0.55
EVT000853,SHP002018,Port Congestion,9,0.55,0.22
EVT000854,SHP002176,Weather,4,0.02,0.78
EVT000855,SHP000322,Port Congestion,6,0.87,0.09
EVT000856,SHP002816,Mechanical,10,0.18,0.15
EVT000857,SHP001725,Mechanical,12,0.59,0.05
EVT000858,SHP001113,Port Congestion,11,0.99,0.73
EVT000859,SHP000837,Port Congestion,10,0.13,0.54
EVT000860,SHP000836,Weather,14,0.31,0.31
EVT000861,SHP001569,Weather,12,0.57,0.78
EVT000862,SHP000453,Customs,7,0.96,0.83
EVT000863,SHP001697,Customs,14,0.87,0.25
EVT000864,SHP001372,Mechanical,8,0.05,0.57
EVT000865,SHP002880,Mechanical,14,0.77,0.62
EVT000866,SHP002450,Customs,14,0.78,0.55
EVT000867,SHP001543,Weather,11,0.43,0.22
EVT000868,SHP000629,Mechanical,7,0.36,0.66
EVT000869,SHP000848,Mechanical,12,0.01,0.48
EVT000870,SHP000371,Port Congestion,2,0.83,0.78
EVT000871,SHP001405,Mechanical,12,0.49,0.25
EVT000872,SHP001783,Weather,9,0.08,0.4
EVT000873,SHP001439,Port Congestion,6,0.85,0.89
EVT000874,SHP001453,Weather,11,0.37,0.4
EVT000875,SHP000558,Customs,1,0.6,0.44
EVT000876,SHP000898,Mechanical,2,0.62,0.44
EVT000877,SHP000016,Weather,2,0.61,0.28
EVT000878,SHP000159,Customs,6,0.4,0.86
EVT000879,SHP000198,Mechanical,7,0.18,0.4
EVT000880,SHP001151,Weather,5,0.4,0.84
EVT000881,SHP001995,Customs,9,0.69,0.93
EVT000882,SHP001479,Mechanical,11,0.07,0.46
EVT000883,SHP000132,Weather,1,0.48,0.86
EVT000884,SHP002234,Port Congestion,6,0.65,0.34
EVT000885,SHP001029,Weather,2,0.76,0.48
EVT000886,SHP002703,Mechanical,10,0.68,0.13
EVT000887,SHP000080,Weather,2,0.91,0.49
EVT000888,SHP001953,Mechanical,11,0.87,0.98
EVT000889,SHP000552,Port Congestion,6,0.75,0.01
EVT000890,SHP002788,Weather,11,0.62,0.12
EVT000891,SHP000297,Customs,4,0.15,0.68
EVT000892,SHP002223,Port Congestion,13,0.13,0.76
EVT000893,SHP002551,Port Congestion,3,0.4,0.19
EVT000894,SHP000743,Weather,1,0.8,0.64
EVT000895,SHP001864,Port Congestion,3,0.6,0.26
EVT000896,SHP001407,Mechanical,10,0.88,0.79
EVT000897,SHP002907,Customs,13,0.47,0.18
EVT000898,SHP002582,Customs,5,0.08,0.31
EVT000899,SHP002259,Port Congestion,1,0.69,0.02
EVT000900,SHP001531,Weather,12,0.53,0.9
EVT000901,SHP001219,Mechanical,1,0.92,0.46
EVT000902,SHP002255,Weather,7,0.69,0.27
EVT000903,SHP002631,Mechanical,2,0.21,0.53
EVT000904,SHP001090,Weather,3,0.21,0.23
EVT000905,SHP002618,Port Congestion,2,0.06,0.97
EVT000906,SHP002039,Mechanical,7,0.41,0.54
EVT000907,SHP002987,Weather,8,0.73,0.24
EVT000908,SHP000322,Mechanical,13,0.16,0.95
EVT000909,SHP002794,Weather,2,0.87,0.1
EVT000910,SHP001349,Mechanical,6,0.59,0.75
EVT000911,SHP001016,Mechanical,2,0.15,0.58
EVT000912,SHP002796,Weather,6,0.0,0.04
EVT000913,SHP001955,Customs,6,0.96,0.31
EVT000914,SHP001688,Mechanical,14,0.98,0.96
EVT000915,SHP000675,Mechanical,10,0.55,0.51
EVT000916,SHP002034,Mechanical,9,0.85,0.96
EVT000917,SHP001356,Customs,11,0.79,0.15
EVT000918,SHP002474,Port Congestion,10,0.24,0.97
EVT000919,SHP000185,Weather,1,0.09,0.68
EVT000920,SHP000266,Mechanical,11,0.93,0.55
EVT000921,SHP000499,Weather,1,0.8,0.76
EVT000922,SHP001711,Customs,6,0.47,0.53
EVT000923,SHP001428,Weather,4,0.95,0.18
EVT000924,SHP001360,Customs,11,0.97,0.81
EVT000925,SHP000084,Port Congestion,12,0.65,0.18
EVT000926,SHP002708,Weather,5,0.51,0.1
EVT000927,SHP000509,Weather,1,0.34,0.65
EVT000928,SHP000911,Customs,11,0.31,0.39
EVT000929,SHP002460,Mechanical,1,0.53,0.51
EVT000930,SHP002309,Port Congestion,13,0.87,0.26
EVT000931,SHP002025,Customs,7,0.88,0.61
EVT000932,SHP002699,Mechanical,9,0.17,0.68
EVT000933,SHP000978,Port Congestion,11,0.84,0.78
EVT000934,SHP000742,Customs,5,0.07,0.75
EVT000935,SHP002207,Mechanical,14,0.24,0.59
EVT000936,SHP000923,Customs,5,0.43,0.5
EVT000937,SHP002572,Port Congestion,3,0.77,0.59
EVT000938,SHP000594,Customs,14,0.92,0.08
EVT000939,SHP002327,Customs,2,0.1,0.77
EVT000940,SHP001718,Port Congestion,7,0.79,0.01
EVT000941,SHP000388,Customs,5,0.69,0.11
EVT000942,SHP002063,Port Congestion,8,0.51,0.15
EVT000943,SHP002456,Port Congestion,7,0.96,0.07
EVT000944,SHP002215,Port Congestion,12,0.79,0.26
EVT000945,SHP001472,Weather,5,0.85,0.59
EVT000946,SHP000838,Customs,5,0.2,0.55
EVT000947,SHP002671,Mechanical,4,0.16,0.5
EVT000948,SHP001141,Customs,13,0.87,0.56
EVT000949,SHP000505,Customs,10,0.91,0.52
EVT000950,SHP000807,Customs,8,0.64,0.38
EVT000951,SHP000272,Port Congestion,11,0.69,0.81
EVT000952,SHP000884,Port Congestion,5,0.34,0.85
EVT000953,SHP000874,Mechanical,4,0.9,0.02
EVT000954,SHP001820,Weather,1,0.35,0.89
EVT000955,SHP001824,Weather,5,0.06,0.32
EVT000956,SHP002784,Weather,5,0.13,0.65
EVT000957,SHP000802,Port Congestion,4,0.71,0.34
EVT000958,SHP001334,Customs,5,0.52,0.05
EVT000959,SHP000820,Mechanical,2,0.36,0.83
EVT000960,SHP001788,Port Congestion,10,0.69,0.54
EVT000961,SHP001169,Port Congestion,6,0.31,0.8
EVT000962,SHP001144,Weather,12,0.72,0.55
EVT000963,SHP001811,Mechanical,14,0.17,0.5
EVT000964,SHP001086,Mechanical,6,0.31,0.52
EVT000965,SHP002880,Mechanical,11,0.16,0.97
EVT000966,SHP000729,Mechanical,10,0.03,0.46
EVT000967,SHP002583,Weather,6,0.3,0.04
EVT000968,SHP000319,Weather,1,0.15,0.12
EVT000969,SHP001565,Weather,5,0.98,0.36
EVT000970,SHP000377,Port Congestion,14,0.62,0.7
EVT000971,SHP000204,Mechanical,3,0.59,0.12
EVT000972,SHP000134,Mechanical,13,0.77,0.21
EVT000973,SHP000096,Weather,6,0.09,0.95
EVT000974,SHP001881,Customs,3,0.43,0.46
EVT000975,SHP000781,Port Congestion,6,0.69,0.26
EVT000976,SHP001392,Mechanical,5,0.25,0.74
EVT000977,SHP002172,Mechanical,11,0.33,0.87
EVT000978,SHP000661,Customs,14,0.76,0.44
EVT000979,SHP002627,Mechanical,6,0.29,0.94
EVT000980,SHP000822,Mechanical,10,0.98,0.82
EVT000981,SHP000309,Port Congestion,3,0.21,0.07
EVT000982,SHP000615,Mechanical,4,0.54,0.37
EVT000983,SHP002236,Mechanical,7,0.05,0.33
EVT000984,SHP001194,Weather,3,0.14,0.08
EVT000985,SHP002501,Mechanical,6,0.25,0.49
EVT000986,SHP002289,Weather,10,0.43,0.47
EVT000987,SHP000642,Port Congestion,13,0.9,0.34
EVT000988,SHP000172,Mechanical,4,0.29,0.67
EVT000989,SHP001196,Weather,2,0.22,0.59
EVT000990,SHP001554,Weather,9,0.88,0.54
EVT000991,SHP001505,Weather,13,0.81,0.1
EVT000992,SHP002568,Mechanical,14,0.54,0.68
EVT000993,SHP002424,Port Congestion,7,0.54,0.56
EVT000994,SHP002824,Customs,12,0.84,0.91
EVT000995,SHP001930,Customs,9,0.58,0.18
EVT000996,SHP000897,Port Congestion,13,0.28,0.49
EVT000997,SHP000763,Weather,3,0.56,0.37
EVT000998,SHP001119,Weather,12,0.11,0.77
EVT000999,SHP001382,Customs,1,0.46,1.0
EVT001000,SHP001889,Mechanical,5,0.15,0.63
EVT001001,SHP001355,Customs,1,0.81,0.56
EVT001002,SHP002994,Mechanical,10,0.53,0.24
EVT001003,SHP000322,Customs,9,0.81,0.21
EVT001004,SHP002958,Mechanical,14,0.14,0.35
EVT001005,SHP001058,Weather,7,0.51,0.77
EVT001006,SHP002420,Mechanical,8,0.76,0.84
EVT001007,SHP000696,Customs,14,0.53,0.66
EVT001008,SHP001522,Mechanical,14,0.46,0.16
EVT001009,SHP000887,Port Congestion,11,0.77,0.96
EVT001010,SHP001236,Customs,14,0.24,0.74
EVT001011,SHP002466,Weather,5,0.44,0.45
EVT001012,SHP001506,Weather,14,0.66,0.73
EVT001013,SHP002842,Customs,4,0.72,0.55
EVT001014,SHP000779,Port Congestion,8,0.07,0.97
EVT001015,SHP002839,Weather,7,0.08,0.66
EVT001016,SHP002398,Customs,9,0.86,0.81
EVT001017,SHP000369,Customs,13,0.11,0.71
EVT001018,SHP002191,Mechanical,14,0.16,0.91
EVT001019,SHP000721,Weather,6,0.43,0.56
EVT001020,SHP000964,Customs,11,0.36,0.45
EVT001021,SHP002825,Mechanical,6,0.87,0.0
EVT001022,SHP001925,Mechanical,6,0.22,0.26
EVT001023,SHP002226,Port Congestion,6,0.24,0.96
EVT001024,SHP000004,Mechanical,10,0.7,0.65
EVT001025,SHP002543,Customs,6,0.64,0.14
EVT001026,SHP000448,Customs,7,0.73,0.5
EVT001027,SHP000879,Customs,6,0.96,0.45
EVT001028,SHP000357,Mechanical,2,0.82,0.79
EVT001029,SHP000735,Weather,6,0.81,0.84
EVT001030,SHP001219,Weather,5,0.19,0.91
EVT001031,SHP000003,Port Congestion,5,0.85,0.51
EVT001032,SHP000961,Customs,14,0.66,0.45
EVT001033,SHP001755,Port Congestion,6,0.58,0.67
EVT001034,SHP001352,Customs,4,0.38,0.33
EVT001035,SHP002193,Mechanical,2,0.02,0.72
EVT001036,SHP000057,Weather,10,0.41,0.14
EVT001037,SHP002158,Mechanical,11,0.08,0.59
EVT001038,SHP001136,Mechanical,14,0.32,0.96
EVT001039,SHP001385,Mechanical,12,0.8,0.7
EVT001040,SHP001403,Mechanical,6,0.95,0.3
EVT001041,SHP002964,Weather,11,0.86,0.72
EVT001042,SHP001790,Customs,8,0.71,0.12
EVT001043,SHP001328,Weather,2,0.44,0.06
EVT001044,SHP001082,Weather,13,0.66,0.82
EVT001045,SHP000270,Customs,1,0.68,0.57
EVT001046,SHP001731,Customs,2,0.49,0.8
EVT001047,SHP001199,Mechanical,6,1.0,0.96
EVT001048,SHP000251,Mechanical,1,0.56,0.12
EVT001049,SHP002723,Customs,7,0.79,0.8
EVT001050,SHP000044,Mechanical,5,0.52,0.14
EVT001051,SHP001153,Customs,11,0.96,0.65
EVT001052,SHP000225,Weather,11,0.11,0.34
EVT001053,SHP000482,Port Congestion,8,0.14,0.49
EVT001054,SHP000535,Mechanical,11,0.37,0.98
EVT001055,SHP001725,Weather,8,0.84,0.98
EVT001056,SHP000715,Weather,7,0.51,0.28
EVT001057,SHP000249,Customs,2,0.23,0.14
EVT001058,SHP001139,Weather,7,0.49,0.82
EVT001059,SHP000448,Customs,14,0.13,0.08
EVT001060,SHP001499,Weather,8,0.83,0.23
EVT001061,SHP001036,Customs,3,0.88,0.67
EVT001062,SHP001685,Port Congestion,13,0.78,0.06
EVT001063,SHP002235,Port Congestion,13,0.95,0.67
EVT001064,SHP000262,Mechanical,6,0.85,0.27
EVT001065,SHP001847,Mechanical,3,0.76,0.61
EVT001066,SHP000595,Customs,11,0.31,0.82
EVT001067,SHP002388,Port Congestion,2,0.46,0.21
EVT001068,SHP000626,Weather,7,0.18,0.32
EVT001069,SHP000075,Weather,12,0.08,0.46
EVT001070,SHP001312,Mechanical,6,0.2,0.29
EVT001071,SHP000710,Customs,1,0.21,0.49
EVT001072,SHP001146,Weather,14,0.01,0.26
EVT001073,SHP001092,Weather,1,0.46,0.66
EVT001074,SHP001609,Mechanical,3,0.6,0.27
EVT001075,SHP000121,Weather,3,0.89,0.03
EVT001076,SHP000019,Mechanical,8,0.47,0.8
EVT001077,SHP001475,Customs,4,0.26,0.58
EVT001078,SHP000843,Weather,8,0.28,0.12
EVT001079,SHP001463,Customs,1,0.4,0.67
EVT001080,SHP001835,Port Congestion,11,0.44,0.98
EVT001081,SHP000233,Port Congestion,9,0.11,0.33
EVT001082,SHP000207,Customs,4,0.44,0.42
EVT001083,SHP000466,Port Congestion,14,0.31,0.22
EVT001084,SHP000630,Mechanical,7,0.39,0.71
EVT001085,SHP000999,Mechanical,14,1.0,0.43
EVT001086,SHP001579,Weather,8,0.9,0.86
EVT001087,SHP002565,Mechanical,14,0.49,0.38
EVT001088,SHP002325,Customs,4,0.59,0.44
EVT001089,SHP002521,Customs,3,0.16,0.12
EVT001090,SHP001185,Weather,6,0.55,0.06
EVT001091,SHP001137,Customs,14,0.68,0.27
EVT001092,SHP000070,Customs,6,0.9,0.13
EVT001093,SHP000245,Mechanical,6,0.34,0.86
EVT001094,SHP001750,Weather,13,0.32,0.37
EVT001095,SHP001893,Weather,6,0.01,0.63
EVT001096,SHP002975,Port Congestion,1,0.06,0.7
EVT001097,SHP001627,Weather,2,0.21,0.39
EVT001098,SHP002277,Weather,4,0.12,0.78
EVT001099,SHP001871,Mechanical,13,0.79,0.18
EVT001100,SHP000189,Port Congestion,10,0.45,0.62
EVT001101,SHP001137,Mechanical,6,0.96,0.18
EVT001102,SHP002763,Port Congestion,6,0.33,0.47
EVT001103,SHP002933,Weather,8,0.7,0.96
EVT001104,SHP001877,Weather,4,0.37,0.64
EVT001105,SHP001783,Customs,7,0.21,0.93
EVT001106,SHP000537,Weather,14,0.9,0.3
EVT001107,SHP000045,Customs,11,0.83,0.13
EVT001108,SHP002054,Customs,1,0.3,0.26
EVT001109,SHP000293,Mechanical,12,0.49,0.66
EVT001110,SHP002369,Customs,4,0.72,0.0
EVT001111,SHP002086,Customs,4,0.31,0.45
EVT001112,SHP000746,Mechanical,6,0.46,0.28
EVT001113,SHP002039,Customs,1,0.21,0.39
EVT001114,SHP000280,Port Congestion,13,0.15,0.3
EVT001115,SHP000883,Mechanical,7,0.34,0.98
EVT001116,SHP002541,Mechanical,14,0.8,0.46
EVT001117,SHP002416,Customs,5,0.41,0.03
EVT001118,SHP002485,Mechanical,4,0.91,0.65
EVT001119,SHP002706,Weather,8,0.54,0.37
EVT001120,SHP002373,Weather,7,0.63,0.41
EVT001121,SHP001389,Port Congestion,2,0.13,0.77
EVT001122,SHP001738,Port Congestion,2,0.37,0.11
EVT001123,SHP001534,Port Congestion,14,0.77,0.07
EVT001124,SHP002116,Mechanical,14,0.47,0.76
EVT001125,SHP002002,Weather,2,0.74,0.73
EVT001126,SHP000831,Customs,2,0.91,0.46
EVT001127,SHP000245,Customs,9,0.87,0.0
EVT001128,SHP001456,Customs,7,0.12,0.75
EVT001129,SHP001453,Weather,8,0.47,0.47
EVT001130,SHP000081,Weather,2,0.81,0.28
EVT001131,SHP002289,Weather,12,0.33,0.0
EVT001132,SHP001754,Customs,12,0.29,0.44
EVT001133,SHP001785,Customs,6,0.9,0.98
EVT001134,SHP000614,Mechanical,9,0.93,0.08
EVT001135,SHP001101,Port Congestion,3,0.97,0.9
EVT001136,SHP000777,Port Congestion,14,0.64,0.04
EVT001137,SHP002618,Mechanical,11,0.86,0.75
EVT001138,SHP001791,Weather,14,0.87,0.87
EVT001139,SHP002992,Customs,6,0.49,0.38
EVT001140,SHP001578,Weather,6,0.57,0.38
EVT001141,SHP002851,Customs,13,0.52,0.81
EVT001142,SHP001903,Customs,11,0.58,0.91
EVT001143,SHP002389,Port Congestion,14,0.21,0.96
EVT001144,SHP002934,Mechanical,3,0.08,0.59
EVT001145,SHP000676,Mechanical,9,0.78,0.52
EVT001146,SHP000720,Port Congestion,10,0.35,0.65
EVT001147,SHP003000,Weather,4,0.05,0.6
EVT001148,SHP001456,Port Congestion,9,0.26,0.44
EVT001149,SHP002313,Weather,3,1.0,0.98
EVT001150,SHP001183,Mechanical,2,0.45,0.85
EVT001151,SHP001422,Mechanical,5,0.29,0.26
EVT001152,SHP000657,Weather,1,0.97,0.88
EVT001153,SHP001301,Mechanical,9,0.92,0.04
EVT001154,SHP000063,Mechanical,6,0.01,0.25
EVT001155,SHP001477,Weather,5,0.39,0.97
EVT001156,SHP001254,Mechanical,7,0.98,0.88
EVT001157,SHP002198,Port Congestion,13,0.51,0.15
EVT001158,SHP000678,Weather,7,0.27,0.68
EVT001159,SHP001008,Customs,6,0.24,0.17
EVT001160,SHP000555,Mechanical,5,0.23,0.05
EVT001161,SHP000870,Weather,4,0.35,0.86
EVT001162,SHP002896,Port Congestion,3,0.73,0.74
EVT001163,SHP000863,Mechanical,4,0.25,0.57
EVT001164,SHP002792,Mechanical,2,0.69,0.75
EVT001165,SHP001145,Customs,8,0.47,0.94
EVT001166,SHP002791,Port Congestion,7,0.66,0.16
EVT001167,SHP001056,Mechanical,4,0.49,0.45
EVT001168,SHP000591,Weather,2,0.86,0.28
EVT001169,SHP000494,Port Congestion,1,0.5,0.39
EVT001170,SHP000668,Weather,14,0.37,0.02
EVT001171,SHP002462,Customs,1,0.98,0.76
EVT001172,SHP000418,Weather,13,0.93,0.08
EVT001173,SHP001077,Customs,6,0.02,0.11
EVT001174,SHP002580,Customs,5,0.68,0.48
EVT001175,SHP001008,Customs,2,0.84,0.9
EVT001176,SHP001999,Weather,4,0.73,0.1
EVT001177,SHP000060,Weather,3,0.51,0.68
EVT001178,SHP001729,Weather,2,0.88,0.34
EVT001179,SHP001014,Weather,10,0.8,0.72
EVT001180,SHP002764,Mechanical,7,0.03,0.21
EVT001181,SHP001907,Port Congestion,14,0.88,0.29
EVT001182,SHP002273,Mechanical,10,0.58,0.5
EVT001183,SHP000316,Weather,8,0.13,0.59
EVT001184,SHP001779,Weather,14,0.53,0.78
EVT001185,SHP001411,Customs,5,0.27,1.0
EVT001186,SHP001810,Customs,9,0.4,0.15
EVT001187,SHP001746,Mechanical,1,0.95,0.43
EVT001188,SHP001215,Mechanical,7,0.27,0.76
EVT001189,SHP000628,Mechanical,4,0.61,0.19
EVT001190,SHP000335,Port Congestion,10,0.1,0.09
EVT001191,SHP001381,Port Congestion,5,0.65,0.56
EVT001192,SHP000241,Customs,3,0.12,0.69
EVT001193,SHP001908,Weather,3,0.1,0.61
EVT001194,SHP000497,Weather,4,0.33,0.09
EVT001195,SHP002768,Port Congestion,11,0.51,0.78
EVT001196,SHP001733,Customs,10,0.04,0.2
EVT001197,SHP001039,Port Congestion,10,0.43,0.08
EVT001198,SHP001507,Weather,4,0.35,0.94
EVT001199,SHP001201,Mechanical,10,0.15,0.75
EVT001200,SHP001104,Port Congestion,13,0.52,0.55
EVT001201,SHP002628,Customs,8,0.35,0.39
EVT001202,SHP002311,Mechanical,10,0.4,0.36
EVT001203,SHP002280,Weather,3,0.9,0.76
EVT001204,SHP000429,Port Congestion,2,0.28,0.02
EVT001205,SHP000527,Customs,10,0.34,0.95
EVT001206,SHP000433,Weather,10,0.78,0.92
EVT001207,SHP001285,Customs,4,0.92,0.16
EVT001208,SHP002178,Weather,7,0.06,0.57
EVT001209,SHP002342,Weather,9,0.53,0.71
EVT001210,SHP001264,Port Congestion,3,0.81,0.83
EVT001211,SHP002882,Port Congestion,7,0.72,0.44
EVT001212,SHP002710,Weather,10,0.91,0.54
EVT001213,SHP000006,Port Congestion,10,0.47,0.57
EVT001214,SHP002140,Port Congestion,3,0.93,0.51
EVT001215,SHP000772,Customs,5,0.09,0.67
EVT001216,SHP002217,Mechanical,6,0.32,0.51
EVT001217,SHP000929,Mechanical,4,0.2,0.92
EVT001218,SHP002389,Customs,13,0.59,0.53
EVT001219,SHP000622,Port Congestion,13,0.81,0.23
EVT001220,SHP002157,Weather,12,0.36,0.67
EVT001221,SHP000456,Customs,9,0.66,0.27
EVT001222,SHP000698,Port Congestion,2,0.4,0.13
EVT001223,SHP000776,Customs,2,0.31,0.43
EVT001224,SHP000863,Weather,5,0.28,0.86
EVT001225,SHP002725,Port Congestion,6,0.41,0.35
EVT001226,SHP000910,Customs,14,0.22,0.86
EVT001227,SHP000253,Port Congestion,4,0.49,0.15
EVT001228,SHP002068,Customs,5,0.61,0.89
EVT001229,SHP001934,Port Congestion,14,0.65,0.21
EVT001230,SHP002869,Customs,2,0.92,0.07
EVT001231,SHP001929,Mechanical,8,0.47,0.2
EVT001232,SHP000462,Weather,1,0.0,0.69
EVT001233,SHP001445,Customs,6,0.28,0.46
EVT001234,SHP002292,Customs,3,0.64,0.07
EVT001235,SHP002275,Mechanical,8,0.41,0.11
EVT001236,SHP000241,Mechanical,11,0.99,0.67
EVT001237,SHP002029,Mechanical,7,0.04,0.98
EVT001238,SHP002972,Port Congestion,1,0.8,0.8
EVT001239,SHP002390,Mechanical,9,0.28,0.86
EVT001240,SHP002644,Customs,7,0.9,0.6
EVT001241,SHP000386,Weather,8,0.25,0.16
EVT001242,SHP002625,Customs,12,0.91,0.59
EVT001243,SHP000731,Customs,12,0.37,0.26
EVT001244,SHP002549,Weather,8,0.31,0.43
EVT001245,SHP001441,Mechanical,12,0.13,0.21
EVT001246,SHP002541,Port Congestion,7,0.29,0.39
EVT001247,SHP001426,Weather,11,0.94,0.82
EVT001248,SHP001646,Port Congestion,1,0.92,0.56
EVT001249,SHP002138,Customs,7,0.15,0.69
EVT001250,SHP000978,Port Congestion,9,0.55,0.39
EVT001251,SHP002280,Port Congestion,1,0.77,0.53
EVT001252,SHP000078,Mechanical,6,0.3,0.86
EVT001253,SHP000213,Weather,9,0.96,0.75
EVT001254,SHP000416,Customs,8,0.2,0.23
EVT001255,SHP000520,Port Congestion,8,0.1,0.77
EVT001256,SHP002736,Weather,4,0.38,0.04
EVT001257,SHP001343,Weather,7,0.14,0.26
EVT001258,SHP000729,Customs,9,0.6,0.09
EVT001259,SHP000963,Port Congestion,1,0.03,0.88
EVT001260,SHP002772,Mechanical,12,0.01,0.08
EVT001261,SHP000486,Mechanical,9,0.53,0.92
EVT001262,SHP000744,Customs,10,0.69,0.78
EVT001263,SHP001700,Mechanical,8,0.19,0.61
EVT001264,SHP002749,Mechanical,7,0.33,0.46
EVT001265,SHP001404,Customs,13,0.17,0.3
EVT001266,SHP000097,Customs,1,0.79,0.01
EVT001267,SHP002097,Weather,5,0.36,0.94
EVT001268,SHP000186,Port Congestion,11,0.62,0.84
EVT001269,SHP001911,Port Congestion,4,0.18,0.52
EVT001270,SHP001614,Port Congestion,12,0.3,0.02
EVT001271,SHP001922,Mechanical,12,0.5,0.7
EVT001272,SHP001746,Mechanical,13,0.97,0.25
EVT001273,SHP002670,Mechanical,4,0.97,0.81
EVT001274,SHP001572,Customs,6,0.16,0.28
EVT001275,SHP002526,Weather,7,0.08,0.03
EVT001276,SHP001225,Port Congestion,14,0.65,0.94
EVT001277,SHP001353,Port Congestion,9,0.55,0.63
EVT001278,SHP000059,Customs,5,0.38,0.03
EVT001279,SHP002468,Weather,1,0.51,0.21
EVT001280,SHP001428,Port Congestion,11,0.81,0.02
EVT001281,SHP001982,Weather,5,0.53,0.62
EVT001282,SHP002807,Port Congestion,13,0.12,0.39
EVT001283,SHP000179,Mechanical,1,0.01,0.88
EVT001284,SHP000954,Port Congestion,12,0.49,0.79
EVT001285,SHP002801,Weather,10,0.39,0.56
EVT001286,SHP000864,Port Congestion,11,0.83,0.5
EVT001287,SHP002463,Port Congestion,8,0.13,0.68
EVT001288,SHP000323,Customs,14,0.81,0.38
EVT001289,SHP000352,Mechanical,8,0.5,0.88
EVT001290,SHP001213,Customs,10,0.2,0.25
EVT001291,SHP000212,Customs,1,0.35,0.38
EVT001292,SHP002887,Port Congestion,7,0.76,0.22
EVT001293,SHP000266,Weather,2,0.75,0.61
EVT001294,SHP002737,Mechanical,10,0.27,0.63
EVT001295,SHP001821,Mechanical,4,0.08,0.52
EVT001296,SHP000791,Weather,10,0.47,0.54
EVT001297,SHP002934,Port Congestion,5,0.06,0.31
EVT001298,SHP002165,Mechanical,3,0.6,0.18
EVT001299,SHP001329,Weather,14,0.23,0.61
EVT001300,SHP001363,Customs,8,0.3,0.35
EVT001301,SHP001768,Mechanical,8,0.29,0.67
EVT001302,SHP002985,Port Congestion,10,0.54,0.51
EVT001303,SHP000540,Port Congestion,11,0.99,0.29
EVT001304,SHP001526,Port Congestion,7,0.76,0.13
EVT001305,SHP000577,Mechanical,6,0.98,0.04
EVT001306,SHP001333,Mechanical,8,0.61,0.82
EVT001307,SHP001526,Weather,14,0.23,0.74
EVT001308,SHP002489,Port Congestion,14,0.02,0.62
EVT001309,SHP001651,Port Congestion,7,0.36,0.08
EVT001310,SHP000059,Weather,3,0.92,0.9
EVT001311,SHP002510,Mechanical,8,0.92,0.14
EVT001312,SHP002366,Customs,14,0.39,0.42
EVT001313,SHP002804,Port Congestion,10,0.62,0.11
EVT001314,SHP002652,Mechanical,14,0.97,0.46
EVT001315,SHP000764,Weather,13,0.43,0.8
EVT001316,SHP002692,Customs,6,0.89,0.53
EVT001317,SHP002559,Mechanical,3,0.15,0.25
EVT001318,SHP000910,Weather,7,0.5,0.58
EVT001319,SHP001285,Customs,14,0.97,0.25
EVT001320,SHP002923,Customs,7,0.11,0.1
EVT001321,SHP001365,Mechanical,5,0.38,0.77
EVT001322,SHP000587,Customs,13,0.42,0.78
EVT001323,SHP001261,Weather,11,0.53,0.56
EVT001324,SHP001904,Port Congestion,6,0.09,0.94
EVT001325,SHP001044,Mechanical,1,0.87,0.0
EVT001326,SHP001766,Weather,3,0.26,0.64
EVT001327,SHP002882,Port Congestion,10,0.36,0.64
EVT001328,SHP000958,Mechanical,7,0.25,0.12
EVT001329,SHP002367,Customs,13,0.07,0.81
EVT001330,SHP000471,Customs,8,0.13,0.17
EVT001331,SHP000715,Customs,8,0.86,0.47
EVT001332,SHP001860,Weather,14,0.64,0.84
EVT001333,SHP000809,Customs,3,0.16,0.37
EVT001334,SHP002281,Weather,1,0.08,0.35
EVT001335,SHP001150,Customs,7,0.0,0.87
EVT001336,SHP001269,Customs,3,0.06,0.1
EVT001337,SHP001147,Port Congestion,1,0.93,0.98
EVT001338,SHP000930,Port Congestion,5,0.75,0.3
EVT001339,SHP001883,Mechanical,3,0.79,0.37
EVT001340,SHP002128,Customs,12,0.38,0.13
EVT001341,SHP002074,Mechanical,5,0.87,0.36
EVT001342,SHP002697,Weather,5,0.47,0.97
EVT001343,SHP001639,Port Congestion,8,0.09,0.42
EVT001344,SHP001397,Mechanical,3,0.91,0.58
EVT001345,SHP000561,Weather,6,0.21,0.73
EVT001346,SHP001021,Customs,4,0.85,0.42
EVT001347,SHP002887,Port Congestion,11,0.57,0.67
EVT001348,SHP000879,Weather,3,0.33,0.83
EVT001349,SHP002107,Mechanical,10,0.85,0.24
EVT001350,SHP002686,Mechanical,12,0.93,0.79
EVT001351,SHP001388,Mechanical,10,0.32,0.6
EVT001352,SHP002303,Weather,13,0.94,0.8
EVT001353,SHP002090,Mechanical,13,0.18,0.23
EVT001354,SHP001034,Weather,8,0.15,0.9
EVT001355,SHP000573,Weather,9,0.96,0.9
EVT001356,SHP001442,Weather,13,0.65,0.27
EVT001357,SHP001643,Port Congestion,3,0.47,0.13
EVT001358,SHP001484,Port Congestion,2,0.2,0.12
EVT001359,SHP002095,Port Congestion,1,0.0,0.09
EVT001360,SHP000747,Port Congestion,13,0.6,0.21
EVT001361,SHP000611,Mechanical,12,0.56,0.37
EVT001362,SHP000505,Mechanical,13,0.45,0.04
EVT001363,SHP000879,Weather,11,0.19,0.14
EVT001364,SHP000420,Port Congestion,10,0.63,0.11
EVT001365,SHP000901,Customs,8,0.51,0.76
EVT001366,SHP001662,Port Congestion,13,0.91,0.96
EVT001367,SHP002732,Port Congestion,8,0.22,0.16
EVT001368,SHP002289,Customs,8,0.06,0.99
EVT001369,SHP002152,Customs,10,0.72,0.82
EVT001370,SHP000442,Mechanical,10,0.99,0.02
EVT001371,SHP001651,Customs,2,0.42,0.64
EVT001372,SHP000692,Mechanical,13,0.09,0.75
EVT001373,SHP000852,Mechanical,11,0.28,0.1
EVT001374,SHP000730,Mechanical,2,0.69,0.79
EVT001375,SHP000056,Weather,3,0.23,0.58
EVT001376,SHP000267,Port Congestion,13,0.27,0.47
EVT001377,SHP000143,Weather,14,0.7,0.11
EVT001378,SHP000933,Mechanical,2,0.23,0.65
EVT001379,SHP002841,Port Congestion,14,0.2,0.12
EVT001380,SHP001140,Mechanical,5,0.29,0.3
EVT001381,SHP002794,Customs,7,0.45,0.8
EVT001382,SHP001971,Weather,4,0.09,0.97
EVT001383,SHP001387,Mechanical,10,0.34,0.77
EVT001384,SHP001836,Port Congestion,14,0.27,0.99
EVT001385,SHP002233,Customs,2,0.86,0.92
EVT001386,SHP002401,Mechanical,13,0.22,0.65
EVT001387,SHP001912,Mechanical,7,0.58,0.79
EVT001388,SHP000289,Port Congestion,8,0.6,0.9
EVT001389,SHP002602,Customs,7,0.63,0.83
EVT001390,SHP000829,Weather,7,0.22,0.99
EVT001391,SHP001848,Port Congestion,10,0.1,0.76
EVT001392,SHP002288,Mechanical,7,0.58,0.03
EVT001393,SHP002056,Mechanical,11,0.81,0.91
EVT001394,SHP002033,Weather,8,0.43,0.51
EVT001395,SHP001627,Port Congestion,2,0.29,0.33
EVT001396,SHP001174,Mechanical,3,0.04,0.93
EVT001397,SHP002578,Mechanical,1,0.39,0.96
EVT001398,SHP000878,Mechanical,10,0.48,0.6
EVT001399,SHP002848,Customs,8,0.76,0.3
EVT001400,SHP002376,Mechanical,13,0.56,0.11
EVT001401,SHP000511,Port Congestion,4,0.31,0.53
EVT001402,SHP002251,Port Congestion,9,0.89,0.94
EVT001403,SHP002556,Mechanical,11,0.21,0.15
EVT001404,SHP000892,Port Congestion,3,0.32,0.98
EVT001405,SHP001032,Weather,11,0.4,0.14
EVT001406,SHP002689,Customs,14,0.1,0.7
EVT001407,SHP000538,Customs,7,0.47,0.41
EVT001408,SHP000214,Customs,13,0.83,0.06
EVT001409,SHP001419,Customs,8,0.36,0.64
EVT001410,SHP000757,Weather,5,0.64,0.12
EVT001411,SHP002301,Weather,3,0.26,0.41
EVT001412,SHP000149,Mechanical,3,0.51,0.66
EVT001413,SHP001150,Port Congestion,10,0.32,0.94
EVT001414,SHP002950,Customs,6,0.66,0.25
EVT001415,SHP000252,Mechanical,5,0.87,0.71
EVT001416,SHP002450,Customs,13,0.23,0.71
EVT001417,SHP001971,Mechanical,11,0.43,0.63
EVT001418,SHP001272,Mechanical,4,0.71,0.65
EVT001419,SHP001340,Port Congestion,2,0.87,0.44
EVT001420,SHP001846,Mechanical,11,0.18,0.01
EVT001421,SHP002326,Mechanical,6,0.65,0.45
EVT001422,SHP000790,Weather,9,0.54,0.94
EVT001423,SHP000929,Port Congestion,12,0.48,0.04
EVT001424,SHP002940,Mechanical,9,0.53,0.51
EVT001425,SHP002497,Mechanical,12,0.51,0.19
EVT001426,SHP000504,Mechanical,10,0.23,0.17
EVT001427,SHP002889,Port Congestion,1,0.02,0.22
EVT001428,SHP002711,Port Congestion,5,0.64,0.98
EVT001429,SHP002332,Weather,14,0.61,0.48
EVT001430,SHP002407,Weather,6,0.42,0.48
EVT001431,SHP001514,Weather,12,0.11,0.69
EVT001432,SHP002944,Mechanical,8,0.12,0.13
EVT001433,SHP002580,Mechanical,13,0.01,0.89
EVT001434,SHP001098,Port Congestion,13,0.49,0.24
EVT001435,SHP002612,Port Congestion,11,0.22,0.59
EVT001436,SHP000987,Weather,1,0.04,0.65
EVT001437,SHP000198,Mechanical,10,0.02,0.02
EVT001438,SHP001157,Customs,10,0.08,0.87
EVT001439,SHP002185,Customs,3,0.08,0.78
EVT001440,SHP002427,Weather,13,0.58,0.27
EVT001441,SHP000513,Weather,13,0.81,0.92
EVT001442,SHP001797,Mechanical,8,0.67,0.71
EVT001443,SHP002836,Port Congestion,11,0.9,0.24
EVT001444,SHP001607,Customs,7,0.77,0.52
EVT001445,SHP000707,Customs,8,0.27,0.49
EVT001446,SHP000820,Mechanical,2,0.89,0.12
EVT001447,SHP002170,Customs,9,0.2,0.72
EVT001448,SHP001683,Port Congestion,13,0.94,0.85
EVT001449,SHP002699,Mechanical,14,0.53,0.94
EVT001450,SHP000435,Weather,13,0.18,0.91
EVT001451,SHP002241,Weather,5,0.92,0.31
EVT001452,SHP001759,Customs,10,0.74,0.74
EVT001453,SHP001110,Weather,2,0.26,0.68
EVT001454,SHP002060,Port Congestion,4,0.3,0.19
EVT001455,SHP002701,Port Congestion,8,0.69,0.73
EVT001456,SHP002249,Port Congestion,4,0.68,0.65
EVT001457,SHP002379,Mechanical,8,0.97,0.82
EVT001458,SHP001373,Weather,9,0.56,0.13
EVT001459,SHP000549,Weather,10,0.94,0.85
EVT001460,SHP001462,Weather,13,0.88,0.75
EVT001461,SHP002534,Weather,2,0.69,0.17
EVT001462,SHP002886,Customs,14,0.87,0.52
EVT001463,SHP001265,Customs,8,0.2,0.68
EVT001464,SHP002967,Mechanical,6,0.34,0.59
EVT001465,SHP002160,Mechanical,5,0.01,0.38
EVT001466,SHP002863,Customs,5,0.76,0.35
EVT001467,SHP001076,Weather,3,0.02,0.41
EVT001468,SHP002973,Mechanical,1,0.5,0.48
EVT001469,SHP001467,Weather,6,0.45,0.9
EVT001470,SHP000315,Port Congestion,5,0.02,0.12
EVT001471,SHP000984,Weather,6,0.82,0.2
EVT001472,SHP000845,Customs,8,0.25,0.37
EVT001473,SHP000956,Customs,12,0.46,0.67
EVT001474,SHP000211,Weather,9,0.38,0.04
EVT001475,SHP002561,Port Congestion,11,0.39,0.54
EVT001476,SHP001368,Port Congestion,11,0.2,0.1
EVT001477,SHP000592,Port Congestion,6,0.32,0.45
EVT001478,SHP001845,Mechanical,7,0.3,0.76
EVT001479,SHP002842,Port Congestion,3,0.73,0.21
EVT001480,SHP001386,Weather,1,0.93,0.6
EVT001481,SHP001656,Weather,6,0.82,0.13
EVT001482,SHP002448,Weather,9,0.19,0.62
EVT001483,SHP001335,Port Congestion,7,0.74,0.34
EVT001484,SHP003000,Customs,12,0.72,0.92
EVT001485,SHP001825,Weather,10,0.78,0.85
EVT001486,SHP001210,Weather,7,0.52,0.75
EVT001487,SHP002870,Customs,14,0.31,0.63
EVT001488,SHP000595,Mechanical,5,0.53,0.28
EVT001489,SHP001338,Weather,12,0.88,0.98
EVT001490,SHP002229,Port Congestion,14,0.59,0.15
EVT001491,SHP002874,Weather,4,0.19,0.86
EVT001492,SHP000311,Mechanical,13,0.05,0.89
EVT001493,SHP002024,Customs,10,0.37,0.61
EVT001494,SHP002053,Customs,14,0.61,0.67
EVT001495,SHP002886,Port Congestion,11,0.47,0.26
EVT001496,SHP000013,Mechanical,5,0.77,0.74
EVT001497,SHP000649,Port Congestion,7,0.89,0.12
EVT001498,SHP002867,Port Congestion,8,0.01,0.15
EVT001499,SHP002779,Mechanical,2,0.32,0.6
EVT001500,SHP002791,Customs,14,0.24,0.28
EVT001501,SHP000323,Customs,8,0.87,0.35
EVT001502,SHP002600,Mechanical,9,0.98,0.78
EVT001503,SHP001523,Customs,5,0.87,0.8
EVT001504,SHP002259,Customs,7,0.5,0.08
EVT001505,SHP000991,Mechanical,8,0.07,0.18
EVT001506,SHP002387,Mechanical,4,0.23,0.48
EVT001507,SHP001222,Port Congestion,8,0.61,1.0
EVT001508,SHP001745,Weather,11,0.28,0.81
EVT001509,SHP001035,Weather,6,0.17,0.01
EVT001510,SHP002264,Customs,10,0.87,0.27
EVT001511,SHP002668,Mechanical,2,0.94,0.63
EVT001512,SHP002340,Weather,14,0.89,0.15
EVT001513,SHP000942,Weather,6,0.0,0.89
EVT001514,SHP002981,Port Congestion,3,0.05,0.19
EVT001515,SHP000253,Mechanical,3,0.95,0.94
EVT001516,SHP001579,Weather,6,0.55,0.78
EVT001517,SHP000902,Weather,9,0.68,0.24
EVT001518,SHP001332,Customs,8,0.83,0.31
EVT001519,SHP000267,Mechanical,14,0.31,0.98
EVT001520,SHP002079,Mechanical,1,0.79,0.77
EVT001521,SHP001666,Weather,8,0.77,0.35
EVT001522,SHP000205,Weather,3,0.37,0.95
EVT001523,SHP002133,Weather,12,0.18,0.82
EVT001524,SHP001363,Port Congestion,5,0.74,0.95
EVT001525,SHP001279,Customs,7,0.39,0.91
EVT001526,SHP002729,Customs,6,0.86,0.81
EVT001527,SHP002949,Weather,13,0.84,0.2
EVT001528,SHP002547,Mechanical,6,0.88,0.49
EVT001529,SHP002136,Mechanical,12,0.26,0.44
EVT001530,SHP002172,Mechanical,1,0.45,0.76
EVT001531,SHP002529,Customs,14,0.83,0.77
EVT001532,SHP001182,Customs,10,0.77,0.13
EVT001533,SHP001090,Customs,6,0.73,0.23
EVT001534,SHP002017,Weather,10,0.46,0.21
EVT001535,SHP000334,Port Congestion,4,0.63,0.65
EVT001536,SHP002425,Port Congestion,9,0.45,0.82
EVT001537,SHP002712,Mechanical,6,0.59,0.29
EVT001538,SHP002356,Weather,12,0.75,0.46
EVT001539,SHP000859,Mechanical,12,0.95,0.79
EVT001540,SHP000317,Customs,11,0.04,0.21
EVT001541,SHP002926,Mechanical,8,0.17,0.43
EVT001542,SHP001133,Customs,2,0.49,0.54
EVT001543,SHP000836,Port Congestion,7,0.7,0.06
EVT001544,SHP002617,Mechanical,10,0.14,0.6
EVT001545,SHP000020,Port Congestion,1,0.4,0.34
EVT001546,SHP000543,Weather,14,0.88,0.21
EVT001547,SHP000116,Port Congestion,4,0.39,0.23
EVT001548,SHP000244,Weather,11,0.51,0.01
EVT001549,SHP001358,Port Congestion,1,0.42,0.63
EVT001550,SHP002032,Port Congestion,2,0.32,0.28
EVT001551,SHP001276,Customs,10,0.57,0.76
EVT001552,SHP000644,Mechanical,7,0.93,0.44
EVT001553,SHP001067,Mechanical,14,0.03,0.23
EVT001554,SHP000757,Mechanical,11,0.14,0.14
EVT001555,SHP001278,Customs,4,0.08,0.82
EVT001556,SHP000597,Weather,4,0.72,0.72
EVT001557,SHP001646,Port Congestion,8,0.13,0.1
EVT001558,SHP002121,Mechanical,1,0.31,0.38
EVT001559,SHP000582,Customs,5,0.73,0.06
EVT001560,SHP002399,Customs,13,0.17,0.11
EVT001561,SHP001067,Port Congestion,13,0.98,0.4
EVT001562,SHP001410,Mechanical,9,0.65,0.25
EVT001563,SHP000237,Customs,10,0.81,0.12
EVT001564,SHP002295,Weather,12,0.54,0.88
EVT001565,SHP001180,Mechanical,9,0.87,0.72
EVT001566,SHP002865,Mechanical,9,0.17,0.38
EVT001567,SHP001426,Weather,5,0.05,0.98
EVT001568,SHP001495,Weather,7,0.53,0.78
EVT001569,SHP001668,Mechanical,10,0.6,0.31
EVT001570,SHP001251,Customs,11,0.49,0.88
EVT001571,SHP001321,Weather,7,0.06,0.55
EVT001572,SHP002400,Customs,2,0.83,0.18
EVT001573,SHP000314,Customs,6,0.95,0.69
EVT001574,SHP000793,Customs,3,0.69,0.28
EVT001575,SHP001269,Weather,9,0.1,0.09
EVT001576,SHP002276,Customs,5,0.43,0.53
EVT001577,SHP002288,Port Congestion,13,0.84,0.56
EVT001578,SHP000320,Weather,9,0.92,0.52
EVT001579,SHP001535,Port Congestion,5,0.34,0.58
EVT001580,SHP001037,Weather,3,0.23,0.31
EVT001581,SHP001609,Port Congestion,4,0.69,0.77
EVT001582,SHP000064,Customs,3,0.09,0.54
EVT001583,SHP001109,Mechanical,12,0.15,0.75
EVT001584,SHP000194,Mechanical,5,0.46,0.9
EVT001585,SHP001373,Customs,7,0.59,0.35
EVT001586,SHP002321,Mechanical,11,0.99,0.78
EVT001587,SHP002086,Port Congestion,5,0.14,0.51
EVT001588,SHP000786,Weather,7,0.45,0.61
EVT001589,SHP002675,Port Congestion,3,0.51,0.28
EVT001590,SHP001744,Port Congestion,9,0.94,0.07
EVT001591,SHP002801,Weather,13,0.86,0.32
EVT001592,SHP001613,Port Congestion,11,0.25,0.75
EVT001593,SHP000012,Mechanical,3,0.02,0.72
EVT001594,SHP000484,Weather,4,0.26,0.85
EVT001595,SHP000645,Mechanical,7,0.24,0.62
EVT001596,SHP001046,Mechanical,10,0.24,0.05
EVT001597,SHP000112,Port Congestion,2,0.94,0.77
EVT001598,SHP002081,Weather,8,0.12,0.16
EVT001599,SHP001713,Customs,8,0.84,0.93
EVT001600,SHP000856,Customs,9,0.65,0.22
EVT001601,SHP000721,Customs,14,0.28,0.41
EVT001602,SHP002512,Mechanical,5,0.79,0.08
EVT001603,SHP002048,Port Congestion,13,0.1,0.22
EVT001604,SHP000754,Weather,13,0.46,0.52
EVT001605,SHP001429,Customs,5,0.18,0.97
EVT001606,SHP001131,Customs,1,0.65,0.71
EVT001607,SHP002109,Mechanical,13,0.33,0.14
EVT001608,SHP001435,Customs,6,0.94,0.33
EVT001609,SHP001283,Port Congestion,6,0.68,0.15
EVT001610,SHP002343,Customs,2,0.42,0.89
EVT001611,SHP001415,Weather,3,0.69,0.06
EVT001612,SHP002360,Weather,14,0.59,0.26
EVT001613,SHP002753,Port Congestion,13,0.87,0.54
EVT001614,SHP001950,Customs,14,0.39,0.96
EVT001615,SHP002162,Port Congestion,9,0.35,0.29
EVT001616,SHP001525,Customs,2,0.42,0.07
EVT001617,SHP002024,Mechanical,14,0.66,0.04
EVT001618,SHP002643,Mechanical,14,0.38,0.7
EVT001619,SHP001635,Customs,12,0.78,0.12
EVT001620,SHP000084,Mechanical,7,0.79,0.92
EVT001621,SHP001804,Mechanical,5,0.29,0.55
EVT001622,SHP001058,Port Congestion,4,0.39,0.88
EVT001623,SHP000282,Port Congestion,1,0.63,0.91
EVT001624,SHP001385,Weather,5,0.29,0.05
EVT001625,SHP001401,Mechanical,6,0.95,0.72
EVT001626,SHP000798,Customs,9,0.28,0.38
EVT001627,SHP001154,Mechanical,7,0.76,0.3
EVT001628,SHP001559,Mechanical,14,0.75,0.92
EVT001629,SHP000885,Mechanical,8,0.98,0.48
EVT001630,SHP002719,Customs,4,0.34,0.47
EVT001631,SHP000282,Customs,11,0.94,0.41
EVT001632,SHP002841,Port Congestion,9,0.58,0.84
EVT001633,SHP000049,Mechanical,13,1.0,0.34
EVT001634,SHP000620,Mechanical,1,0.57,0.94
EVT001635,SHP001052,Mechanical,8,0.59,0.76
EVT001636,SHP000164,Mechanical,4,0.25,0.45
EVT001637,SHP000951,Mechanical,13,0.23,0.69
EVT001638,SHP001906,Port Congestion,2,1.0,0.55
EVT001639,SHP000065,Customs,7,0.46,0.92
EVT001640,SHP002125,Customs,6,0.89,0.49
EVT001641,SHP002894,Port Congestion,3,0.59,0.69
EVT001642,SHP001676,Mechanical,1,0.3,0.39
EVT001643,SHP001759,Port Congestion,7,0.15,0.72
EVT001644,SHP002377,Mechanical,13,0.39,0.7
EVT001645,SHP002907,Mechanical,8,0.91,0.23
EVT001646,SHP000316,Weather,7,0.78,0.33
EVT001647,SHP002661,Port Congestion,5,0.1,0.9
EVT001648,SHP000021,Customs,2,0.07,0.28
EVT001649,SHP002995,Weather,5,0.74,0.69
EVT001650,SHP001511,Port Congestion,12,0.54,0.21
EVT001651,SHP000131,Weather,10,0.6,0.75
EVT001652,SHP001633,Mechanical,12,0.65,0.71
EVT001653,SHP001552,Mechanical,6,0.68,0.4
EVT001654,SHP001070,Weather,10,0.37,0.95
EVT001655,SHP002534,Mechanical,12,0.18,0.47
EVT001656,SHP002335,Customs,11,0.52,0.76
EVT001657,SHP000156,Port Congestion,14,0.3,0.12
EVT001658,SHP000285,Port Congestion,10,0.88,0.39
EVT001659,SHP002516,Customs,13,0.84,0.45
EVT001660,SHP001323,Weather,12,0.29,0.34
EVT001661,SHP000652,Mechanical,13,0.03,0.22
EVT001662,SHP002377,Weather,9,0.14,0.6
EVT001663,SHP002673,Customs,13,0.88,0.3
EVT001664,SHP002651,Mechanical,11,0.12,0.68
EVT001665,SHP001412,Customs,12,0.63,0.51
EVT001666,SHP001708,Port Congestion,1,0.21,0.26
EVT001667,SHP001967,Mechanical,10,0.2,0.63
EVT001668,SHP002688,Port Congestion,8,0.49,0.08
EVT001669,SHP001566,Port Congestion,13,0.42,0.27
EVT001670,SHP002511,Weather,8,0.1,0.29
EVT001671,SHP000413,Port Congestion,1,0.07,0.1
EVT001672,SHP000112,Customs,12,0.34,0.29
EVT001673,SHP002905,Customs,13,0.36,0.1
EVT001674,SHP001217,Weather,10,0.86,0.72
EVT001675,SHP002765,Customs,14,0.68,0.4
EVT001676,SHP002532,Weather,1,0.3,0.67
EVT001677,SHP000686,Customs,7,0.44,0.87
EVT001678,SHP002606,Customs,7,0.2,0.89
EVT001679,SHP001392,Weather,13,0.33,0.25
EVT001680,SHP000265,Mechanical,11,0.54,0.14
EVT001681,SHP001852,Weather,14,0.38,0.55
EVT001682,SHP000932,Customs,12,0.87,0.55
EVT001683,SHP000767,Mechanical,13,0.05,0.79
EVT001684,SHP002892,Port Congestion,8,0.46,0.87
EVT001685,SHP002237,Customs,4,0.79,0.18
EVT001686,SHP000266,Weather,5,0.17,0.88
EVT001687,SHP000968,Mechanical,2,0.13,0.04
EVT001688,SHP001611,Customs,1,0.32,0.98
EVT001689,SHP001291,Customs,9,0.13,0.65
EVT001690,SHP002998,Weather,13,0.57,0.5
EVT001691,SHP000826,Customs,5,0.93,0.64
EVT001692,SHP001838,Mechanical,8,0.95,0.58
EVT001693,SHP000676,Mechanical,1,0.29,0.97
EVT001694,SHP000994,Port Congestion,6,0.32,0.53
EVT001695,SHP000885,Customs,5,0.01,0.31
EVT001696,SHP001257,Mechanical,3,0.4,0.4
EVT001697,SHP001055,Weather,9,0.18,0.22
EVT001698,SHP002487,Port Congestion,1,0.79,0.23
EVT001699,SHP000820,Mechanical,9,0.82,0.94
EVT001700,SHP001170,Mechanical,10,0.94,0.22
EVT001701,SHP002970,Port Congestion,7,0.18,0.34
EVT001702,SHP002395,Weather,2,0.8,0.33
EVT001703,SHP001581,Mechanical,12,0.39,0.55
EVT001704,SHP001325,Customs,11,0.2,0.57
EVT001705,SHP000781,Port Congestion,7,0.4,0.99
EVT001706,SHP000794,Mechanical,12,0.79,0.11
EVT001707,SHP001943,Mechanical,4,0.24,0.4
EVT001708,SHP002258,Port Congestion,3,0.94,0.54
EVT001709,SHP001661,Port Congestion,8,0.26,0.34
EVT001710,SHP002968,Customs,11,0.67,0.84
EVT001711,SHP001958,Port Congestion,6,0.81,0.28
EVT001712,SHP000806,Customs,14,0.68,0.84
EVT001713,SHP002725,Customs,6,0.45,0.1
EVT001714,SHP002190,Weather,6,0.8,0.05
EVT001715,SHP001320,Weather,8,0.21,0.23
EVT001716,SHP002481,Port Congestion,14,0.87,0.3
EVT001717,SHP002707,Mechanical,8,0.33,0.12
EVT001718,SHP000330,Weather,11,0.25,0.7
EVT001719,SHP001025,Customs,5,0.66,0.28
EVT001720,SHP000603,Port Congestion,10,0.48,0.2
EVT001721,SHP001760,Port Congestion,3,0.27,0.04
EVT001722,SHP000261,Port Congestion,7,0.44,0.23
EVT001723,SHP001879,Port Congestion,13,0.49,0.81
EVT001724,SHP000395,Port Congestion,1,0.25,0.63
EVT001725,SHP000782,Mechanical,6,0.04,0.69
EVT001726,SHP000378,Customs,13,0.53,0.05
EVT001727,SHP002922,Weather,10,0.33,0.11
EVT001728,SHP001395,Weather,4,0.64,0.54
EVT001729,SHP000317,Weather,6,0.37,0.62
EVT001730,SHP000620,Mechanical,12,0.71,0.53
EVT001731,SHP001865,Customs,10,0.98,0.64
EVT001732,SHP000575,Weather,3,0.55,0.42
EVT001733,SHP000543,Port Congestion,14,0.39,0.66
EVT001734,SHP001881,Customs,4,0.59,0.3
EVT001735,SHP000461,Weather,14,0.48,0.2
EVT001736,SHP000314,Mechanical,9,0.77,0.85
EVT001737,SHP001823,Port Congestion,9,0.52,0.67
EVT001738,SHP002338,Mechanical,5,0.61,0.32
EVT001739,SHP000626,Weather,3,0.02,0.23
EVT001740,SHP001748,Mechanical,5,0.2,0.93
EVT001741,SHP000345,Customs,14,0.57,0.86
EVT001742,SHP001225,Port Congestion,7,0.54,0.78
EVT001743,SHP001694,Customs,11,0.12,0.22
EVT001744,SHP000092,Mechanical,14,0.59,0.41
EVT001745,SHP001019,Mechanical,12,0.87,0.84
EVT001746,SHP001904,Mechanical,1,0.6,0.79
EVT001747,SHP001919,Weather,11,0.97,0.92
EVT001748,SHP000072,Customs,14,0.64,0.48
EVT001749,SHP001600,Port Congestion,5,0.29,0.35
EVT001750,SHP002330,Mechanical,5,0.04,0.93
EVT001751,SHP000727,Customs,9,0.13,0.43
EVT001752,SHP001210,Customs,12,0.06,0.64
EVT001753,SHP000068,Weather,3,0.52,0.7
EVT001754,SHP001968,Customs,5,0.05,0.44
EVT001755,SHP001168,Mechanical,13,0.5,0.03
EVT001756,SHP002418,Customs,13,0.08,0.14
EVT001757,SHP000905,Weather,6,0.62,0.63
EVT001758,SHP000112,Mechanical,7,0.8,0.67
EVT001759,SHP001545,Customs,11,0.9,0.49
EVT001760,SHP001251,Weather,7,0.97,0.89
EVT001761,SHP002183,Customs,4,0.8,0.63
EVT001762,SHP000054,Port Congestion,14,0.91,0.21
EVT001763,SHP001731,Mechanical,4,0.07,0.48
EVT001764,SHP000133,Mechanical,1,0.4,0.06
EVT001765,SHP001766,Weather,3,0.26,0.66
EVT001766,SHP002073,Weather,6,0.59,0.68
EVT001767,SHP000309,Mechanical,13,0.22,0.96
EVT001768,SHP002465,Port Congestion,4,0.15,0.3
EVT001769,SHP001525,Port Congestion,9,0.63,0.43
EVT001770,SHP000333,Port Congestion,12,0.3,0.16
EVT001771,SHP000331,Weather,7,0.13,0.91
EVT001772,SHP001112,Mechanical,8,0.67,0.56
EVT001773,SHP000066,Customs,3,0.22,0.68
EVT001774,SHP002675,Customs,11,0.85,0.64
EVT001775,SHP001052,Customs,8,0.31,0.05
EVT001776,SHP002418,Port Congestion,1,0.81,0.59
EVT001777,SHP002493,Mechanical,8,0.73,0.06
EVT001778,SHP002886,Customs,4,0.47,0.77
EVT001779,SHP001174,Mechanical,10,0.99,0.87
EVT001780,SHP002901,Weather,3,0.27,0.52
EVT001781,SHP002585,Weather,10,0.04,0.73
EVT001782,SHP001560,Mechanical,1,0.79,0.6
EVT001783,SHP002429,Weather,13,0.15,0.67
EVT001784,SHP001784,Port Congestion,9,0.2,0.1
EVT001785,SHP002460,Customs,4,0.82,0.7
EVT001786,SHP001672,Customs,3,0.04,0.96
EVT001787,SHP001176,Port Congestion,8,0.55,0.06
EVT001788,SHP001585,Weather,1,0.54,0.08
EVT001789,SHP002105,Weather,5,0.53,0.34
EVT001790,SHP001728,Port Congestion,12,0.49,0.64
EVT001791,SHP000713,Weather,13,0.86,0.4
EVT001792,SHP002099,Weather,11,0.94,0.3
EVT001793,SHP000975,Mechanical,1,0.36,0.4
EVT001794,SHP001314,Weather,8,0.43,0.06
EVT001795,SHP001818,Customs,4,0.26,0.7
EVT001796,SHP001815,Mechanical,9,0.11,0.19
EVT001797,SHP001186,Weather,14,0.51,0.64
EVT001798,SHP001028,Customs,11,0.11,0.64
EVT001799,SHP001813,Port Congestion,7,0.86,0.01
EVT001800,SHP001701,Weather,13,0.98,0.2
EVT001801,SHP001177,Weather,14,0.21,0.92
EVT001802,SHP000136,Customs,10,0.55,0.99
EVT001803,SHP002043,Customs,8,0.18,0.27
EVT001804,SHP001528,Port Congestion,1,0.39,0.37
EVT001805,SHP001775,Customs,13,0.37,0.64
EVT001806,SHP001022,Weather,12,0.33,0.55
EVT001807,SHP002201,Mechanical,7,0.05,0.59
EVT001808,SHP000087,Customs,4,0.55,0.43
EVT001809,SHP002345,Weather,12,0.81,0.98
EVT001810,SHP001156,Customs,6,0.53,0.38
EVT001811,SHP002005,Customs,4,0.91,0.12
EVT001812,SHP002971,Port Congestion,10,0.46,0.16
EVT001813,SHP001331,Weather,2,0.55,0.05
EVT001814,SHP002697,Customs,12,0.15,0.76
EVT001815,SHP001126,Mechanical,12,0.6,0.63
EVT001816,SHP002943,Port Congestion,8,0.99,0.69
EVT001817,SHP002489,Customs,3,0.38,0.55
EVT001818,SHP000589,Customs,9,0.31,0.37
EVT001819,SHP001586,Customs,12,0.12,0.37
EVT001820,SHP001923,Mechanical,10,0.87,0.74
EVT001821,SHP000430,Customs,1,0.46,0.81
EVT001822,SHP000164,Mechanical,7,0.54,0.49
EVT001823,SHP000108,Mechanical,4,0.68,0.72
EVT001824,SHP001921,Port Congestion,14,0.49,0.7
EVT001825,SHP000842,Weather,11,0.88,0.3
EVT001826,SHP000132,Mechanical,1,0.71,0.47
EVT001827,SHP002198,Customs,10,0.21,0.0
EVT001828,SHP002216,Mechanical,1,0.13,0.19
EVT001829,SHP001999,Mechanical,11,0.8,0.31
EVT001830,SHP001863,Mechanical,9,0.76,0.27
EVT001831,SHP002186,Customs,10,0.35,0.93
EVT001832,SHP002562,Mechanical,7,0.63,0.19
EVT001833,SHP002856,Customs,9,0.45,0.14
EVT001834,SHP002682,Weather,4,0.89,0.91
EVT001835,SHP002312,Weather,14,0.61,0.68
EVT001836,SHP002227,Mechanical,5,0.12,0.0
EVT001837,SHP002603,Customs,8,0.44,0.16
EVT001838,SHP000551,Customs,10,0.61,0.5
EVT001839,SHP002971,Port Congestion,1,0.32,0.58
EVT001840,SHP000801,Mechanical,5,0.84,0.56
EVT001841,SHP002151,Weather,7,0.24,0.03
EVT001842,SHP000925,Customs,7,0.94,0.16
EVT001843,SHP002299,Weather,9,0.29,0.52
EVT001844,SHP002994,Port Congestion,12,0.3,0.09
EVT001845,SHP002078,Customs,14,0.89,0.5
EVT001846,SHP002281,Weather,4,0.91,0.81
EVT001847,SHP000608,Customs,4,0.32,0.84
EVT001848,SHP000751,Mechanical,6,0.11,0.95
EVT001849,SHP002241,Port Congestion,9,0.91,0.54
EVT001850,SHP000011,Customs,1,0.59,0.65
EVT001851,SHP000544,Mechanical,6,0.03,0.45
EVT001852,SHP000154,Customs,9,0.57,0.97
EVT001853,SHP001776,Mechanical,8,0.44,0.56
EVT001854,SHP000002,Mechanical,3,0.26,0.23
EVT001855,SHP001364,Weather,14,0.23,0.65
EVT001856,SHP000746,Customs,12,0.03,0.07
EVT001857,SHP000181,Weather,5,0.4,0.21
EVT001858,SHP002952,Customs,2,0.78,0.81
EVT001859,SHP000635,Mechanical,3,0.34,0.9
EVT001860,SHP002275,Port Congestion,8,0.32,0.22
EVT001861,SHP001742,Weather,9,0.58,0.39
EVT001862,SHP001011,Port Congestion,8,0.8,0.97
EVT001863,SHP002437,Mechanical,14,0.48,1.0
EVT001864,SHP000129,Customs,8,0.14,0.3
EVT001865,SHP002362,Customs,10,0.25,0.85
EVT001866,SHP001784,Customs,6,0.05,0.11
EVT001867,SHP001952,Mechanical,13,0.42,0.26
EVT001868,SHP001938,Mechanical,6,0.63,0.52
EVT001869,SHP001539,Mechanical,6,0.54,0.21
EVT001870,SHP001420,Weather,1,0.38,0.48
EVT001871,SHP001453,Customs,3,0.37,0.36
EVT001872,SHP000362,Port Congestion,13,0.91,0.11
EVT001873,SHP002939,Weather,7,0.55,0.18
EVT001874,SHP001904,Customs,9,0.48,0.75
EVT001875,SHP001938,Port Congestion,6,0.3,0.77
EVT001876,SHP002216,Weather,13,0.47,0.07
EVT001877,SHP002175,Weather,10,0.76,0.67
EVT001878,SHP002363,Mechanical,12,0.15,0.18
EVT001879,SHP001362,Mechanical,11,0.46,0.93
EVT001880,SHP002629,Customs,2,0.74,0.25
EVT001881,SHP002190,Mechanical,13,0.66,0.42
EVT001882,SHP000712,Port Congestion,4,0.25,0.93
EVT001883,SHP000197,Mechanical,6,0.98,0.1
EVT001884,SHP002175,Port Congestion,5,0.28,0.55
EVT001885,SHP001511,Mechanical,9,0.89,0.17
EVT001886,SHP002653,Weather,7,0.99,0.71
EVT001887,SHP000768,Weather,5,0.22,0.43
EVT001888,SHP002550,Weather,6,0.74,0.94
EVT001889,SHP002582,Port Congestion,3,0.32,0.38
EVT001890,SHP001168,Mechanical,13,0.82,0.45
EVT001891,SHP000023,Mechanical,10,0.17,0.55
EVT001892,SHP000501,Customs,4,0.22,0.61
EVT001893,SHP000508,Weather,2,0.41,0.98
EVT001894,SHP001512,Port Congestion,7,0.53,0.43
EVT001895,SHP000035,Mechanical,3,0.17,0.92
EVT001896,SHP000329,Weather,7,0.59,0.72
EVT001897,SHP001415,Weather,7,0.12,0.44
EVT001898,SHP000260,Port Congestion,14,0.32,0.23
EVT001899,SHP000863,Customs,8,0.15,0.98
EVT001900,SHP001811,Port Congestion,2,0.2,0.01
EVT001901,SHP000898,Mechanical,10,0.02,0.82
EVT001902,SHP000402,Customs,4,0.18,0.43
EVT001903,SHP000359,Mechanical,8,0.45,0.55
EVT001904,SHP001900,Customs,13,0.24,0.29
EVT001905,SHP001167,Mechanical,3,0.33,0.74
EVT001906,SHP000396,Mechanical,8,0.97,0.54
EVT001907,SHP001787,Customs,14,0.52,0.82
EVT001908,SHP000008,Customs,13,0.23,0.86
EVT001909,SHP001597,Mechanical,3,0.32,0.54
EVT001910,SHP001511,Weather,8,0.93,0.79
EVT001911,SHP000096,Port Congestion,7,0.28,0.51
EVT001912,SHP000899,Mechanical,9,0.63,0.67
EVT001913,SHP001713,Mechanical,6,0.34,0.21
EVT001914,SHP002495,Customs,7,0.81,0.47
EVT001915,SHP002416,Mechanical,6,0.36,0.27
EVT001916,SHP002118,Mechanical,8,0.96,0.56
EVT001917,SHP001107,Weather,9,0.0,0.78
EVT001918,SHP002475,Mechanical,14,0.47,0.02
EVT001919,SHP002047,Weather,9,0.05,0.55
EVT001920,SHP002245,Customs,5,0.73,0.83
EVT001921,SHP002003,Customs,5,0.73,0.42
EVT001922,SHP000017,Port Congestion,2,0.03,0.95
EVT001923,SHP002643,Port Congestion,2,0.21,0.15
EVT001924,SHP000791,Weather,5,0.43,0.92
EVT001925,SHP002461,Mechanical,12,0.45,0.96
EVT001926,SHP000837,Weather,12,0.11,0.01
EVT001927,SHP001170,Customs,8,0.44,0.31
EVT001928,SHP000925,Mechanical,3,0.47,0.01
EVT001929,SHP002003,Customs,11,0.37,0.42
EVT001930,SHP001912,Customs,8,0.97,0.03
EVT001931,SHP002900,Port Congestion,3,0.17,0.9
EVT001932,SHP000619,Customs,9,0.8,0.69
EVT001933,SHP000598,Weather,4,0.09,0.58
EVT001934,SHP001679,Port Congestion,7,0.81,0.15
EVT001935,SHP002118,Mechanical,1,0.17,0.31
EVT001936,SHP001601,Mechanical,11,0.15,0.14
EVT001937,SHP000110,Customs,4,0.2,0.78
EVT001938,SHP002364,Mechanical,9,0.85,0.98
EVT001939,SHP001579,Weather,14,0.63,0.23
EVT001940,SHP000936,Mechanical,8,0.87,0.68
EVT001941,SHP001106,Port Congestion,3,0.07,0.45
EVT001942,SHP000709,Weather,7,0.44,0.93
EVT001943,SHP002232,Port Congestion,14,0.11,0.02
EVT001944,SHP001121,Port Congestion,6,0.13,0.9
EVT001945,SHP001674,Port Congestion,6,0.34,0.12
EVT001946,SHP001201,Mechanical,14,0.68,0.62
EVT001947,SHP001320,Customs,12,0.64,0.79
EVT001948,SHP002257,Customs,2,0.21,0.25
EVT001949,SHP002112,Mechanical,3,0.91,0.18
EVT001950,SHP000324,Port Congestion,14,0.46,0.54
EVT001951,SHP002466,Mechanical,2,0.31,0.08
EVT001952,SHP001542,Port Congestion,8,0.45,0.51
EVT001953,SHP001799,Weather,8,0.85,0.59
EVT001954,SHP000769,Weather,10,0.22,0.23
EVT001955,SHP001677,Mechanical,12,0.99,0.26
EVT001956,SHP000751,Weather,6,0.06,0.3
EVT001957,SHP002116,Weather,14,0.06,0.5
EVT001958,SHP001044,Mechanical,9,0.07,0.78
EVT001959,SHP002089,Customs,9,0.78,0.44
EVT001960,SHP002055,Weather,10,0.62,0.01
EVT001961,SHP001532,Port Congestion,14,0.5,0.52
EVT001962,SHP002923,Customs,4,0.11,0.23
EVT001963,SHP002027,Customs,14,0.63,0.36
EVT001964,SHP000336,Mechanical,9,0.16,0.5
EVT001965,SHP001754,Weather,4,0.82,0.73
EVT001966,SHP000529,Weather,9,0.08,0.67
EVT001967,SHP002156,Mechanical,5,0.29,0.71
EVT001968,SHP000628,Port Congestion,8,0.18,0.37
EVT001969,SHP001204,Customs,10,0.76,0.92
EVT001970,SHP000519,Port Congestion,12,0.91,0.17
EVT001971,SHP002178,Mechanical,13,0.78,0.36
EVT001972,SHP000476,Weather,6,0.7,0.69
EVT001973,SHP001342,Port Congestion,7,0.14,0.52
EVT001974,SHP001409,Mechanical,11,0.75,0.79
EVT001975,SHP000654,Mechanical,3,0.24,0.09
EVT001976,SHP002314,Port Congestion,4,0.11,0.71
EVT001977,SHP001535,Weather,3,0.25,0.98
EVT001978,SHP001044,Port Congestion,11,0.28,0.01
EVT001979,SHP001536,Weather,1,0.08,0.98
EVT001980,SHP000501,Port Congestion,1,0.85,0.98
EVT001981,SHP001373,Customs,11,0.16,0.9
EVT001982,SHP001014,Customs,11,0.14,0.43
EVT001983,SHP000809,Weather,10,0.27,0.72
EVT001984,SHP001808,Customs,3,0.1,0.53
EVT001985,SHP000865,Mechanical,9,0.04,0.59
EVT001986,SHP000651,Port Congestion,11,0.92,0.37
EVT001987,SHP000304,Port Congestion,4,0.19,0.67
EVT001988,SHP002786,Port Congestion,13,0.32,0.98
EVT001989,SHP001110,Port Congestion,5,0.64,0.36
EVT001990,SHP002060,Mechanical,8,0.34,0.48
EVT001991,SHP000036,Port Congestion,9,0.7,0.59
EVT001992,SHP000376,Customs,2,0.7,0.05
EVT001993,SHP002323,Port Congestion,5,0.22,0.97
EVT001994,SHP001779,Customs,12,0.01,0.91
EVT001995,SHP002263,Mechanical,13,0.48,0.55
EVT001996,SHP000977,Weather,11,0.78,0.09
EVT001997,SHP002536,Port Congestion,6,0.34,0.86
EVT001998,SHP001911,Customs,10,0.64,0.28
EVT001999,SHP002691,Port Congestion,13,0.71,0.14
EVT002000,SHP001796,Customs,7,0.26,0.45
EVT002001,SHP001818,Weather,2,0.08,0.49
EVT002002,SHP002396,Weather,13,0.82,0.79
EVT002003,SHP000632,Weather,9,0.36,0.19
EVT002004,SHP000339,Weather,1,0.04,0.32
EVT002005,SHP002761,Mechanical,6,0.38,0.36
EVT002006,SHP001337,Customs,4,0.5,0.32
EVT002007,SHP002402,Customs,6,0.19,0.97
EVT002008,SHP000968,Port Congestion,11,0.19,0.7
EVT002009,SHP002690,Customs,1,0.98,0.65
EVT002010,SHP001147,Mechanical,13,0.97,0.35
EVT002011,SHP002740,Port Congestion,5,0.26,0.7
EVT002012,SHP002952,Weather,11,0.0,0.72
EVT002013,SHP001484,Weather,5,0.25,0.64
EVT002014,SHP001135,Weather,11,0.83,0.69
EVT002015,SHP000371,Customs,14,0.1,0.74
EVT002016,SHP000916,Mechanical,4,0.57,0.37
EVT002017,SHP000957,Mechanical,3,0.67,0.39
EVT002018,SHP002937,Port Congestion,3,0.1,0.11
EVT002019,SHP000986,Weather,9,0.21,0.25
EVT002020,SHP001527,Customs,8,0.75,0.84
EVT002021,SHP002898,Mechanical,2,0.84,0.85
EVT002022,SHP000381,Customs,4,0.3,0.67
EVT002023,SHP000028,Weather,5,0.49,0.99
EVT002024,SHP000064,Port Congestion,14,0.65,0.36
EVT002025,SHP001414,Customs,10,0.72,0.94
EVT002026,SHP002944,Mechanical,11,0.85,0.12
EVT002027,SHP001235,Customs,2,0.61,0.47
EVT002028,SHP000454,Customs,7,0.16,0.75
EVT002029,SHP001557,Customs,1,0.54,0.51
EVT002030,SHP002673,Port Congestion,1,0.05,0.62
EVT002031,SHP002072,Port Congestion,1,0.07,0.47
EVT002032,SHP002979,Port Congestion,2,0.49,0.18
EVT002033,SHP000807,Mechanical,14,0.76,0.12
EVT002034,SHP002640,Weather,10,0.63,0.99
EVT002035,SHP000510,Mechanical,12,0.41,0.22
EVT002036,SHP000970,Port Congestion,5,0.45,0.16
EVT002037,SHP000316,Weather,10,0.57,0.66
EVT002038,SHP002635,Port Congestion,9,0.81,0.54
EVT002039,SHP001578,Port Congestion,7,0.82,0.42
EVT002040,SHP002498,Customs,2,0.37,0.43
EVT002041,SHP002770,Weather,3,0.43,0.79
EVT002042,SHP001497,Port Congestion,7,0.85,0.08
EVT002043,SHP000410,Customs,14,0.27,0.81
EVT002044,SHP001744,Weather,11,0.19,0.26
EVT002045,SHP001762,Port Congestion,13,0.01,0.57
EVT002046,SHP002427,Customs,5,0.92,0.93
EVT002047,SHP000119,Mechanical,2,0.17,0.55
EVT002048,SHP001382,Port Congestion,7,0.17,0.35
EVT002049,SHP001462,Weather,3,0.24,0.63
EVT002050,SHP001239,Customs,10,0.8,0.82
EVT002051,SHP000698,Customs,13,0.17,0.37
EVT002052,SHP000054,Customs,3,0.09,0.75
EVT002053,SHP001676,Weather,10,0.83,0.27
EVT002054,SHP001261,Weather,2,0.02,0.68
EVT002055,SHP002454,Mechanical,3,0.91,0.48
EVT002056,SHP002880,Customs,1,0.45,0.61
EVT002057,SHP002340,Customs,4,0.7,0.41
EVT002058,SHP000501,Customs,6,0.67,0.05
EVT002059,SHP002167,Port Congestion,5,0.78,0.35
EVT002060,SHP002531,Port Congestion,11,0.25,0.26
EVT002061,SHP001571,Port Congestion,7,0.32,0.8
EVT002062,SHP000345,Customs,9,0.69,1.0
EVT002063,SHP000116,Mechanical,4,0.39,0.03
EVT002064,SHP002841,Mechanical,1,0.07,0.36
EVT002065,SHP001237,Customs,2,0.94,0.86
EVT002066,SHP002816,Mechanical,9,0.64,0.19
EVT002067,SHP000599,Weather,8,0.24,0.29
EVT002068,SHP001166,Port Congestion,13,0.16,0.62
EVT002069,SHP001679,Customs,13,0.94,0.27
EVT002070,SHP000888,Port Congestion,14,0.42,0.96
EVT002071,SHP001178,Port Congestion,2,0.55,0.51
EVT002072,SHP002820,Port Congestion,13,0.28,0.56
EVT002073,SHP001966,Port Congestion,13,0.57,0.12
EVT002074,SHP002798,Port Congestion,3,0.1,0.39
EVT002075,SHP002088,Mechanical,13,0.44,0.11
EVT002076,SHP000086,Customs,11,0.32,0.66
EVT002077,SHP001749,Weather,1,0.62,0.63
EVT002078,SHP000172,Weather,5,0.52,0.24
EVT002079,SHP000669,Mechanical,7,0.13,0.91
EVT002080,SHP001567,Mechanical,13,0.16,0.61
EVT002081,SHP001731,Mechanical,2,0.78,0.62
EVT002082,SHP002950,Customs,3,0.54,0.27
EVT002083,SHP002693,Mechanical,2,0.74,0.48
EVT002084,SHP002595,Weather,13,0.01,0.9
EVT002085,SHP000513,Weather,1,0.47,0.55
EVT002086,SHP000267,Mechanical,13,0.87,0.94
EVT002087,SHP001963,Port Congestion,10,0.73,0.79
EVT002088,SHP000659,Weather,2,0.23,0.89
EVT002089,SHP002692,Customs,9,0.88,0.03
EVT002090,SHP000228,Customs,7,0.74,0.35
EVT002091,SHP000600,Mechanical,12,0.51,0.21
EVT002092,SHP000758,Weather,11,0.24,0.14
EVT002093,SHP000956,Mechanical,9,0.89,0.23
EVT002094,SHP002306,Weather,8,0.28,0.33
EVT002095,SHP000787,Port Congestion,1,0.72,0.68
EVT002096,SHP002596,Weather,8,0.25,0.21
EVT002097,SHP002458,Port Congestion,6,0.57,0.16
EVT002098,SHP000332,Customs,4,0.56,0.4
EVT002099,SHP001755,Mechanical,1,0.01,0.02
EVT002100,SHP000577,Customs,13,0.4,0.53
EVT002101,SHP000539,Weather,7,0.51,0.7
EVT002102,SHP001005,Customs,7,0.86,0.02
EVT002103,SHP000695,Weather,12,0.64,0.77
EVT002104,SHP002569,Customs,4,0.74,0.76
EVT002105,SHP002366,Weather,8,0.66,0.24
EVT002106,SHP001118,Customs,3,0.47,0.27
EVT002107,SHP001185,Mechanical,2,0.97,0.3
EVT002108,SHP002567,Port Congestion,3,0.58,0.65
EVT002109,SHP000762,Port Congestion,12,0.74,0.9
EVT002110,SHP000834,Mechanical,4,0.17,0.66
EVT002111,SHP001247,Customs,7,0.98,0.95
EVT002112,SHP001417,Mechanical,7,0.49,0.2
EVT002113,SHP001195,Port Congestion,2,0.24,0.91
EVT002114,SHP001035,Weather,12,0.58,0.83
EVT002115,SHP000116,Weather,11,0.03,0.7
EVT002116,SHP000423,Customs,2,0.46,0.18
EVT002117,SHP001871,Mechanical,5,0.6,0.24
EVT002118,SHP000642,Mechanical,1,0.75,0.09
EVT002119,SHP001821,Weather,8,0.13,0.45
EVT002120,SHP002233,Mechanical,12,0.98,0.0
EVT002121,SHP002438,Customs,5,0.77,0.47
EVT002122,SHP000792,Port Congestion,6,0.22,0.7
EVT002123,SHP002702,Customs,11,0.2,0.85
EVT002124,SHP001864,Weather,3,0.48,0.38
EVT002125,SHP000859,Mechanical,1,0.3,0.9
EVT002126,SHP000647,Weather,11,0.65,0.27
EVT002127,SHP000868,Port Congestion,3,0.37,0.4
EVT002128,SHP001214,Weather,10,0.68,0.11
EVT002129,SHP000119,Port Congestion,12,0.79,0.33
EVT002130,SHP002518,Customs,7,0.63,0.49
EVT002131,SHP000320,Weather,6,0.73,0.19
EVT002132,SHP000644,Mechanical,1,0.83,0.12
EVT002133,SHP002057,Port Congestion,14,0.26,0.78
EVT002134,SHP001919,Port Congestion,8,0.55,0.45
EVT002135,SHP001525,Mechanical,2,0.64,0.71
EVT002136,SHP000772,Mechanical,10,0.28,0.64
EVT002137,SHP000171,Weather,13,0.26,0.66
EVT002138,SHP001718,Port Congestion,4,0.27,0.95
EVT002139,SHP000734,Customs,1,0.77,0.45
EVT002140,SHP000965,Customs,12,0.78,0.38
EVT002141,SHP000151,Port Congestion,13,0.98,0.74
EVT002142,SHP000677,Weather,5,0.88,0.77
EVT002143,SHP000179,Mechanical,1,0.24,0.28
EVT002144,SHP001258,Weather,5,0.32,0.44
EVT002145,SHP001581,Weather,11,0.79,0.92
EVT002146,SHP002089,Customs,3,0.53,0.67
EVT002147,SHP000192,Weather,5,0.54,0.58
EVT002148,SHP002627,Mechanical,3,0.87,0.19
EVT002149,SHP000967,Customs,6,0.22,0.64
EVT002150,SHP000527,Mechanical,5,0.43,0.19
EVT002151,SHP002612,Mechanical,7,0.3,0.08
EVT002152,SHP001632,Weather,6,0.03,0.31
EVT002153,SHP001834,Weather,6,0.91,0.71
EVT002154,SHP000580,Mechanical,4,0.58,0.96
EVT002155,SHP001551,Mechanical,4,0.45,0.32
EVT002156,SHP001070,Customs,14,0.58,0.96
EVT002157,SHP001677,Weather,13,0.12,0.09
EVT002158,SHP001841,Mechanical,6,0.02,0.41
EVT002159,SHP000949,Weather,11,0.61,0.11
EVT002160,SHP001298,Port Congestion,11,0.24,0.88
EVT002161,SHP002580,Customs,14,0.88,0.51
EVT002162,SHP001038,Customs,11,0.64,0.92
EVT002163,SHP000076,Port Congestion,14,0.27,0.7
EVT002164,SHP001723,Mechanical,12,0.83,0.63
EVT002165,SHP001909,Weather,14,0.96,0.82
EVT002166,SHP002116,Weather,3,0.4,0.39
EVT002167,SHP002282,Customs,14,0.85,0.02
EVT002168,SHP001461,Customs,11,0.7,0.0
EVT002169,SHP001042,Mechanical,14,0.02,0.09
EVT002170,SHP002852,Port Congestion,9,0.11,0.11
EVT002171,SHP001083,Weather,11,0.76,0.03
EVT002172,SHP002902,Weather,3,0.54,0.04
EVT002173,SHP000869,Customs,5,0.42,0.07
EVT002174,SHP002246,Customs,4,0.14,0.47
EVT002175,SHP000151,Weather,12,0.35,0.79
EVT002176,SHP001683,Weather,11,0.81,0.86
EVT002177,SHP001219,Customs,4,0.61,0.46
EVT002178,SHP000586,Mechanical,4,0.84,0.7
EVT002179,SHP002473,Mechanical,6,0.18,0.87
EVT002180,SHP000580,Port Congestion,11,0.17,0.77
EVT002181,SHP001205,Port Congestion,8,0.7,0.86
EVT002182,SHP001966,Port Congestion,14,0.73,0.78
EVT002183,SHP002735,Port Congestion,10,0.6,0.01
EVT002184,SHP001983,Mechanical,8,0.68,0.74
EVT002185,SHP001499,Weather,6,0.46,0.47
EVT002186,SHP001729,Mechanical,9,0.2,0.34
EVT002187,SHP000757,Customs,1,0.69,0.12
EVT002188,SHP001144,Mechanical,11,0.95,0.84
EVT002189,SHP002300,Port Congestion,8,0.7,0.43
EVT002190,SHP001787,Port Congestion,1,0.06,0.79
EVT002191,SHP001932,Customs,4,0.76,0.61
EVT002192,SHP000160,Customs,2,0.03,0.87
EVT002193,SHP002265,Customs,11,0.53,0.67
EVT002194,SHP002530,Mechanical,11,0.31,0.68
EVT002195,SHP001288,Weather,6,0.26,0.64
EVT002196,SHP001702,Customs,5,0.05,0.14
EVT002197,SHP002174,Mechanical,9,0.71,0.8
EVT002198,SHP001042,Port Congestion,2,0.17,0.97
EVT002199,SHP000553,Mechanical,3,0.55,0.57
EVT002200,SHP000654,Mechanical,8,0.36,0.38
EVT002201,SHP001534,Weather,14,0.33,0.29
EVT002202,SHP001579,Port Congestion,13,0.24,0.11
EVT002203,SHP001637,Mechanical,8,0.75,0.61
EVT002204,SHP002934,Port Congestion,5,0.8,0.94
EVT002205,SHP001854,Customs,1,0.91,0.33
EVT002206,SHP002892,Port Congestion,14,0.24,0.42
EVT002207,SHP001916,Port Congestion,6,0.26,0.85
EVT002208,SHP000393,Mechanical,7,0.09,0.04
EVT002209,SHP002285,Mechanical,8,0.67,0.75
EVT002210,SHP002267,Customs,10,0.2,0.28
EVT002211,SHP002274,Customs,13,0.28,0.61
EVT002212,SHP001466,Mechanical,8,0.36,0.93
EVT002213,SHP000006,Mechanical,5,0.55,0.21
EVT002214,SHP000962,Weather,7,0.92,0.27
EVT002215,SHP002113,Weather,5,0.37,0.35
EVT002216,SHP002911,Customs,5,0.09,0.24
EVT002217,SHP001504,Customs,3,0.49,0.35
EVT002218,SHP002968,Weather,4,0.97,0.86
EVT002219,SHP000388,Port Congestion,12,0.83,0.43
EVT002220,SHP000654,Customs,4,0.77,0.93
EVT002221,SHP002290,Weather,9,0.48,0.55
EVT002222,SHP001370,Customs,7,0.01,0.65
EVT002223,SHP001708,Mechanical,13,1.0,0.34
EVT002224,SHP000343,Customs,11,0.16,0.87
EVT002225,SHP002603,Port Congestion,9,0.3,0.69
EVT002226,SHP002339,Port Congestion,6,0.48,0.51
EVT002227,SHP002317,Port Congestion,13,0.58,0.72
EVT002228,SHP002112,Mechanical,3,0.11,0.43
EVT002229,SHP000088,Port Congestion,4,0.56,0.31
EVT002230,SHP001871,Customs,12,0.71,0.63
EVT002231,SHP001660,Customs,10,0.63,0.66
EVT002232,SHP002171,Customs,3,0.67,0.0
EVT002233,SHP002499,Customs,3,0.44,0.71
EVT002234,SHP001008,Port Congestion,4,0.15,0.98
EVT002235,SHP002235,Weather,1,0.67,0.68
EVT002236,SHP001110,Mechanical,14,0.36,1.0
EVT002237,SHP000388,Customs,1,0.55,0.19
EVT002238,SHP001945,Port Congestion,13,0.51,0.88
EVT002239,SHP001079,Weather,10,0.27,0.1
EVT002240,SHP001122,Mechanical,9,0.27,0.21
EVT002241,SHP001770,Customs,7,0.16,0.77
EVT002242,SHP001855,Port Congestion,6,0.1,0.29
EVT002243,SHP001193,Mechanical,8,0.41,0.61
EVT002244,SHP002345,Weather,1,0.63,0.88
EVT002245,SHP002269,Customs,12,0.36,0.89
EVT002246,SHP001087,Mechanical,12,0.47,0.42
EVT002247,SHP000753,Mechanical,2,0.63,0.71
EVT002248,SHP002581,Weather,11,0.17,0.33
EVT002249,SHP001597,Customs,9,0.24,0.17
EVT002250,SHP002872,Mechanical,13,0.61,0.87
EVT002251,SHP002454,Weather,2,0.62,0.31
EVT002252,SHP001804,Mechanical,5,0.81,0.44
EVT002253,SHP000119,Mechanical,4,0.43,0.18
EVT002254,SHP001808,Customs,3,0.34,0.39
EVT002255,SHP002777,Customs,11,0.42,0.65
EVT002256,SHP001672,Mechanical,8,0.42,0.67
EVT002257,SHP002639,Port Congestion,2,0.56,0.3
EVT002258,SHP001235,Port Congestion,3,0.84,0.85
EVT002259,SHP001103,Mechanical,1,0.97,0.98
EVT002260,SHP001058,Mechanical,2,0.17,0.35
EVT002261,SHP002235,Customs,4,0.93,0.17
EVT002262,SHP001350,Mechanical,4,0.46,0.2
EVT002263,SHP002767,Mechanical,12,0.04,0.57
EVT002264,SHP002572,Port Congestion,7,0.53,0.26
EVT002265,SHP000968,Weather,3,0.47,0.56
EVT002266,SHP001053,Weather,4,0.76,0.98
EVT002267,SHP002351,Port Congestion,10,0.03,0.79
EVT002268,SHP000069,Mechanical,12,0.75,0.65
EVT002269,SHP001763,Port Congestion,6,0.72,0.34
EVT002270,SHP001168,Port Congestion,5,0.55,0.59
EVT002271,SHP001858,Mechanical,4,0.29,0.1
EVT002272,SHP002162,Customs,8,0.07,0.93
EVT002273,SHP002116,Mechanical,14,0.45,0.45
EVT002274,SHP000133,Port Congestion,12,0.65,0.61
EVT002275,SHP002807,Mechanical,6,0.21,0.18
EVT002276,SHP002365,Mechanical,4,0.7,0.36
EVT002277,SHP000427,Weather,12,0.78,0.35
EVT002278,SHP000460,Customs,11,0.85,0.06
EVT002279,SHP001119,Mechanical,2,0.73,0.23
EVT002280,SHP000462,Weather,3,0.9,0.12
EVT002281,SHP001008,Weather,4,0.85,0.25
EVT002282,SHP000878,Weather,7,0.92,0.48
EVT002283,SHP002692,Port Congestion,14,0.15,0.43
EVT002284,SHP002618,Port Congestion,4,0.09,0.08
EVT002285,SHP000818,Port Congestion,4,0.21,0.55
EVT002286,SHP002945,Weather,10,0.59,0.51
EVT002287,SHP002438,Port Congestion,6,0.49,0.85
EVT002288,SHP001556,Port Congestion,13,0.91,0.59
EVT002289,SHP002152,Mechanical,10,0.63,0.35
EVT002290,SHP002466,Mechanical,1,0.77,0.03
EVT002291,SHP000712,Weather,6,0.75,0.92
EVT002292,SHP001193,Port Congestion,10,0.14,0.8
EVT002293,SHP001870,Customs,8,0.19,0.14
EVT002294,SHP001556,Customs,8,0.02,0.25
EVT002295,SHP002207,Mechanical,2,0.82,0.67
EVT002296,SHP000635,Port Congestion,10,0.88,0.86
EVT002297,SHP001137,Customs,5,0.28,0.98
EVT002298,SHP002402,Customs,5,0.18,0.95
EVT002299,SHP002806,Customs,4,0.32,0.54
EVT002300,SHP002654,Mechanical,7,0.0,0.14
EVT002301,SHP002266,Mechanical,6,0.71,0.16
EVT002302,SHP001414,Customs,3,0.4,0.03
EVT002303,SHP002362,Mechanical,1,0.69,0.28
EVT002304,SHP002979,Weather,8,0.06,0.15
EVT002305,SHP002441,Port Congestion,8,0.12,0.22
EVT002306,SHP002740,Weather,7,0.36,0.97
EVT002307,SHP000235,Customs,14,0.88,0.49
EVT002308,SHP001007,Mechanical,11,0.88,0.11
EVT002309,SHP002055,Customs,1,0.31,0.89
EVT002310,SHP001501,Customs,5,0.41,0.27
EVT002311,SHP002795,Mechanical,1,0.8,0.7
EVT002312,SHP000670,Mechanical,6,0.87,0.36
EVT002313,SHP001878,Customs,9,0.19,1.0
EVT002314,SHP000324,Customs,5,0.43,0.07
EVT002315,SHP002617,Weather,3,0.13,0.82
EVT002316,SHP001085,Customs,6,0.88,0.73
EVT002317,SHP002494,Customs,9,0.1,0.09
EVT002318,SHP001643,Weather,5,0.8,0.3
EVT002319,SHP002168,Port Congestion,10,0.86,0.22
EVT002320,SHP000139,Customs,4,0.83,0.87
EVT002321,SHP000950,Mechanical,12,0.64,0.18
EVT002322,SHP002756,Port Congestion,4,0.67,0.87
EVT002323,SHP001374,Customs,14,0.43,0.91
EVT002324,SHP000457,Weather,7,0.77,0.23
EVT002325,SHP000825,Port Congestion,11,0.25,0.41
EVT002326,SHP001217,Port Congestion,10,0.3,0.52
EVT002327,SHP000006,Customs,9,0.34,0.89
EVT002328,SHP002381,Port Congestion,2,0.7,0.31
EVT002329,SHP001009,Customs,9,0.13,0.36
EVT002330,SHP001697,Customs,3,0.26,0.31
EVT002331,SHP001254,Customs,4,0.01,0.92
EVT002332,SHP001818,Customs,12,0.83,0.62
EVT002333,SHP001171,Mechanical,13,0.1,0.7
EVT002334,SHP001720,Port Congestion,4,0.74,0.61
EVT002335,SHP000301,Mechanical,7,0.86,0.15
EVT002336,SHP000864,Port Congestion,11,0.59,0.08
EVT002337,SHP002048,Mechanical,1,0.05,0.49
EVT002338,SHP002715,Port Congestion,9,0.88,0.11
EVT002339,SHP000030,Mechanical,11,0.64,0.36
EVT002340,SHP000283,Customs,14,0.51,0.16
EVT002341,SHP001065,Weather,13,0.5,0.25
EVT002342,SHP001356,Mechanical,6,0.58,0.36
EVT002343,SHP002901,Weather,11,0.53,0.8
EVT002344,SHP002201,Customs,5,0.26,0.41
EVT002345,SHP001776,Customs,1,0.75,0.09
EVT002346,SHP000460,Mechanical,5,0.17,0.56
EVT002347,SHP001196,Mechanical,11,0.16,0.07
EVT002348,SHP001907,Port Congestion,8,0.13,0.04
EVT002349,SHP001708,Weather,6,0.98,0.84
EVT002350,SHP000559,Mechanical,10,0.27,0.05
EVT002351,SHP000953,Mechanical,6,0.93,0.75
EVT002352,SHP002570,Port Congestion,8,0.31,1.0
EVT002353,SHP001867,Weather,10,0.41,0.66
EVT002354,SHP002973,Mechanical,2,0.49,0.5
EVT002355,SHP002510,Port Congestion,2,0.54,0.22
EVT002356,SHP000436,Mechanical,2,0.14,0.3
EVT002357,SHP002552,Mechanical,12,0.78,0.64
EVT002358,SHP001281,Weather,8,0.61,0.91
EVT002359,SHP000859,Port Congestion,6,1.0,0.81
EVT002360,SHP002979,Customs,13,0.73,0.45
EVT002361,SHP000408,Mechanical,9,0.73,0.27
EVT002362,SHP001057,Mechanical,3,0.13,0.79
EVT002363,SHP002926,Weather,3,0.73,0.15
EVT002364,SHP000969,Weather,3,0.58,0.55
EVT002365,SHP000402,Customs,13,0.97,0.23
EVT002366,SHP001473,Customs,3,0.58,0.9
EVT002367,SHP002067,Weather,11,0.51,0.09
EVT002368,SHP001777,Weather,11,0.44,0.88
EVT002369,SHP001998,Mechanical,9,0.92,0.67
EVT002370,SHP002075,Weather,13,0.54,0.16
EVT002371,SHP001401,Weather,4,0.11,0.37
EVT002372,SHP001883,Customs,14,0.01,0.86
EVT002373,SHP001870,Port Congestion,9,0.82,0.15
EVT002374,SHP000050,Weather,12,0.84,0.26
EVT002375,SHP001863,Weather,12,0.67,0.52
EVT002376,SHP001253,Port Congestion,6,0.6,0.86
EVT002377,SHP000145,Port Congestion,3,0.07,0.49
EVT002378,SHP001840,Weather,5,0.26,0.04
EVT002379,SHP002332,Customs,14,0.78,0.57
EVT002380,SHP001548,Customs,7,0.62,0.39
EVT002381,SHP000552,Weather,14,0.83,0.76
EVT002382,SHP000084,Weather,11,0.79,0.17
EVT002383,SHP001554,Mechanical,5,0.72,0.54
EVT002384,SHP001781,Port Congestion,6,0.4,0.54
EVT002385,SHP000675,Port Congestion,5,0.52,0.41
EVT002386,SHP001894,Mechanical,6,0.83,0.83
EVT002387,SHP002839,Port Congestion,5,0.39,0.67
EVT002388,SHP002674,Port Congestion,4,0.41,0.73
EVT002389,SHP001464,Mechanical,6,0.75,0.73
EVT002390,SHP002536,Customs,10,0.81,0.8
EVT002391,SHP002193,Port Congestion,2,0.49,0.34
EVT002392,SHP000020,Port Congestion,9,0.65,0.96
EVT002393,SHP001077,Mechanical,10,0.97,0.6
EVT002394,SHP001923,Mechanical,13,0.78,0.2
EVT002395,SHP001518,Customs,7,0.86,0.65
EVT002396,SHP002832,Port Congestion,5,0.48,0.63
EVT002397,SHP002479,Mechanical,6,0.39,0.37
EVT002398,SHP002435,Weather,11,0.47,0.35
EVT002399,SHP001863,Customs,13,0.27,0.46
EVT002400,SHP001696,Port Congestion,5,0.37,0.07
EVT002401,SHP001768,Port Congestion,14,0.74,0.92
EVT002402,SHP002988,Mechanical,2,0.97,0.54
EVT002403,SHP000861,Weather,14,0.3,0.93
EVT002404,SHP000163,Weather,13,0.16,0.87
EVT002405,SHP000490,Mechanical,9,0.85,0.16
EVT002406,SHP000049,Mechanical,1,0.43,0.03
EVT002407,SHP000740,Mechanical,3,0.35,0.4
EVT002408,SHP002888,Mechanical,2,0.41,0.42
EVT002409,SHP002094,Port Congestion,13,0.82,0.78
EVT002410,SHP000663,Weather,8,0.62,0.38
EVT002411,SHP000572,Weather,11,0.95,0.63
EVT002412,SHP002989,Port Congestion,10,0.37,0.49
EVT002413,SHP001582,Weather,10,0.0,0.69
EVT002414,SHP001074,Weather,11,0.71,0.87
EVT002415,SHP002012,Mechanical,8,0.85,0.05
EVT002416,SHP002946,Mechanical,1,0.3,0.39
EVT002417,SHP001804,Port Congestion,6,0.23,0.63
EVT002418,SHP001207,Port Congestion,5,0.37,0.11
EVT002419,SHP000984,Customs,1,0.52,0.86
EVT002420,SHP000779,Mechanical,12,0.92,0.87
EVT002421,SHP001089,Weather,10,0.22,0.24
EVT002422,SHP001453,Customs,4,0.09,0.66
EVT002423,SHP000537,Weather,3,0.62,0.06
EVT002424,SHP001753,Port Congestion,10,0.94,0.31
EVT002425,SHP000401,Weather,7,0.53,0.25
EVT002426,SHP000712,Customs,8,0.67,0.23
EVT002427,SHP001571,Port Congestion,6,0.55,0.5
EVT002428,SHP002585,Customs,9,0.69,0.91
EVT002429,SHP001669,Port Congestion,8,0.9,0.91
EVT002430,SHP000632,Customs,7,0.41,0.24
EVT002431,SHP000747,Weather,14,0.47,0.7
EVT002432,SHP001539,Weather,11,0.77,0.01
EVT002433,SHP000046,Mechanical,2,0.19,0.89
EVT002434,SHP002469,Customs,14,0.2,0.34
EVT002435,SHP001062,Weather,1,0.27,0.92
EVT002436,SHP002930,Mechanical,14,0.31,0.94
EVT002437,SHP000289,Customs,12,0.87,0.57
EVT002438,SHP002613,Customs,4,0.57,0.43
EVT002439,SHP002208,Mechanical,10,0.38,0.46
EVT002440,SHP001649,Port Congestion,11,0.45,0.54
EVT002441,SHP002718,Weather,6,0.68,0.35
EVT002442,SHP000205,Weather,11,0.85,0.67
EVT002443,SHP001047,Customs,4,0.11,0.24
EVT002444,SHP000497,Weather,10,0.18,0.53
EVT002445,SHP000959,Customs,13,0.77,0.54
EVT002446,SHP001171,Weather,1,0.19,0.69
EVT002447,SHP002360,Mechanical,12,0.15,0.53
EVT002448,SHP000540,Weather,2,0.65,0.94
EVT002449,SHP000419,Port Congestion,3,0.11,0.71
EVT002450,SHP002809,Customs,11,0.85,0.68
EVT002451,SHP000077,Weather,2,0.77,0.39
EVT002452,SHP000238,Port Congestion,7,0.97,0.23
EVT002453,SHP000079,Mechanical,2,0.86,0.09
EVT002454,SHP002576,Port Congestion,14,0.33,0.56
EVT002455,SHP000063,Mechanical,2,0.46,0.14
EVT002456,SHP001445,Weather,6,0.99,0.57
EVT002457,SHP001311,Port Congestion,1,0.0,0.37
EVT002458,SHP002637,Weather,5,0.5,0.09
EVT002459,SHP000235,Customs,6,0.93,0.05
EVT002460,SHP001683,Mechanical,4,0.8,0.07
EVT002461,SHP001457,Mechanical,7,0.37,0.06
EVT002462,SHP001812,Mechanical,14,0.31,0.51
EVT002463,SHP000919,Customs,5,0.06,0.44
EVT002464,SHP002305,Mechanical,8,0.18,0.73
EVT002465,SHP000146,Port Congestion,3,0.11,0.15
EVT002466,SHP001958,Weather,14,0.31,0.04
EVT002467,SHP001741,Mechanical,1,0.82,0.11
EVT002468,SHP000004,Customs,13,0.87,0.86
EVT002469,SHP000856,Customs,5,0.79,0.2
EVT002470,SHP000771,Port Congestion,6,0.77,0.98
EVT002471,SHP001366,Mechanical,7,0.11,0.38
EVT002472,SHP001202,Mechanical,3,0.78,0.35
EVT002473,SHP002410,Port Congestion,14,0.2,0.07
EVT002474,SHP000140,Port Congestion,10,0.11,0.12
EVT002475,SHP002475,Port Congestion,1,0.17,0.83
EVT002476,SHP001337,Weather,1,0.31,0.79
EVT002477,SHP000948,Port Congestion,6,0.71,0.89
EVT002478,SHP001405,Port Congestion,13,0.34,0.79
EVT002479,SHP002614,Mechanical,9,0.26,0.64
EVT002480,SHP002223,Mechanical,14,0.97,0.07
EVT002481,SHP002756,Customs,4,0.81,0.16
EVT002482,SHP000143,Customs,3,0.09,0.62
EVT002483,SHP002071,Weather,2,0.86,0.15
EVT002484,SHP000748,Port Congestion,13,0.07,0.73
EVT002485,SHP002903,Weather,9,0.04,0.06
EVT002486,SHP001728,Mechanical,6,0.77,0.64
EVT002487,SHP001163,Mechanical,2,0.55,0.9
EVT002488,SHP002281,Port Congestion,13,0.2,0.63
EVT002489,SHP001794,Weather,8,0.26,0.71
EVT002490,SHP001109,Port Congestion,1,0.29,0.74
EVT002491,SHP002339,Port Congestion,9,0.69,0.54
EVT002492,SHP001971,Weather,9,0.57,0.01
EVT002493,SHP002456,Weather,9,0.87,0.36
EVT002494,SHP002092,Port Congestion,4,0.89,0.04
EVT002495,SHP001806,Weather,5,0.32,0.79
EVT002496,SHP000363,Weather,6,0.33,0.04
EVT002497,SHP001490,Weather,14,0.56,0.7
EVT002498,SHP000986,Customs,13,0.98,0.98
EVT002499,SHP002069,Mechanical,10,0.13,0.59
EVT002500,SHP002495,Weather,1,0.82,0.32
EVT002501,SHP002590,Weather,10,0.63,0.7
EVT002502,SHP002369,Port Congestion,10,0.59,0.43
EVT002503,SHP002986,Customs,13,0.69,0.69
EVT002504,SHP000192,Weather,14,0.86,0.83
EVT002505,SHP002598,Customs,7,0.4,0.52
EVT002506,SHP001059,Customs,7,0.39,0.53
EVT002507,SHP000268,Port Congestion,4,0.18,0.32
EVT002508,SHP002776,Mechanical,8,0.09,0.36
EVT002509,SHP000589,Mechanical,7,0.38,0.32
EVT002510,SHP001962,Customs,9,0.1,0.56
EVT002511,SHP002367,Customs,10,0.15,0.13
EVT002512,SHP002398,Mechanical,12,0.49,0.48
EVT002513,SHP002530,Mechanical,11,0.08,0.54
EVT002514,SHP000405,Customs,14,0.18,0.7
EVT002515,SHP000687,Weather,9,0.83,0.06
EVT002516,SHP001162,Customs,10,0.22,0.79
EVT002517,SHP001592,Weather,13,0.06,0.86
EVT002518,SHP002216,Customs,3,0.48,0.3
EVT002519,SHP002178,Port Congestion,14,0.18,0.67
EVT002520,SHP002675,Mechanical,4,0.15,0.45
EVT002521,SHP002413,Mechanical,3,0.44,0.06
EVT002522,SHP002781,Mechanical,10,0.34,0.41
EVT002523,SHP001345,Customs,8,0.66,0.31
EVT002524,SHP000623,Weather,9,0.68,0.34
EVT002525,SHP001522,Weather,10,0.94,0.15
EVT002526,SHP002162,Mechanical,6,0.67,0.63
EVT002527,SHP002556,Customs,14,0.22,0.94
EVT002528,SHP002257,Mechanical,4,0.12,0.38
EVT002529,SHP002516,Weather,8,0.31,0.62
EVT002530,SHP002626,Customs,14,0.97,0.01
EVT002531,SHP001442,Mechanical,5,0.4,0.14
EVT002532,SHP001339,Mechanical,2,0.93,0.2
EVT002533,SHP001128,Mechanical,1,0.82,0.97
EVT002534,SHP000992,Customs,11,0.54,0.49
EVT002535,SHP000064,Port Congestion,4,0.02,0.54
EVT002536,SHP001361,Port Congestion,5,0.85,0.99
EVT002537,SHP002514,Customs,13,0.31,0.58
EVT002538,SHP000694,Mechanical,10,0.95,0.62
EVT002539,SHP001106,Weather,2,0.85,0.62
EVT002540,SHP000704,Customs,4,0.25,0.78
EVT002541,SHP000626,Customs,14,0.87,0.12
EVT002542,SHP001584,Mechanical,6,0.28,0.21
EVT002543,SHP001420,Weather,7,0.57,0.67
EVT002544,SHP001944,Weather,10,0.36,0.43
EVT002545,SHP000789,Mechanical,14,0.87,0.99
EVT002546,SHP001674,Mechanical,5,0.81,0.91
EVT002547,SHP002232,Port Congestion,3,0.58,0.63
EVT002548,SHP001334,Customs,5,0.35,0.77
EVT002549,SHP001028,Weather,3,0.49,0.97
EVT002550,SHP000668,Mechanical,3,0.88,0.6
EVT002551,SHP000179,Customs,14,0.44,0.3
EVT002552,SHP001919,Weather,7,0.84,0.86
EVT002553,SHP000977,Port Congestion,13,0.69,0.35
EVT002554,SHP001315,Weather,4,0.51,0.67
EVT002555,SHP000242,Customs,6,0.87,0.47
EVT002556,SHP001202,Mechanical,1,0.91,0.73
EVT002557,SHP000055,Mechanical,1,0.65,0.65
EVT002558,SHP002148,Mechanical,1,0.98,0.83
EVT002559,SHP001408,Mechanical,6,0.16,0.98
EVT002560,SHP001094,Customs,5,0.3,0.88
EVT002561,SHP000472,Customs,14,0.59,0.76
EVT002562,SHP001781,Weather,10,0.92,0.26
EVT002563,SHP002623,Weather,2,0.07,0.78
EVT002564,SHP002990,Customs,1,0.61,0.2
EVT002565,SHP002953,Weather,1,0.7,0.56
EVT002566,SHP001879,Weather,13,0.51,0.07
EVT002567,SHP002076,Mechanical,9,0.19,0.96
EVT002568,SHP002333,Mechanical,1,0.07,0.78
EVT002569,SHP002280,Mechanical,14,0.21,0.18
EVT002570,SHP001973,Port Congestion,6,0.98,0.84
EVT002571,SHP002486,Port Congestion,4,0.02,0.7
EVT002572,SHP001101,Weather,1,0.7,0.53
EVT002573,SHP000715,Customs,1,0.89,0.13
EVT002574,SHP002581,Port Congestion,9,0.93,1.0
EVT002575,SHP002882,Port Congestion,6,0.41,0.52
EVT002576,SHP000759,Weather,1,0.89,0.99
EVT002577,SHP000101,Port Congestion,2,0.07,0.52
EVT002578,SHP001895,Mechanical,2,0.49,0.69
EVT002579,SHP000706,Mechanical,13,0.8,0.92
EVT002580,SHP002234,Mechanical,12,0.43,0.58
EVT002581,SHP002759,Customs,10,0.28,0.25
EVT002582,SHP001586,Mechanical,7,0.15,0.58
EVT002583,SHP002952,Mechanical,7,0.7,0.47
EVT002584,SHP002610,Customs,4,0.84,0.53
EVT002585,SHP000790,Weather,5,0.67,0.87
EVT002586,SHP001902,Port Congestion,3,0.44,0.84
EVT002587,SHP001500,Mechanical,7,0.43,0.45
EVT002588,SHP002121,Customs,10,0.85,0.47
EVT002589,SHP001166,Customs,11,0.22,0.88
EVT002590,SHP002518,Weather,6,0.46,0.49
EVT002591,SHP001211,Weather,7,0.27,0.23
EVT002592,SHP000125,Mechanical,3,0.27,0.92
EVT002593,SHP002847,Port Congestion,5,0.2,0.29
EVT002594,SHP002702,Customs,10,0.28,0.39
EVT002595,SHP001837,Port Congestion,4,0.09,0.86
EVT002596,SHP001790,Port Congestion,4,0.9,0.08
EVT002597,SHP000576,Weather,12,0.85,0.69
EVT002598,SHP001423,Port Congestion,1,0.21,0.37
EVT002599,SHP001781,Mechanical,4,0.7,0.0
EVT002600,SHP001279,Customs,4,0.55,0.04
EVT002601,SHP000701,Mechanical,7,0.45,0.37
EVT002602,SHP001693,Weather,11,0.46,0.01
EVT002603,SHP001856,Customs,10,0.95,0.34
EVT002604,SHP001815,Mechanical,6,0.99,0.65
EVT002605,SHP001881,Mechanical,7,0.55,0.81
EVT002606,SHP001743,Weather,2,0.51,0.61
EVT002607,SHP000377,Weather,5,0.96,0.27
EVT002608,SHP002336,Weather,2,0.47,0.41
EVT002609,SHP001022,Weather,1,0.45,1.0
EVT002610,SHP000386,Weather,3,0.06,0.12
EVT002611,SHP002721,Mechanical,7,0.78,0.81
EVT002612,SHP001466,Weather,3,0.45,0.23
EVT002613,SHP000714,Mechanical,1,0.08,0.15
EVT002614,SHP001394,Customs,7,0.56,0.85
EVT002615,SHP000918,Mechanical,6,0.93,0.36
EVT002616,SHP001959,Mechanical,3,0.67,0.31
EVT002617,SHP001314,Customs,9,0.83,0.09
EVT002618,SHP001149,Customs,11,0.27,0.34
EVT002619,SHP001098,Mechanical,10,0.18,0.05
EVT002620,SHP000895,Weather,3,0.85,0.95
EVT002621,SHP000627,Mechanical,13,0.22,0.51
EVT002622,SHP000192,Mechanical,10,0.25,0.86
EVT002623,SHP002332,Mechanical,5,0.48,0.01
EVT002624,SHP000584,Port Congestion,12,0.14,0.64
EVT002625,SHP002947,Customs,1,0.2,0.22
EVT002626,SHP000488,Weather,14,0.21,0.13
EVT002627,SHP001330,Weather,6,0.78,0.21
EVT002628,SHP001750,Customs,1,0.27,0.56
EVT002629,SHP001223,Mechanical,3,0.88,0.83
EVT002630,SHP000278,Mechanical,11,0.26,0.6
EVT002631,SHP002377,Port Congestion,1,0.65,0.61
EVT002632,SHP002857,Mechanical,13,0.21,0.72
EVT002633,SHP001319,Mechanical,1,0.49,0.53
EVT002634,SHP001062,Weather,8,0.89,0.82
EVT002635,SHP000381,Mechanical,9,0.05,0.42
EVT002636,SHP002720,Port Congestion,5,0.64,0.4
EVT002637,SHP002103,Weather,3,0.16,0.51
EVT002638,SHP001228,Mechanical,12,0.01,0.3
EVT002639,SHP001614,Weather,10,0.81,0.82
EVT002640,SHP002711,Port Congestion,9,0.13,0.23
EVT002641,SHP002656,Customs,2,0.03,0.01
EVT002642,SHP002895,Mechanical,9,0.39,0.49
EVT002643,SHP001440,Port Congestion,5,0.55,0.72
EVT002644,SHP002721,Customs,11,0.01,0.82
EVT002645,SHP002589,Customs,4,0.13,0.61
EVT002646,SHP000553,Weather,2,0.97,0.03
EVT002647,SHP002892,Customs,9,0.29,0.89
EVT002648,SHP000857,Mechanical,8,0.29,0.47
EVT002649,SHP000126,Customs,4,0.37,0.93
EVT002650,SHP002945,Port Congestion,2,0.1,0.6
EVT002651,SHP000266,Port Congestion,14,0.31,0.17
EVT002652,SHP001158,Customs,8,0.92,0.57
EVT002653,SHP001778,Mechanical,13,0.98,0.85
EVT002654,SHP002851,Weather,4,0.62,0.11
EVT002655,SHP001872,Port Congestion,10,0.41,0.74
EVT002656,SHP002824,Customs,8,0.36,0.3
EVT002657,SHP001141,Weather,6,1.0,0.62
EVT002658,SHP001182,Weather,9,0.31,0.87
EVT002659,SHP001857,Weather,11,0.62,0.26
EVT002660,SHP001722,Customs,10,0.56,0.37
EVT002661,SHP002926,Weather,6,0.75,0.33
EVT002662,SHP002699,Customs,1,0.2,0.17
EVT002663,SHP000096,Customs,4,0.12,0.42
EVT002664,SHP002499,Weather,10,0.6,0.82
EVT002665,SHP000841,Mechanical,9,0.26,0.07
EVT002666,SHP000448,Mechanical,9,0.98,0.59
EVT002667,SHP000230,Weather,7,0.41,0.09
EVT002668,SHP000437,Weather,7,0.5,0.95
EVT002669,SHP000638,Port Congestion,9,0.62,0.81
EVT002670,SHP001863,Mechanical,2,0.89,0.27
EVT002671,SHP000555,Port Congestion,9,0.61,0.9
EVT002672,SHP001421,Weather,1,0.39,0.51
EVT002673,SHP001315,Weather,11,0.88,0.8
EVT002674,SHP000759,Port Congestion,7,0.96,0.43
EVT002675,SHP001348,Port Congestion,2,0.9,0.02
EVT002676,SHP000186,Mechanical,4,0.13,0.43
EVT002677,SHP000994,Port Congestion,12,0.28,0.02
EVT002678,SHP001320,Mechanical,12,0.18,0.07
EVT002679,SHP001248,Customs,2,0.82,0.34
EVT002680,SHP001756,Customs,9,0.06,0.18
EVT002681,SHP001412,Customs,10,0.71,0.5
EVT002682,SHP000530,Weather,13,0.35,0.96
EVT002683,SHP001236,Customs,1,0.46,0.04
EVT002684,SHP001795,Customs,9,0.04,0.69
EVT002685,SHP002538,Port Congestion,10,0.9,0.06
EVT002686,SHP000152,Weather,8,0.02,0.53
EVT002687,SHP000182,Weather,9,0.62,0.95
EVT002688,SHP000245,Port Congestion,2,0.8,0.53
EVT002689,SHP000468,Port Congestion,10,0.28,0.93
EVT002690,SHP002350,Customs,10,0.52,0.73
EVT002691,SHP001442,Port Congestion,6,0.97,0.06
EVT002692,SHP001461,Mechanical,9,0.63,0.21
EVT002693,SHP001616,Customs,13,0.39,0.1
EVT002694,SHP002304,Port Congestion,9,0.5,0.27
EVT002695,SHP001266,Port Congestion,7,0.62,0.71
EVT002696,SHP000047,Customs,14,0.77,0.38
EVT002697,SHP002945,Weather,2,0.56,0.76
EVT002698,SHP001946,Port Congestion,1,0.12,0.95
EVT002699,SHP002827,Mechanical,11,0.35,0.58
EVT002700,SHP001705,Customs,9,0.42,0.53
EVT002701,SHP001418,Customs,9,0.09,0.18
EVT002702,SHP001060,Mechanical,10,0.0,0.7
EVT002703,SHP001911,Customs,1,0.0,0.86
EVT002704,SHP000149,Weather,2,0.17,0.27
EVT002705,SHP002773,Port Congestion,13,0.83,0.61
EVT002706,SHP001657,Weather,9,0.14,0.06
EVT002707,SHP002170,Port Congestion,10,0.69,0.25
EVT002708,SHP000292,Customs,5,0.55,0.34
EVT002709,SHP001024,Customs,4,0.73,0.52
EVT002710,SHP001476,Customs,9,0.81,0.97
EVT002711,SHP000892,Weather,6,0.25,0.11
EVT002712,SHP001620,Customs,3,0.76,0.35
EVT002713,SHP000774,Weather,8,0.53,0.79
EVT002714,SHP001401,Weather,8,0.59,0.18
EVT002715,SHP002042,Weather,8,0.8,0.03
EVT002716,SHP000877,Port Congestion,6,0.56,0.5
EVT002717,SHP002662,Port Congestion,10,0.2,0.57
EVT002718,SHP000313,Port Congestion,13,0.28,0.02
EVT002719,SHP000795,Mechanical,11,0.32,0.23
EVT002720,SHP000175,Mechanical,13,0.9,0.2
EVT002721,SHP001774,Mechanical,10,0.64,0.06
EVT002722,SHP001267,Mechanical,14,0.31,0.47
EVT002723,SHP001004,Port Congestion,10,0.19,0.17
EVT002724,SHP002364,Customs,3,0.6,0.34
EVT002725,SHP002238,Mechanical,1,0.15,0.76
EVT002726,SHP001519,Mechanical,7,0.81,0.57
EVT002727,SHP000105,Port Congestion,11,0.27,0.02
EVT002728,SHP000270,Port Congestion,11,0.49,0.66
EVT002729,SHP001864,Mechanical,1,0.06,0.68
EVT002730,SHP002736,Port Congestion,14,0.29,0.48
EVT002731,SHP000772,Port Congestion,14,0.95,0.42
EVT002732,SHP001291,Port Congestion,2,0.15,0.37
EVT002733,SHP002322,Mechanical,2,0.72,0.85
EVT002734,SHP000466,Mechanical,11,0.5,0.88
EVT002735,SHP002077,Mechanical,4,0.47,0.89
EVT002736,SHP001170,Weather,4,0.43,0.97
EVT002737,SHP000268,Port Congestion,12,0.88,0.47
EVT002738,SHP001898,Mechanical,6,0.82,0.47
EVT002739,SHP002894,Mechanical,11,0.84,0.52
EVT002740,SHP000860,Port Congestion,14,0.96,0.89
EVT002741,SHP000937,Weather,9,0.91,0.09
EVT002742,SHP002279,Weather,13,0.23,0.34
EVT002743,SHP000385,Weather,12,0.46,0.41
EVT002744,SHP002287,Mechanical,9,0.8,0.62
EVT002745,SHP000040,Customs,8,0.6,0.64
EVT002746,SHP000259,Customs,10,0.54,0.85
EVT002747,SHP002339,Customs,12,0.06,0.51
EVT002748,SHP000664,Port Congestion,13,0.78,0.05
EVT002749,SHP001445,Port Congestion,14,0.96,0.53
EVT002750,SHP000462,Mechanical,1,0.97,0.5
EVT002751,SHP000599,Port Congestion,14,0.21,0.5
EVT002752,SHP000107,Port Congestion,8,0.55,1.0
EVT002753,SHP002380,Weather,5,0.97,0.38
EVT002754,SHP001023,Customs,2,0.42,0.06
EVT002755,SHP001067,Customs,12,0.02,0.11
EVT002756,SHP002875,Weather,5,0.92,0.41
EVT002757,SHP002709,Customs,13,0.53,0.99
EVT002758,SHP002601,Weather,11,0.41,0.24
EVT002759,SHP002997,Port Congestion,6,0.82,0.56
EVT002760,SHP001540,Customs,1,0.08,0.31
EVT002761,SHP001102,Port Congestion,13,0.71,0.31
EVT002762,SHP001231,Mechanical,3,0.03,0.33
EVT002763,SHP001601,Port Congestion,12,0.85,0.21
EVT002764,SHP001071,Mechanical,6,0.04,0.83
EVT002765,SHP000209,Weather,13,0.1,0.73
EVT002766,SHP002579,Mechanical,14,0.78,0.47
EVT002767,SHP001004,Mechanical,12,0.75,0.25
EVT002768,SHP000810,Weather,4,0.83,0.36
EVT002769,SHP001525,Mechanical,3,0.19,0.04
EVT002770,SHP001773,Mechanical,6,0.63,0.5
EVT002771,SHP001021,Weather,3,0.11,0.76
EVT002772,SHP002355,Mechanical,6,0.61,0.73
EVT002773,SHP000530,Port Congestion,12,0.19,0.06
EVT002774,SHP002739,Mechanical,4,0.83,0.72
EVT002775,SHP002716,Mechanical,14,0.81,0.48
EVT002776,SHP001465,Port Congestion,10,0.94,0.09
EVT002777,SHP000137,Weather,4,0.13,0.38
EVT002778,SHP001917,Port Congestion,4,0.8,0.86
EVT002779,SHP001254,Weather,1,0.63,0.6
EVT002780,SHP001368,Mechanical,5,0.02,0.17
EVT002781,SHP000996,Mechanical,3,0.18,0.5
EVT002782,SHP002355,Port Congestion,2,0.97,0.14
EVT002783,SHP000534,Weather,9,0.24,0.35
EVT002784,SHP000214,Port Congestion,14,0.1,0.53
EVT002785,SHP000859,Port Congestion,2,0.77,0.58
EVT002786,SHP000483,Weather,7,0.66,0.6
EVT002787,SHP002842,Mechanical,12,0.13,0.76
EVT002788,SHP002283,Port Congestion,8,0.68,0.07
EVT002789,SHP002936,Mechanical,11,0.48,0.47
EVT002790,SHP002485,Mechanical,13,0.73,0.61
EVT002791,SHP002822,Port Congestion,2,0.71,0.72
EVT002792,SHP000452,Port Congestion,14,0.75,0.93
EVT002793,SHP001491,Weather,14,0.72,0.18
EVT002794,SHP002819,Port Congestion,3,0.54,0.35
EVT002795,SHP002030,Weather,10,0.07,0.3
EVT002796,SHP002487,Port Congestion,10,0.62,0.52
EVT002797,SHP001185,Port Congestion,6,0.77,0.48
EVT002798,SHP000469,Port Congestion,12,0.22,0.41
EVT002799,SHP001599,Mechanical,2,0.75,0.5
EVT002800,SHP002548,Port Congestion,4,0.74,0.68
EVT002801,SHP001434,Port Congestion,11,0.93,0.1
EVT002802,SHP002950,Customs,14,0.84,0.81
EVT002803,SHP001953,Customs,7,0.8,0.71
EVT002804,SHP001634,Port Congestion,11,0.32,0.05
EVT002805,SHP002211,Customs,6,0.75,0.67
EVT002806,SHP001061,Port Congestion,11,0.0,0.45
EVT002807,SHP002596,Mechanical,11,0.79,0.95
EVT002808,SHP000640,Customs,12,0.04,0.67
EVT002809,SHP000743,Weather,4,0.71,0.86
EVT002810,SHP002245,Mechanical,9,0.89,0.94
EVT002811,SHP001891,Mechanical,10,0.93,0.95
EVT002812,SHP001921,Customs,5,0.75,0.09
EVT002813,SHP001309,Customs,1,0.53,0.99
EVT002814,SHP000199,Customs,6,0.26,0.66
EVT002815,SHP000710,Mechanical,10,0.64,0.62
EVT002816,SHP001979,Customs,9,0.33,0.62
EVT002817,SHP001540,Weather,7,0.9,0.15
EVT002818,SHP002908,Customs,6,0.53,0.61
EVT002819,SHP002771,Mechanical,2,0.44,0.86
EVT002820,SHP000828,Customs,14,1.0,0.65
EVT002821,SHP001513,Port Congestion,6,0.54,0.84
EVT002822,SHP000656,Customs,7,0.92,0.1
EVT002823,SHP000766,Mechanical,13,0.79,0.25
EVT002824,SHP002929,Customs,10,0.84,0.11
EVT002825,SHP000943,Customs,10,0.94,0.58
EVT002826,SHP001408,Port Congestion,9,0.17,0.56
EVT002827,SHP002771,Mechanical,12,0.83,0.1
EVT002828,SHP002731,Port Congestion,2,0.73,0.21
EVT002829,SHP001196,Mechanical,8,0.71,0.98
EVT002830,SHP001914,Port Congestion,6,0.58,0.37
EVT002831,SHP000247,Weather,10,0.31,0.13
EVT002832,SHP000699,Mechanical,14,0.28,0.98
EVT002833,SHP001653,Mechanical,6,0.45,0.33
EVT002834,SHP002807,Mechanical,2,0.74,0.62
EVT002835,SHP001620,Mechanical,4,0.2,1.0
EVT002836,SHP001712,Mechanical,13,0.65,0.36
EVT002837,SHP001389,Weather,5,0.35,0.39
EVT002838,SHP000398,Port Congestion,10,0.39,0.3
EVT002839,SHP000493,Mechanical,13,0.74,0.19
EVT002840,SHP001260,Customs,8,0.23,0.53
EVT002841,SHP000100,Port Congestion,3,0.66,0.37
EVT002842,SHP000613,Weather,3,0.12,0.43
EVT002843,SHP000133,Mechanical,9,0.07,0.72
EVT002844,SHP002169,Port Congestion,7,0.95,0.06
EVT002845,SHP000462,Weather,3,0.44,0.16
EVT002846,SHP000711,Mechanical,9,0.55,0.49
EVT002847,SHP000969,Customs,6,0.1,0.02
EVT002848,SHP002607,Weather,11,0.55,0.6
EVT002849,SHP001874,Port Congestion,14,0.43,0.99
EVT002850,SHP001600,Mechanical,7,0.12,0.38
EVT002851,SHP000639,Customs,10,0.73,0.29
EVT002852,SHP000352,Weather,8,0.42,0.33
EVT002853,SHP001840,Customs,14,0.34,0.51
EVT002854,SHP002109,Weather,2,0.56,0.83
EVT002855,SHP002926,Customs,12,0.55,0.26
EVT002856,SHP002102,Weather,4,0.13,0.55
EVT002857,SHP000084,Weather,3,0.73,0.08
EVT002858,SHP001546,Customs,3,0.45,0.25
EVT002859,SHP002277,Weather,2,0.58,0.39
EVT002860,SHP002866,Port Congestion,8,0.24,0.56
EVT002861,SHP001750,Customs,13,0.79,0.96
EVT002862,SHP001914,Customs,7,0.5,0.06
EVT002863,SHP002122,Weather,12,0.54,0.03
EVT002864,SHP001561,Port Congestion,11,0.51,0.37
EVT002865,SHP000435,Mechanical,2,0.71,0.67
EVT002866,SHP002247,Weather,11,0.87,0.78
EVT002867,SHP002449,Weather,14,0.37,0.48
EVT002868,SHP001424,Customs,6,0.99,0.2
EVT002869,SHP000491,Mechanical,3,0.41,0.17
EVT002870,SHP001237,Customs,14,0.85,0.12
EVT002871,SHP000108,Mechanical,14,0.53,0.37
EVT002872,SHP002158,Mechanical,7,0.25,0.4
EVT002873,SHP002139,Weather,10,0.9,0.51
EVT002874,SHP002746,Port Congestion,11,0.33,0.93
EVT002875,SHP001608,Weather,12,0.04,0.0
EVT002876,SHP001957,Port Congestion,6,0.28,0.47
EVT002877,SHP002000,Mechanical,13,0.58,0.34
EVT002878,SHP002334,Mechanical,2,0.23,0.43
EVT002879,SHP001753,Customs,5,0.56,0.95
EVT002880,SHP002220,Customs,12,0.77,0.83
EVT002881,SHP002583,Customs,14,0.57,0.09
EVT002882,SHP000328,Mechanical,9,0.06,0.85
EVT002883,SHP000229,Customs,9,0.82,0.25
EVT002884,SHP002212,Customs,10,0.19,0.26
EVT002885,SHP000013,Customs,3,0.44,0.99
EVT002886,SHP000041,Mechanical,5,0.74,0.7
EVT002887,SHP002434,Weather,1,0.02,0.93
EVT002888,SHP000873,Port Congestion,1,0.99,0.17
EVT002889,SHP000556,Mechanical,9,0.45,0.29
EVT002890,SHP001347,Weather,6,0.35,0.47
EVT002891,SHP001812,Port Congestion,13,0.57,0.31
EVT002892,SHP000345,Weather,4,0.46,0.17
EVT002893,SHP001671,Mechanical,1,0.73,0.19
EVT002894,SHP000806,Mechanical,2,0.95,0.26
EVT002895,SHP002224,Mechanical,14,0.01,0.47
EVT002896,SHP001999,Mechanical,6,0.14,0.94
EVT002897,SHP002837,Port Congestion,3,0.42,0.01
EVT002898,SHP002131,Mechanical,13,0.8,0.09
EVT002899,SHP001827,Port Congestion,11,0.55,0.36
EVT002900,SHP000584,Port Congestion,2,0.48,0.03
EVT002901,SHP001616,Weather,2,0.86,0.31
EVT002902,SHP001608,Port Congestion,4,0.7,0.22
EVT002903,SHP002771,Port Congestion,3,0.67,0.31
EVT002904,SHP002309,Mechanical,12,0.57,0.46
EVT002905,SHP002610,Customs,4,0.24,0.05
EVT002906,SHP000132,Customs,4,0.51,0.94
EVT002907,SHP001132,Port Congestion,8,1.0,0.18
EVT002908,SHP002640,Customs,12,0.34,0.8
EVT002909,SHP001057,Weather,9,0.4,0.96
EVT002910,SHP002583,Customs,9,0.53,0.76
EVT002911,SHP002888,Weather,14,0.05,0.6
EVT002912,SHP002862,Mechanical,12,0.55,0.13
EVT002913,SHP000667,Customs,14,0.44,0.24
EVT002914,SHP000708,Port Congestion,12,0.69,0.89
EVT002915,SHP001661,Weather,8,1.0,0.49
EVT002916,SHP000586,Port Congestion,3,0.31,0.59
EVT002917,SHP000618,Mechanical,11,0.54,0.7
EVT002918,SHP000507,Mechanical,1,0.75,0.61
EVT002919,SHP002838,Customs,13,0.93,0.2
EVT002920,SHP001552,Port Congestion,4,0.54,0.86
EVT002921,SHP002060,Customs,7,0.03,0.71
EVT002922,SHP002433,Port Congestion,14,0.87,0.76
EVT002923,SHP000263,Weather,6,0.82,0.92
EVT002924,SHP001370,Mechanical,2,0.26,0.67
EVT002925,SHP002382,Port Congestion,4,0.99,0.93
EVT002926,SHP002130,Weather,6,0.02,0.11
EVT002927,SHP001273,Weather,12,0.24,0.11
EVT002928,SHP002930,Customs,2,0.19,0.95
EVT002929,SHP000646,Mechanical,12,0.43,0.84
EVT002930,SHP002749,Port Congestion,14,0.32,0.81
EVT002931,SHP002945,Mechanical,8,0.7,0.9
EVT002932,SHP002661,Mechanical,12,0.54,0.78
EVT002933,SHP000181,Mechanical,14,0.5,0.14
EVT002934,SHP000528,Customs,6,0.96,0.89
EVT002935,SHP002611,Mechanical,13,0.74,0.47
EVT002936,SHP001145,Weather,4,0.49,0.82
EVT002937,SHP002897,Port Congestion,1,0.79,0.3
EVT002938,SHP002121,Weather,10,0.67,0.84
EVT002939,SHP002196,Mechanical,14,0.8,0.8
EVT002940,SHP002010,Customs,10,0.41,0.79
EVT002941,SHP000128,Port Congestion,2,0.55,0.4
EVT002942,SHP001604,Port Congestion,4,0.11,0.98
EVT002943,SHP001909,Port Congestion,6,0.61,0.95
EVT002944,SHP000880,Port Congestion,1,0.13,0.61
EVT002945,SHP002931,Weather,13,0.8,0.74
EVT002946,SHP002673,Customs,13,0.31,0.01
EVT002947,SHP002402,Mechanical,3,0.76,0.49
EVT002948,SHP002431,Weather,1,0.66,0.5
EVT002949,SHP002803,Weather,3,0.34,0.29
EVT002950,SHP000741,Port Congestion,3,0.34,0.4
EVT002951,SHP001279,Port Congestion,11,0.78,0.59
EVT002952,SHP001771,Weather,3,0.12,0.18
EVT002953,SHP000855,Weather,2,0.83,0.81
EVT002954,SHP002317,Weather,9,0.19,0.63
EVT002955,SHP002001,Weather,5,0.98,0.77
EVT002956,SHP001802,Weather,12,0.2,0.91
EVT002957,SHP000063,Customs,9,0.4,0.67
EVT002958,SHP001677,Port Congestion,11,0.78,0.94
EVT002959,SHP000612,Port Congestion,11,0.4,0.21
EVT002960,SHP001396,Weather,12,0.58,0.31
EVT002961,SHP000825,Mechanical,9,0.93,0.42
EVT002962,SHP002329,Customs,12,0.41,0.03
EVT002963,SHP002828,Weather,12,0.07,0.4
EVT002964,SHP000695,Mechanical,9,0.62,0.64
EVT002965,SHP000876,Weather,1,0.12,0.94
EVT002966,SHP000431,Customs,2,0.32,0.79
EVT002967,SHP002581,Weather,7,0.04,0.44
EVT002968,SHP002576,Port Congestion,14,0.3,0.19
EVT002969,SHP002595,Weather,10,0.73,0.35
EVT002970,SHP001305,Port Congestion,12,0.74,0.25
EVT002971,SHP000953,Weather,6,0.73,0.53
EVT002972,SHP001067,Weather,8,0.77,0.98
EVT002973,SHP000983,Port Congestion,12,0.01,0.16
EVT002974,SHP002480,Customs,3,0.37,0.13
EVT002975,SHP002360,Port Congestion,8,0.25,0.83
EVT002976,SHP002305,Customs,2,0.1,0.33
EVT002977,SHP002225,Customs,1,0.87,0.36
EVT002978,SHP000068,Customs,1,0.74,0.08
EVT002979,SHP002728,Customs,11,0.84,0.96
EVT002980,SHP001006,Port Congestion,1,0.01,0.51
EVT002981,SHP001499,Customs,9,0.19,0.09
EVT002982,SHP000052,Customs,9,0.9,0.1
EVT002983,SHP001518,Mechanical,9,0.48,0.28
EVT002984,SHP001754,Port Congestion,1,0.47,0.63
EVT002985,SHP002695,Weather,11,0.42,0.73
EVT002986,SHP002596,Customs,7,0.92,0.29
EVT002987,SHP000938,Port Congestion,2,0.77,0.22
EVT002988,SHP001082,Port Congestion,1,0.25,0.99
EVT002989,SHP001673,Customs,11,0.22,0.41
EVT002990,SHP002878,Weather,2,0.64,0.25
EVT002991,SHP002781,Mechanical,5,0.7,0.11
EVT002992,SHP001323,Weather,12,0.03,0.51
EVT002993,SHP002002,Weather,1,0.92,0.12
EVT002994,SHP001719,Customs,2,0.62,0.03
EVT002995,SHP002972,Mechanical,5,0.14,0.53
EVT002996,SHP001459,Mechanical,2,0.14,0.94
EVT002997,SHP000652,Weather,14,0.13,0.87
EVT002998,SHP002291,Weather,3,0.58,0.95
EVT002999,SHP002459,Weather,14,0.64,0.97
EVT003000,SHP001412,Mechanical,1,0.85,0.03
