warehouse_id,product_id,stock_level,inbound,outbound
WH000001,PRD000001,167,3422,4291
WH000002,PRD000002,6770,4337,3949
WH000003,PRD000003,1013,2859,3219
WH000004,PRD000004,2167,3156,685
WH000005,PRD000005,2407,4801,2111
WH000006,PRD000006,4087,2908,2078
WH000007,PRD000007,9160,3628,3474
WH000008,PRD000008,8527,1957,3036
WH000009,PRD000009,5039,4388,4769
WH000010,PRD000010,3226,4190,1834
WH000011,PRD000011,7783,2135,2960
WH000012,PRD000012,7319,3017,2743
WH000013,PRD000013,5395,2262,3858
WH000014,PRD000014,796,4414,1256
WH000015,PRD000015,3678,421,3241
WH000016,PRD000016,1889,2309,4243
WH000017,PRD000017,4146,571,52
WH000018,PRD000018,466,813,2223
WH000019,PRD000019,521,4039,2567
WH000020,PRD000020,1232,4887,2751
WH000021,PRD000021,6601,4674,90
WH000022,PRD000022,3988,3415,768
WH000023,PRD000023,4736,4530,655
WH000024,PRD000024,9586,2906,4493
WH000025,PRD000025,3575,887,3415
WH000026,PRD000026,6921,1835,2214
WH000027,PRD000027,7138,927,3932
WH000028,PRD000028,5482,4847,3498
WH000029,PRD000029,6453,3044,996
WH000030,PRD000030,8296,931,3314
WH000031,PRD000031,4290,505,1834
WH000032,PRD000032,3281,1023,1695
WH000033,PRD000033,2934,2220,1133
WH000034,PRD000034,7132,2102,2447
WH000035,PRD000035,2066,686,1727
WH000036,PRD000036,548,3280,1985
WH000037,PRD000037,7216,3812,4947
WH000038,PRD000038,2048,1228,2004
WH000039,PRD000039,4498,484,2694
WH000040,PRD000040,2750,3634,3941
WH000041,PRD000041,4082,4166,1609
WH000042,PRD000042,2204,782,4536
WH000043,PRD000043,6146,271,2242
WH000044,PRD000044,9975,2417,2070
WH000045,PRD000045,9797,109,1522
WH000046,PRD000046,7251,1607,4077
WH000047,PRD000047,9496,149,1490
WH000048,PRD000048,5267,4762,2006
WH000049,PRD000049,2176,2888,2889
WH000050,PRD000050,7278,1906,120
WH000051,PRD000051,2223,704,1207
WH000052,PRD000052,9002,2035,4447
WH000053,PRD000053,4566,4376,2143
WH000054,PRD000054,2034,747,2216
WH000055,PRD000055,8254,454,4307
WH000056,PRD000056,8245,260,4660
WH000057,PRD000057,163,155,3384
WH000058,PRD000058,171,283,4784
WH000059,PRD000059,8868,3974,541
WH000060,PRD000060,7604,1403,3080
WH000061,PRD000061,1022,852,2632
WH000062,PRD000062,7136,1456,4892
WH000063,PRD000063,6238,601,3046
WH000064,PRD000064,131,91,1021
WH000065,PRD000065,5754,2182,893
WH000066,PRD000066,7579,2982,3923
WH000067,PRD000067,6060,778,49
WH000068,PRD000068,4431,3835,3542
WH000069,PRD000069,2256,1140,3332
WH000070,PRD000070,4381,4561,1130
WH000071,PRD000071,9300,786,779
WH000072,PRD000072,5979,4152,1103
WH000073,PRD000073,3390,2209,2450
WH000074,PRD000074,9667,4008,4752
WH000075,PRD000075,8463,4604,3916
WH000076,PRD000076,6508,2610,1576
WH000077,PRD000077,698,723,1704
WH000078,PRD000078,8140,4503,3955
WH000079,PRD000079,4082,4441,3637
WH000080,PRD000080,502,3263,789
WH000081,PRD000081,5727,3760,134
WH000082,PRD000082,4837,1761,1528
WH000083,PRD000083,3443,444,3510
WH000084,PRD000084,192,4551,1973
WH000085,PRD000085,3114,130,1447
WH000086,PRD000086,8106,4687,984
WH000087,PRD000087,5352,813,4663
WH000088,PRD000088,9808,4806,4840
WH000089,PRD000089,4989,4423,425
WH000090,PRD000090,6945,3532,3292
WH000091,PRD000091,6054,1352,966
WH000092,PRD000092,122,3400,2389
WH000093,PRD000093,9056,2255,3375
WH000094,PRD000094,2675,4448,1205
WH000095,PRD000095,3756,4008,1430
WH000096,PRD000096,27,3886,3916
WH000097,PRD000097,7090,1096,4690
WH000098,PRD000098,9320,4594,1128
WH000099,PRD000099,3533,4505,1692
WH000100,PRD000100,8215,4108,3520
WH000101,PRD000101,467,392,2221
WH000102,PRD000102,3693,1226,2401
WH000103,PRD000103,5850,4143,4438
WH000104,PRD000104,8163,1390,2274
WH000105,PRD000105,9901,1993,1182
WH000106,PRD000106,2432,2213,659
WH000107,PRD000107,6893,4701,4344
WH000108,PRD000108,341,3673,3981
WH000109,PRD000109,7013,209,1651
WH000110,PRD000110,6164,573,1872
WH000111,PRD000111,304,1954,4569
WH000112,PRD000112,6591,2288,4584
WH000113,PRD000113,8642,2715,3100
WH000114,PRD000114,9103,3239,2585
WH000115,PRD000115,1253,2993,1599
WH000116,PRD000116,2684,726,3989
WH000117,PRD000117,9711,2524,2565
WH000118,PRD000118,1837,2976,590
WH000119,PRD000119,6639,2697,3375
WH000120,PRD000120,2903,1124,1003
WH000121,PRD000121,27,1484,4458
WH000122,PRD000122,2927,3598,4688
WH000123,PRD000123,2664,1808,886
WH000124,PRD000124,2429,1776,578
WH000125,PRD000125,6306,3335,2714
WH000126,PRD000126,2715,739,4999
WH000127,PRD000127,2910,4249,3138
WH000128,PRD000128,2157,1536,2022
WH000129,PRD000129,2482,3394,3351
WH000130,PRD000130,4435,4454,400
WH000131,PRD000131,1512,3445,2254
WH000132,PRD000132,9928,4068,922
WH000133,PRD000133,4978,3994,2665
WH000134,PRD000134,6904,3873,3631
WH000135,PRD000135,9050,710,330
WH000136,PRD000136,2063,3639,629
WH000137,PRD000137,2748,1934,2148
WH000138,PRD000138,7569,4889,2885
WH000139,PRD000139,5149,4005,2189
WH000140,PRD000140,3409,3626,3397
WH000141,PRD000141,7370,787,3504
WH000142,PRD000142,3728,4981,3754
WH000143,PRD000143,4365,3030,3568
WH000144,PRD000144,2468,2122,2792
WH000145,PRD000145,1717,3817,1802
WH000146,PRD000146,7464,4304,4752
WH000147,PRD000147,3590,4520,3461
WH000148,PRD000148,1126,3209,848
WH000149,PRD000149,1449,1160,4377
WH000150,PRD000150,6260,1131,1607
WH000151,PRD000151,6165,3959,2488
WH000152,PRD000152,1852,4494,1912
WH000153,PRD000153,2744,2725,4894
WH000154,PRD000154,8730,2031,297
WH000155,PRD000155,673,3254,625
WH000156,PRD000156,7207,619,4849
WH000157,PRD000157,7081,328,2327
WH000158,PRD000158,5469,834,1236
WH000159,PRD000159,847,1997,4442
WH000160,PRD000160,5028,3073,2927
WH000161,PRD000161,9029,593,4732
WH000162,PRD000162,3275,1007,4174
WH000163,PRD000163,7054,3860,4885
WH000164,PRD000164,92,4974,4080
WH000165,PRD000165,7071,1395,4549
WH000166,PRD000166,3988,4595,4738
WH000167,PRD000167,9987,3899,4089
WH000168,PRD000168,6472,98,4003
WH000169,PRD000169,5528,171,1373
WH000170,PRD000170,5706,2219,4989
WH000171,PRD000171,3738,1327,666
WH000172,PRD000172,6442,576,4137
WH000173,PRD000173,1032,585,4617
WH000174,PRD000174,9959,3308,1631
WH000175,PRD000175,7625,3907,2736
WH000176,PRD000176,1454,2477,3042
WH000177,PRD000177,3763,1955,1097
WH000178,PRD000178,7425,2522,3457
WH000179,PRD000179,1119,3521,3360
WH000180,PRD000180,4937,486,198
WH000181,PRD000181,9837,4497,2839
WH000182,PRD000182,5081,342,3430
WH000183,PRD000183,5445,3280,2387
WH000184,PRD000184,8659,3325,1410
WH000185,PRD000185,5712,3258,3466
WH000186,PRD000186,765,517,592
WH000187,PRD000187,4266,1903,4190
WH000188,PRD000188,2796,4636,1973
WH000189,PRD000189,3722,1740,2268
WH000190,PRD000190,2196,537,2871
WH000191,PRD000191,9514,986,1895
WH000192,PRD000192,1832,2966,2010
WH000193,PRD000193,6373,45,4892
WH000194,PRD000194,1448,713,3162
WH000195,PRD000195,2932,1172,3532
WH000196,PRD000196,2672,461,4528
WH000197,PRD000197,5862,4773,2134
WH000198,PRD000198,2043,2680,308
WH000199,PRD000199,9385,1169,4515
WH000200,PRD000200,7936,315,2748
WH000201,PRD000201,9417,457,2842
WH000202,PRD000202,3135,641,1726
WH000203,PRD000203,3375,742,175
WH000204,PRD000204,1896,4408,1450
WH000205,PRD000205,8197,2975,4075
WH000206,PRD000206,4999,62,3187
WH000207,PRD000207,4421,1719,2380
WH000208,PRD000208,8845,49,1635
WH000209,PRD000209,9060,3213,1957
WH000210,PRD000210,9309,2072,4505
WH000211,PRD000211,5760,2862,4141
WH000212,PRD000212,6833,2652,4088
WH000213,PRD000213,2411,2138,1219
WH000214,PRD000214,2545,3342,2082
WH000215,PRD000215,6113,1471,4257
WH000216,PRD000216,9159,1314,4631
WH000217,PRD000217,3491,4319,4152
WH000218,PRD000218,5662,2279,3543
WH000219,PRD000219,5173,3012,3636
WH000220,PRD000220,6019,2984,2237
WH000221,PRD000221,2832,1738,295
WH000222,PRD000222,6168,2104,1576
WH000223,PRD000223,2910,2607,3320
WH000224,PRD000224,6046,1636,3680
WH000225,PRD000225,5589,4886,3958
WH000226,PRD000226,2715,2770,3785
WH000227,PRD000227,6102,808,1953
WH000228,PRD000228,3194,3584,474
WH000229,PRD000229,2675,55,3701
WH000230,PRD000230,9336,3062,1050
WH000231,PRD000231,393,1608,2931
WH000232,PRD000232,3566,658,2016
WH000233,PRD000233,3318,3371,1399
WH000234,PRD000234,6322,2386,6
WH000235,PRD000235,9127,3731,4195
WH000236,PRD000236,232,2356,16
WH000237,PRD000237,3460,4915,3362
WH000238,PRD000238,7527,1504,3696
WH000239,PRD000239,5160,3500,4503
WH000240,PRD000240,9664,1246,3955
WH000241,PRD000241,1372,1002,4749
WH000242,PRD000242,3699,2445,1821
WH000243,PRD000243,6595,807,3497
WH000244,PRD000244,137,840,1498
WH000245,PRD000245,5738,4910,4176
WH000246,PRD000246,5798,2471,3259
WH000247,PRD000247,5331,1563,4344
WH000248,PRD000248,2491,3527,3256
WH000249,PRD000249,1886,676,2214
WH000250,PRD000250,2075,4300,2654
WH000251,PRD000251,6750,689,370
WH000252,PRD000252,763,1960,1153
WH000253,PRD000253,361,2417,1519
WH000254,PRD000254,9649,231,4877
WH000255,PRD000255,1139,351,405
WH000256,PRD000256,6874,4286,3130
WH000257,PRD000257,1883,1028,3238
WH000258,PRD000258,582,185,553
WH000259,PRD000259,3424,4819,4443
WH000260,PRD000260,7988,4296,2453
WH000261,PRD000261,4155,2181,3973
WH000262,PRD000262,4654,1359,3724
WH000263,PRD000263,2992,574,4571
WH000264,PRD000264,7589,1073,1765
WH000265,PRD000265,2422,3645,3263
WH000266,PRD000266,4641,1072,2366
WH000267,PRD000267,5464,4354,1968
WH000268,PRD000268,157,2634,3666
WH000269,PRD000269,8471,1254,3135
WH000270,PRD000270,467,572,4855
WH000271,PRD000271,1703,2452,533
WH000272,PRD000272,6524,3682,3280
WH000273,PRD000273,9361,907,4086
WH000274,PRD000274,171,1281,4318
WH000275,PRD000275,4808,2597,2677
WH000276,PRD000276,7480,1831,1567
WH000277,PRD000277,138,1497,2821
WH000278,PRD000278,4987,1936,24
WH000279,PRD000279,1849,4093,4828
WH000280,PRD000280,9631,856,2183
WH000281,PRD000281,3983,3077,4724
WH000282,PRD000282,1710,1360,2220
WH000283,PRD000283,8315,3655,696
WH000284,PRD000284,5111,468,2182
WH000285,PRD000285,9456,4772,4089
WH000286,PRD000286,5112,4967,329
WH000287,PRD000287,1420,916,749
WH000288,PRD000288,6614,2254,2084
WH000289,PRD000289,444,4733,193
WH000290,PRD000290,3537,4397,2223
WH000291,PRD000291,4407,2898,2911
WH000292,PRD000292,5302,3400,3674
WH000293,PRD000293,6822,2096,1228
WH000294,PRD000294,2624,4770,754
WH000295,PRD000295,9952,554,3400
WH000296,PRD000296,4029,4411,3983
WH000297,PRD000297,7073,671,2581
WH000298,PRD000298,4438,2297,3304
WH000299,PRD000299,3456,4150,4961
WH000300,PRD000300,5090,3392,4460
WH000301,PRD000301,5003,1946,630
WH000302,PRD000302,4043,3750,1709
WH000303,PRD000303,5027,1622,1911
WH000304,PRD000304,6103,726,1213
WH000305,PRD000305,7395,2194,2458
WH000306,PRD000306,5473,3075,3926
WH000307,PRD000307,5465,1536,2020
WH000308,PRD000308,5067,54,4691
WH000309,PRD000309,982,4240,3206
WH000310,PRD000310,7557,1009,3169
WH000311,PRD000311,5410,2720,1169
WH000312,PRD000312,5333,930,1257
WH000313,PRD000313,3001,4431,3385
WH000314,PRD000314,2280,1918,2587
WH000315,PRD000315,8405,552,3090
WH000316,PRD000316,6153,4847,431
WH000317,PRD000317,7024,3092,2339
WH000318,PRD000318,1760,1438,1319
WH000319,PRD000319,5920,4145,1194
WH000320,PRD000320,8933,3118,791
WH000321,PRD000321,9378,194,3144
WH000322,PRD000322,81,4259,3894
WH000323,PRD000323,886,447,946
WH000324,PRD000324,5692,3946,4935
WH000325,PRD000325,2163,1015,3964
WH000326,PRD000326,4391,1833,1600
WH000327,PRD000327,3577,2562,4141
WH000328,PRD000328,2209,4561,4933
WH000329,PRD000329,618,3006,3720
WH000330,PRD000330,6475,3561,756
WH000331,PRD000331,2507,1743,3434
WH000332,PRD000332,7765,224,4810
WH000333,PRD000333,1382,574,4947
WH000334,PRD000334,9197,582,3785
WH000335,PRD000335,4753,182,1766
WH000336,PRD000336,875,4728,162
WH000337,PRD000337,7559,2928,2352
WH000338,PRD000338,2069,3322,300
WH000339,PRD000339,5049,1825,429
WH000340,PRD000340,4766,3872,4149
WH000341,PRD000341,7083,1105,568
WH000342,PRD000342,6668,1425,4481
WH000343,PRD000343,6964,2849,3646
WH000344,PRD000344,8164,2690,3362
WH000345,PRD000345,6384,2055,4688
WH000346,PRD000346,8556,4856,1913
WH000347,PRD000347,29,3624,2352
WH000348,PRD000348,4275,1288,4994
WH000349,PRD000349,6150,2368,1615
WH000350,PRD000350,2177,1680,2433
WH000351,PRD000351,6307,1281,3084
WH000352,PRD000352,7803,578,1136
WH000353,PRD000353,1102,1868,3729
WH000354,PRD000354,355,2199,2941
WH000355,PRD000355,52,1829,966
WH000356,PRD000356,5688,1776,1203
WH000357,PRD000357,4154,1402,172
WH000358,PRD000358,8702,4633,4106
WH000359,PRD000359,7046,2564,4420
WH000360,PRD000360,7898,1478,507
WH000361,PRD000361,5492,4775,2343
WH000362,PRD000362,9168,1426,553
WH000363,PRD000363,1783,4850,1840
WH000364,PRD000364,5504,422,510
WH000365,PRD000365,2931,2424,4085
WH000366,PRD000366,5427,2640,1466
WH000367,PRD000367,3214,1537,2101
WH000368,PRD000368,6265,4176,1580
WH000369,PRD000369,4904,2467,3551
WH000370,PRD000370,8934,4892,913
WH000371,PRD000371,3318,635,65
WH000372,PRD000372,3680,3354,4841
WH000373,PRD000373,4851,1256,4217
WH000374,PRD000374,9299,2300,4275
WH000375,PRD000375,9456,4066,4171
WH000376,PRD000376,5154,2531,3827
WH000377,PRD000377,4646,1181,3303
WH000378,PRD000378,6423,2988,1015
WH000379,PRD000379,2510,1127,4193
WH000380,PRD000380,3348,4259,1228
WH000381,PRD000381,8127,2873,574
WH000382,PRD000382,5646,1873,4037
WH000383,PRD000383,2849,790,1632
WH000384,PRD000384,2452,1051,2931
WH000385,PRD000385,9264,4314,3536
WH000386,PRD000386,2793,1121,2092
WH000387,PRD000387,7097,3612,3485
WH000388,PRD000388,8202,3914,4794
WH000389,PRD000389,5184,2436,1886
WH000390,PRD000390,5092,4392,2291
WH000391,PRD000391,3716,3671,2127
WH000392,PRD000392,3989,566,4416
WH000393,PRD000393,4931,367,1633
WH000394,PRD000394,8280,3739,2241
WH000395,PRD000395,2401,1212,4327
WH000396,PRD000396,403,4832,3845
WH000397,PRD000397,7923,2724,4365
WH000398,PRD000398,201,2735,4083
WH000399,PRD000399,624,825,1978
WH000400,PRD000400,9150,4695,705
WH000401,PRD000401,8799,3717,4881
WH000402,PRD000402,8054,4709,3140
WH000403,PRD000403,943,3434,1380
WH000404,PRD000404,4472,1624,2739
WH000405,PRD000405,5804,651,3374
WH000406,PRD000406,8544,3637,2746
WH000407,PRD000407,3580,1453,3734
WH000408,PRD000408,3709,2089,2615
WH000409,PRD000409,2545,1509,1288
WH000410,PRD000410,2346,1945,2143
WH000411,PRD000411,4894,1592,3269
WH000412,PRD000412,3725,4161,668
WH000413,PRD000413,5833,4722,3719
WH000414,PRD000414,2036,4768,294
WH000415,PRD000415,4394,3300,4579
WH000416,PRD000416,3273,1659,1243
WH000417,PRD000417,1519,1919,4628
WH000418,PRD000418,3330,3609,4136
WH000419,PRD000419,3181,2251,4487
WH000420,PRD000420,5439,4763,3400
WH000421,PRD000421,150,896,1541
WH000422,PRD000422,7389,389,2454
WH000423,PRD000423,4214,1421,4935
WH000424,PRD000424,9920,2892,3853
WH000425,PRD000425,462,1085,1801
WH000426,PRD000426,1310,4847,2855
WH000427,PRD000427,8588,3074,1351
WH000428,PRD000428,24,1342,259
WH000429,PRD000429,8449,1235,566
WH000430,PRD000430,2409,317,2066
WH000431,PRD000431,7909,2921,4346
WH000432,PRD000432,5566,1658,767
WH000433,PRD000433,4207,3756,3702
WH000434,PRD000434,4132,4057,1403
WH000435,PRD000435,835,691,929
WH000436,PRD000436,6379,3505,205
WH000437,PRD000437,3570,2301,4423
WH000438,PRD000438,9461,1627,3705
WH000439,PRD000439,7081,1879,2679
WH000440,PRD000440,4776,1005,631
WH000441,PRD000441,1901,1852,2051
WH000442,PRD000442,2695,938,3376
WH000443,PRD000443,2890,4009,2540
WH000444,PRD000444,3743,4034,793
WH000445,PRD000445,9708,4390,1248
WH000446,PRD000446,4228,584,4611
WH000447,PRD000447,8085,756,3063
WH000448,PRD000448,1065,3356,1090
WH000449,PRD000449,5441,4015,819
WH000450,PRD000450,4351,4921,1890
WH000451,PRD000451,6174,4119,4191
WH000452,PRD000452,9595,3755,1253
WH000453,PRD000453,7137,4654,4110
WH000454,PRD000454,9600,629,1992
WH000455,PRD000455,264,4610,4768
WH000456,PRD000456,7106,2778,4932
WH000457,PRD000457,9562,959,1738
WH000458,PRD000458,2213,1925,3721
WH000459,PRD000459,2450,1296,1031
WH000460,PRD000460,692,2201,4327
WH000461,PRD000461,6320,1409,724
WH000462,PRD000462,7011,1811,2840
WH000463,PRD000463,9884,1523,3258
WH000464,PRD000464,6188,1272,896
WH000465,PRD000465,7936,1461,2298
WH000466,PRD000466,7781,2652,2172
WH000467,PRD000467,5581,4854,1869
WH000468,PRD000468,8507,3285,1058
WH000469,PRD000469,8989,3314,1071
WH000470,PRD000470,5436,2952,3356
WH000471,PRD000471,8468,3553,3006
WH000472,PRD000472,5118,3593,3149
WH000473,PRD000473,9738,3238,2892
WH000474,PRD000474,1020,4132,895
WH000475,PRD000475,5583,1688,4991
WH000476,PRD000476,8363,352,3786
WH000477,PRD000477,7464,732,3950
WH000478,PRD000478,3231,1039,4441
WH000479,PRD000479,9381,400,2427
WH000480,PRD000480,7618,124,4608
WH000481,PRD000481,3158,978,1084
WH000482,PRD000482,9117,3780,3221
WH000483,PRD000483,828,3832,2879
WH000484,PRD000484,881,2282,1541
WH000485,PRD000485,9187,1695,2118
WH000486,PRD000486,9074,1347,1158
WH000487,PRD000487,2741,4472,2931
WH000488,PRD000488,8317,3561,2050
WH000489,PRD000489,288,189,4269
WH000490,PRD000490,3243,4517,2857
WH000491,PRD000491,625,1173,4407
WH000492,PRD000492,6670,3738,3065
WH000493,PRD000493,6489,2886,3666
WH000494,PRD000494,6993,4612,1798
WH000495,PRD000495,1882,2580,2889
WH000496,PRD000496,3185,1482,1980
WH000497,PRD000497,2282,4811,777
WH000498,PRD000498,178,3055,4631
WH000499,PRD000499,799,1985,243
WH000500,PRD000500,4019,897,484
WH000501,PRD000501,4144,4398,1421
WH000502,PRD000502,4031,3503,4112
WH000503,PRD000503,7028,4782,1622
WH000504,PRD000504,6313,399,2197
WH000505,PRD000505,4556,3870,2707
WH000506,PRD000506,4650,4110,286
WH000507,PRD000507,6783,1304,962
WH000508,PRD000508,4828,580,3071
WH000509,PRD000509,8643,2771,3596
WH000510,PRD000510,4260,2276,2801
WH000511,PRD000511,8184,2222,366
WH000512,PRD000512,3790,1013,2289
WH000513,PRD000513,8698,1373,3359
WH000514,PRD000514,7817,4,8
WH000515,PRD000515,9659,854,3360
WH000516,PRD000516,5825,3409,2924
WH000517,PRD000517,7378,1582,2601
WH000518,PRD000518,9353,637,4827
WH000519,PRD000519,9727,691,843
WH000520,PRD000520,6938,162,3411
WH000521,PRD000521,4259,2411,3585
WH000522,PRD000522,9478,1904,338
WH000523,PRD000523,6465,391,4778
WH000524,PRD000524,1509,861,3772
WH000525,PRD000525,1031,3190,4894
WH000526,PRD000526,7595,2882,4328
WH000527,PRD000527,2183,760,1972
WH000528,PRD000528,2932,4403,4502
WH000529,PRD000529,6548,2418,3139
WH000530,PRD000530,7414,1493,1036
WH000531,PRD000531,973,1710,1680
WH000532,PRD000532,3421,1758,4529
WH000533,PRD000533,4118,269,2309
WH000534,PRD000534,7157,1102,2591
WH000535,PRD000535,7290,1583,109
WH000536,PRD000536,137,3193,3407
WH000537,PRD000537,1770,4701,2619
WH000538,PRD000538,778,2060,2712
WH000539,PRD000539,1785,1533,600
WH000540,PRD000540,1324,4770,1482
WH000541,PRD000541,3435,2025,3767
WH000542,PRD000542,9759,2298,880
WH000543,PRD000543,3745,4491,1907
WH000544,PRD000544,5336,1727,1647
WH000545,PRD000545,2839,4438,4239
WH000546,PRD000546,4150,1428,356
WH000547,PRD000547,1059,655,4696
WH000548,PRD000548,4159,113,3534
WH000549,PRD000549,3154,4625,3760
WH000550,PRD000550,3766,848,3959
WH000551,PRD000551,2530,2893,1616
WH000552,PRD000552,8289,3452,615
WH000553,PRD000553,2154,936,3391
WH000554,PRD000554,2580,747,1209
WH000555,PRD000555,2997,1839,4582
WH000556,PRD000556,2120,2353,4863
WH000557,PRD000557,5011,4827,2295
WH000558,PRD000558,8275,4424,674
WH000559,PRD000559,5826,3976,4628
WH000560,PRD000560,3353,4847,773
WH000561,PRD000561,2177,1330,627
WH000562,PRD000562,6774,352,2471
WH000563,PRD000563,5093,2035,2327
WH000564,PRD000564,5635,4469,4107
WH000565,PRD000565,7503,4131,3756
WH000566,PRD000566,4593,3271,3771
WH000567,PRD000567,8870,4170,158
WH000568,PRD000568,3718,2564,2460
WH000569,PRD000569,75,3783,4218
WH000570,PRD000570,1682,2549,432
WH000571,PRD000571,8146,3458,3419
WH000572,PRD000572,4344,731,767
WH000573,PRD000573,5096,3452,2092
WH000574,PRD000574,3405,1554,3478
WH000575,PRD000575,2092,1630,2337
WH000576,PRD000576,5312,2112,768
WH000577,PRD000577,5162,650,4197
WH000578,PRD000578,4014,2451,4496
WH000579,PRD000579,8560,4948,3339
WH000580,PRD000580,3182,2771,4088
WH000581,PRD000581,7626,3810,2562
WH000582,PRD000582,8845,3546,353
WH000583,PRD000583,29,3072,838
WH000584,PRD000584,8696,1061,3312
WH000585,PRD000585,1056,523,1067
WH000586,PRD000586,3759,757,3917
WH000587,PRD000587,2382,1059,3706
WH000588,PRD000588,3006,3337,3576
WH000589,PRD000589,9550,3560,3256
WH000590,PRD000590,8643,57,2360
WH000591,PRD000591,8723,2319,2928
WH000592,PRD000592,8342,586,2870
WH000593,PRD000593,7318,591,2515
WH000594,PRD000594,3911,188,3512
WH000595,PRD000595,4662,3189,278
WH000596,PRD000596,512,1199,2790
WH000597,PRD000597,4746,69,3594
WH000598,PRD000598,5083,1549,616
WH000599,PRD000599,7407,2998,816
WH000600,PRD000600,6561,311,4038
WH000601,PRD000601,2901,600,2993
WH000602,PRD000602,8662,389,4232
WH000603,PRD000603,6892,4529,1324
WH000604,PRD000604,8778,217,1070
WH000605,PRD000605,3481,2604,2061
WH000606,PRD000606,2947,4624,84
WH000607,PRD000607,7831,2179,688
WH000608,PRD000608,908,3806,4901
WH000609,PRD000609,4033,1649,1589
WH000610,PRD000610,7392,3117,721
WH000611,PRD000611,5046,3769,4355
WH000612,PRD000612,7737,4408,4545
WH000613,PRD000613,7327,424,1299
WH000614,PRD000614,3784,1824,1407
WH000615,PRD000615,7844,3128,1521
WH000616,PRD000616,8978,2589,3231
WH000617,PRD000617,371,3364,2926
WH000618,PRD000618,3949,1892,4002
WH000619,PRD000619,6202,3509,946
WH000620,PRD000620,8927,1497,1245
WH000621,PRD000621,1704,4934,3683
WH000622,PRD000622,4435,3298,1782
WH000623,PRD000623,520,2252,994
WH000624,PRD000624,1520,4204,1430
WH000625,PRD000625,6768,1011,4056
WH000626,PRD000626,4146,1759,3445
WH000627,PRD000627,229,1870,3442
WH000628,PRD000628,5294,3199,1685
WH000629,PRD000629,2625,959,4913
WH000630,PRD000630,2844,3921,4180
WH000631,PRD000631,6517,1206,571
WH000632,PRD000632,7143,608,4867
WH000633,PRD000633,623,1351,4907
WH000634,PRD000634,2818,698,809
WH000635,PRD000635,4507,1835,4997
WH000636,PRD000636,8207,3845,1528
WH000637,PRD000637,3950,1346,545
WH000638,PRD000638,2998,871,3965
WH000639,PRD000639,1306,2157,1991
WH000640,PRD000640,6998,4338,2478
WH000641,PRD000641,2819,2285,4662
WH000642,PRD000642,6098,282,955
WH000643,PRD000643,6882,1485,4347
WH000644,PRD000644,5540,2610,3969
WH000645,PRD000645,4136,853,1895
WH000646,PRD000646,8092,902,783
WH000647,PRD000647,9349,2542,3264
WH000648,PRD000648,9587,79,1535
WH000649,PRD000649,5161,3255,1193
WH000650,PRD000650,7023,3145,2302
WH000651,PRD000651,5771,4053,1545
WH000652,PRD000652,7367,3732,1334
WH000653,PRD000653,4052,4179,1746
WH000654,PRD000654,1308,1026,427
WH000655,PRD000655,7931,2307,1763
WH000656,PRD000656,7790,4455,3273
WH000657,PRD000657,9224,447,4591
WH000658,PRD000658,6922,1633,3011
WH000659,PRD000659,5921,2166,2990
WH000660,PRD000660,1853,4362,514
WH000661,PRD000661,5145,4269,4139
WH000662,PRD000662,5070,4422,2864
WH000663,PRD000663,8910,2475,4498
WH000664,PRD000664,6810,1696,4048
WH000665,PRD000665,898,3701,1043
WH000666,PRD000666,4772,2844,3273
WH000667,PRD000667,3994,1154,274
WH000668,PRD000668,9976,333,3783
WH000669,PRD000669,4835,463,3439
WH000670,PRD000670,5126,4224,3862
WH000671,PRD000671,4875,1531,4352
WH000672,PRD000672,6644,2052,1431
WH000673,PRD000673,6487,3237,2871
WH000674,PRD000674,6281,4400,807
WH000675,PRD000675,4394,601,2822
WH000676,PRD000676,7946,3461,88
WH000677,PRD000677,5027,1243,788
WH000678,PRD000678,6288,368,1332
WH000679,PRD000679,6959,50,4076
WH000680,PRD000680,7207,3963,2055
WH000681,PRD000681,2927,3051,786
WH000682,PRD000682,7397,2544,3357
WH000683,PRD000683,7181,2978,14
WH000684,PRD000684,24,1400,882
WH000685,PRD000685,4411,3185,4764
WH000686,PRD000686,7561,3857,354
WH000687,PRD000687,4318,2504,3907
WH000688,PRD000688,6208,2195,2493
WH000689,PRD000689,2783,909,2663
WH000690,PRD000690,5293,2980,4349
WH000691,PRD000691,9343,1029,2537
WH000692,PRD000692,2003,4257,4337
WH000693,PRD000693,4149,1114,2001
WH000694,PRD000694,9098,3271,680
WH000695,PRD000695,9897,4453,3222
WH000696,PRD000696,1202,56,2547
WH000697,PRD000697,4078,3144,2821
WH000698,PRD000698,1107,1715,4003
WH000699,PRD000699,5464,2648,2444
WH000700,PRD000700,6474,2151,1857
WH000701,PRD000701,5899,788,145
WH000702,PRD000702,101,717,1759
WH000703,PRD000703,8223,40,88
WH000704,PRD000704,4529,2901,1263
WH000705,PRD000705,9551,841,3746
WH000706,PRD000706,6809,2531,2363
WH000707,PRD000707,5387,386,4015
WH000708,PRD000708,840,4286,2892
WH000709,PRD000709,8499,1064,2045
WH000710,PRD000710,2954,2512,823
WH000711,PRD000711,7417,4033,2527
WH000712,PRD000712,8240,480,586
WH000713,PRD000713,5580,443,2125
WH000714,PRD000714,8327,480,1281
WH000715,PRD000715,6579,2342,350
WH000716,PRD000716,4560,3260,2548
WH000717,PRD000717,8079,967,4545
WH000718,PRD000718,7028,4017,4957
WH000719,PRD000719,1466,4345,974
WH000720,PRD000720,8779,24,3293
WH000721,PRD000721,5692,3030,4718
WH000722,PRD000722,1791,4650,2518
WH000723,PRD000723,2190,1123,1244
WH000724,PRD000724,2167,3085,2060
WH000725,PRD000725,7760,515,4713
WH000726,PRD000726,5095,2924,1677
WH000727,PRD000727,4217,4825,623
WH000728,PRD000728,2041,2038,276
WH000729,PRD000729,1652,3406,1046
WH000730,PRD000730,6983,631,481
WH000731,PRD000731,8687,4040,1542
WH000732,PRD000732,8086,3609,3303
WH000733,PRD000733,7590,763,1498
WH000734,PRD000734,5745,4686,4796
WH000735,PRD000735,5228,4319,621
WH000736,PRD000736,646,1471,297
WH000737,PRD000737,1650,1199,1542
WH000738,PRD000738,4570,745,2446
WH000739,PRD000739,9100,2372,4390
WH000740,PRD000740,8311,3130,1325
WH000741,PRD000741,4953,4142,1120
WH000742,PRD000742,219,1698,1998
WH000743,PRD000743,6513,1090,1180
WH000744,PRD000744,2934,3654,1000
WH000745,PRD000745,6297,936,47
WH000746,PRD000746,1083,495,241
WH000747,PRD000747,7858,1907,1270
WH000748,PRD000748,4663,4298,3315
WH000749,PRD000749,7359,1822,924
WH000750,PRD000750,6087,2936,1246
WH000751,PRD000751,7256,4960,2604
WH000752,PRD000752,8275,214,1578
WH000753,PRD000753,2553,1408,4168
WH000754,PRD000754,618,66,1376
WH000755,PRD000755,735,967,565
WH000756,PRD000756,5898,3190,1403
WH000757,PRD000757,7530,3071,4188
WH000758,PRD000758,5309,3674,957
WH000759,PRD000759,7282,3479,371
WH000760,PRD000760,9846,1606,3985
WH000761,PRD000761,9727,2179,3787
WH000762,PRD000762,8517,4655,142
WH000763,PRD000763,7021,867,3211
WH000764,PRD000764,1276,2875,2852
WH000765,PRD000765,4491,66,588
WH000766,PRD000766,3787,4420,805
WH000767,PRD000767,1636,503,1450
WH000768,PRD000768,488,2083,1556
WH000769,PRD000769,4715,1860,2184
WH000770,PRD000770,8528,4053,4038
WH000771,PRD000771,5601,1709,1802
WH000772,PRD000772,1043,2244,1297
WH000773,PRD000773,6333,4169,899
WH000774,PRD000774,9546,25,3213
WH000775,PRD000775,2721,4378,2881
WH000776,PRD000776,2552,2023,2491
WH000777,PRD000777,5264,300,3949
WH000778,PRD000778,9908,2242,1762
WH000779,PRD000779,319,3754,2193
WH000780,PRD000780,1140,1293,3562
WH000781,PRD000781,3732,2363,1546
WH000782,PRD000782,3372,1248,1044
WH000783,PRD000783,5252,186,4903
WH000784,PRD000784,8807,2659,3820
WH000785,PRD000785,8589,3735,4121
WH000786,PRD000786,8169,3453,1380
WH000787,PRD000787,8984,1939,4904
WH000788,PRD000788,2425,3650,658
WH000789,PRD000789,3689,386,1717
WH000790,PRD000790,9122,321,2591
WH000791,PRD000791,371,2620,3012
WH000792,PRD000792,5458,1023,1508
WH000793,PRD000793,9908,3401,2823
WH000794,PRD000794,7014,948,587
WH000795,PRD000795,6033,4943,2254
WH000796,PRD000796,4577,845,2032
WH000797,PRD000797,4875,994,3866
WH000798,PRD000798,6868,1895,3991
WH000799,PRD000799,8088,509,971
WH000800,PRD000800,4261,1268,2849
WH000801,PRD000801,9653,4631,3208
WH000802,PRD000802,8560,2444,4397
WH000803,PRD000803,1111,4847,4219
WH000804,PRD000804,2244,1274,1031
WH000805,PRD000805,3467,4981,314
WH000806,PRD000806,4895,429,3022
WH000807,PRD000807,8348,1030,896
WH000808,PRD000808,9823,4360,2343
WH000809,PRD000809,8674,3420,4957
WH000810,PRD000810,2333,1801,1306
WH000811,PRD000811,860,2352,4852
WH000812,PRD000812,2839,4300,1517
WH000813,PRD000813,4500,3042,3761
WH000814,PRD000814,9485,3294,2822
WH000815,PRD000815,4562,2276,4788
WH000816,PRD000816,7361,2990,87
WH000817,PRD000817,3639,1568,3473
WH000818,PRD000818,3478,2443,2095
WH000819,PRD000819,9932,4953,4309
WH000820,PRD000820,8549,2084,3979
WH000821,PRD000821,3636,1573,3832
WH000822,PRD000822,553,4032,2885
WH000823,PRD000823,6532,140,3174
WH000824,PRD000824,9616,2217,1657
WH000825,PRD000825,6877,3833,3832
WH000826,PRD000826,2059,2862,623
WH000827,PRD000827,8599,2011,1319
WH000828,PRD000828,7721,530,3947
WH000829,PRD000829,268,3360,4414
WH000830,PRD000830,7793,24,235
WH000831,PRD000831,9491,1340,271
WH000832,PRD000832,6003,3638,3975
WH000833,PRD000833,9073,326,4311
WH000834,PRD000834,6534,467,3440
WH000835,PRD000835,18,3729,1885
WH000836,PRD000836,7787,1866,2040
WH000837,PRD000837,3539,2099,99
WH000838,PRD000838,6202,2377,4028
WH000839,PRD000839,9051,1806,2309
WH000840,PRD000840,9141,2053,3665
WH000841,PRD000841,4663,1985,2846
WH000842,PRD000842,1772,429,4107
WH000843,PRD000843,5321,597,1009
WH000844,PRD000844,8232,3798,2109
WH000845,PRD000845,6883,3261,326
WH000846,PRD000846,2440,4635,98
WH000847,PRD000847,6453,1940,3632
WH000848,PRD000848,8685,3634,4315
WH000849,PRD000849,5874,2793,1729
WH000850,PRD000850,6613,4384,1102
WH000851,PRD000851,1669,853,1257
WH000852,PRD000852,888,4951,962
WH000853,PRD000853,316,3980,1911
WH000854,PRD000854,6192,2194,3547
WH000855,PRD000855,8683,340,4292
WH000856,PRD000856,2913,2633,1174
WH000857,PRD000857,3174,1368,2324
WH000858,PRD000858,4198,1459,3454
WH000859,PRD000859,7019,3437,1713
WH000860,PRD000860,8250,2176,686
WH000861,PRD000861,3280,2392,3561
WH000862,PRD000862,7267,2479,3866
WH000863,PRD000863,1101,3643,4868
WH000864,PRD000864,2279,2450,1832
WH000865,PRD000865,4834,3265,3317
WH000866,PRD000866,8022,3099,276
WH000867,PRD000867,7276,984,2937
WH000868,PRD000868,4277,2130,973
WH000869,PRD000869,5512,2500,4199
WH000870,PRD000870,1439,1662,3793
WH000871,PRD000871,3147,1641,1852
WH000872,PRD000872,508,3151,3966
WH000873,PRD000873,5391,1996,2602
WH000874,PRD000874,6683,1903,896
WH000875,PRD000875,9529,1150,1924
WH000876,PRD000876,2256,2648,597
WH000877,PRD000877,7045,1,3420
WH000878,PRD000878,1031,751,2820
WH000879,PRD000879,9419,3921,526
WH000880,PRD000880,9576,2297,3090
WH000881,PRD000881,6388,1180,1239
WH000882,PRD000882,5402,4353,853
WH000883,PRD000883,7751,165,4219
WH000884,PRD000884,5265,1495,731
WH000885,PRD000885,3540,593,88
WH000886,PRD000886,5062,4716,350
WH000887,PRD000887,784,2163,4245
WH000888,PRD000888,3156,1419,3362
WH000889,PRD000889,2380,705,1494
WH000890,PRD000890,9011,361,4801
WH000891,PRD000891,8553,2697,497
WH000892,PRD000892,2015,2968,1824
WH000893,PRD000893,5544,1975,2787
WH000894,PRD000894,3175,1707,2669
WH000895,PRD000895,7808,951,3281
WH000896,PRD000896,5703,3207,1471
WH000897,PRD000897,3536,621,4462
WH000898,PRD000898,8351,70,3401
WH000899,PRD000899,5529,4788,3205
WH000900,PRD000900,3202,3816,2789
WH000901,PRD000901,3678,4361,2491
WH000902,PRD000902,6576,3375,1280
WH000903,PRD000903,3741,1781,606
WH000904,PRD000904,2963,3339,3941
WH000905,PRD000905,1266,749,3580
WH000906,PRD000906,1707,2454,290
WH000907,PRD000907,1844,2351,640
WH000908,PRD000908,8545,4306,2280
WH000909,PRD000909,44,456,1417
WH000910,PRD000910,9904,2500,4574
WH000911,PRD000911,3663,4911,3579
WH000912,PRD000912,476,3262,23
WH000913,PRD000913,150,4145,1012
WH000914,PRD000914,7862,1432,1573
WH000915,PRD000915,5118,887,4628
WH000916,PRD000916,2962,2778,1213
WH000917,PRD000917,9615,1335,3806
WH000918,PRD000918,8106,430,1485
WH000919,PRD000919,6921,3294,4599
WH000920,PRD000920,960,3019,4186
WH000921,PRD000921,9179,2494,715
WH000922,PRD000922,3824,4138,1235
WH000923,PRD000923,4337,4876,1922
WH000924,PRD000924,3868,3316,1006
WH000925,PRD000925,3594,2999,2330
WH000926,PRD000926,5219,4256,3004
WH000927,PRD000927,8805,1893,291
WH000928,PRD000928,1648,3507,4830
WH000929,PRD000929,4078,2265,2706
WH000930,PRD000930,1966,1936,1857
WH000931,PRD000931,6488,3043,4455
WH000932,PRD000932,5962,4171,2154
WH000933,PRD000933,4929,506,1426
WH000934,PRD000934,9455,1208,1006
WH000935,PRD000935,3991,3061,4522
WH000936,PRD000936,7272,4173,4584
WH000937,PRD000937,941,534,230
WH000938,PRD000938,5562,502,4953
WH000939,PRD000939,6036,3944,39
WH000940,PRD000940,3570,1193,1998
WH000941,PRD000941,5063,4640,1662
WH000942,PRD000942,1780,4643,2261
WH000943,PRD000943,7146,3524,114
WH000944,PRD000944,2306,749,3832
WH000945,PRD000945,6120,3613,85
WH000946,PRD000946,6361,2464,817
WH000947,PRD000947,8722,1340,4662
WH000948,PRD000948,5921,3189,1422
WH000949,PRD000949,1783,1855,1075
WH000950,PRD000950,8625,4277,1088
WH000951,PRD000951,369,3591,3817
WH000952,PRD000952,838,1982,3247
WH000953,PRD000953,4232,4953,370
WH000954,PRD000954,8137,3790,1577
WH000955,PRD000955,4296,470,2917
WH000956,PRD000956,5480,1207,3355
WH000957,PRD000957,7746,2417,3809
WH000958,PRD000958,5305,564,4479
WH000959,PRD000959,5816,4836,4551
WH000960,PRD000960,465,2091,2977
WH000961,PRD000961,4587,2461,2684
WH000962,PRD000962,2427,4628,142
WH000963,PRD000963,7964,2493,2834
WH000964,PRD000964,3057,4079,4990
WH000965,PRD000965,5943,1567,1820
WH000966,PRD000966,6457,1065,2131
WH000967,PRD000967,7492,1617,1480
WH000968,PRD000968,7023,3903,3339
WH000969,PRD000969,6864,2286,3775
WH000970,PRD000970,5490,3170,4924
WH000971,PRD000971,2757,257,2907
WH000972,PRD000972,5121,3464,541
WH000973,PRD000973,6668,4023,4972
WH000974,PRD000974,2505,3108,3735
WH000975,PRD000975,4820,2873,176
WH000976,PRD000976,8877,98,3665
WH000977,PRD000977,263,1111,4432
WH000978,PRD000978,1801,3053,216
WH000979,PRD000979,678,1910,3816
WH000980,PRD000980,320,4606,4922
WH000981,PRD000981,2267,2626,3152
WH000982,PRD000982,2130,666,2116
WH000983,PRD000983,9369,2774,3198
WH000984,PRD000984,8806,2096,1879
WH000985,PRD000985,1866,2334,1810
WH000986,PRD000986,2069,2010,2783
WH000987,PRD000987,6395,298,2474
WH000988,PRD000988,5017,2061,2121
WH000989,PRD000989,2643,4967,870
WH000990,PRD000990,2544,3293,3458
WH000991,PRD000991,2497,296,4452
WH000992,PRD000992,1367,36,4951
WH000993,PRD000993,1683,3723,3550
WH000994,PRD000994,9244,4133,1616
WH000995,PRD000995,1077,3295,4050
WH000996,PRD000996,9192,461,1246
WH000997,PRD000997,9537,618,4917
WH000998,PRD000998,966,421,1783
WH000999,PRD000999,1460,1245,804
WH001000,PRD001000,4327,1533,2132
WH001001,PRD001001,8258,688,4994
WH001002,PRD001002,3870,2130,2319
WH001003,PRD001003,2356,2451,4015
WH001004,PRD001004,9253,2400,496
WH001005,PRD001005,3924,1391,4433
WH001006,PRD001006,3708,1874,3672
WH001007,PRD001007,6236,588,76
WH001008,PRD001008,3591,3353,4144
WH001009,PRD001009,2549,2173,1000
WH001010,PRD001010,7803,4726,401
WH001011,PRD001011,4529,664,3142
WH001012,PRD001012,6143,2426,2117
WH001013,PRD001013,4065,1876,71
WH001014,PRD001014,9300,781,1954
WH001015,PRD001015,1077,1298,3650
WH001016,PRD001016,6205,1549,3381
WH001017,PRD001017,1786,1584,2868
WH001018,PRD001018,917,4905,3091
WH001019,PRD001019,203,1511,4884
WH001020,PRD001020,9170,3474,2160
WH001021,PRD001021,2002,3015,1196
WH001022,PRD001022,6718,22,4461
WH001023,PRD001023,9835,4738,3573
WH001024,PRD001024,4529,1991,414
WH001025,PRD001025,4804,688,454
WH001026,PRD001026,9587,708,2452
WH001027,PRD001027,9526,285,278
WH001028,PRD001028,2761,1115,2843
WH001029,PRD001029,5966,2706,3090
WH001030,PRD001030,5104,3628,1285
WH001031,PRD001031,5744,4272,4739
WH001032,PRD001032,372,1239,407
WH001033,PRD001033,8506,1642,817
WH001034,PRD001034,4194,3797,1559
WH001035,PRD001035,3815,4599,401
WH001036,PRD001036,1988,1654,4450
WH001037,PRD001037,9445,1931,63
WH001038,PRD001038,3143,1732,307
WH001039,PRD001039,7088,3367,2547
WH001040,PRD001040,7504,3366,4335
WH001041,PRD001041,342,4428,3263
WH001042,PRD001042,9258,1594,2876
WH001043,PRD001043,1096,1721,2248
WH001044,PRD001044,8157,4479,10
WH001045,PRD001045,4601,2603,4997
WH001046,PRD001046,7672,2393,1039
WH001047,PRD001047,4899,1471,37
WH001048,PRD001048,2623,2448,1015
WH001049,PRD001049,4479,333,4771
WH001050,PRD001050,541,4768,2449
WH001051,PRD001051,8835,2202,4798
WH001052,PRD001052,2353,41,3863
WH001053,PRD001053,2578,636,3069
WH001054,PRD001054,2235,4747,1668
WH001055,PRD001055,2068,2163,854
WH001056,PRD001056,8314,1161,81
WH001057,PRD001057,1780,1049,1285
WH001058,PRD001058,4889,1599,494
WH001059,PRD001059,4400,2595,3239
WH001060,PRD001060,3556,2676,1556
WH001061,PRD001061,1105,3661,3453
WH001062,PRD001062,6273,1211,2179
WH001063,PRD001063,7742,4261,802
WH001064,PRD001064,4140,3976,3484
WH001065,PRD001065,4064,1475,3304
WH001066,PRD001066,6180,1599,3206
WH001067,PRD001067,1859,3525,905
WH001068,PRD001068,7411,1015,3975
WH001069,PRD001069,1268,4305,1651
WH001070,PRD001070,7503,787,2225
WH001071,PRD001071,3979,3087,1926
WH001072,PRD001072,6653,3344,3826
WH001073,PRD001073,7584,3449,3582
WH001074,PRD001074,1954,3439,837
WH001075,PRD001075,9978,3369,104
WH001076,PRD001076,5524,3201,520
WH001077,PRD001077,3465,3940,642
WH001078,PRD001078,8280,987,2071
WH001079,PRD001079,7763,4845,4189
WH001080,PRD001080,3011,1110,4088
WH001081,PRD001081,2522,1437,4261
WH001082,PRD001082,4847,781,584
WH001083,PRD001083,3653,630,1121
WH001084,PRD001084,7598,144,4277
WH001085,PRD001085,3262,1532,2617
WH001086,PRD001086,6547,4125,2315
WH001087,PRD001087,6107,3223,1326
WH001088,PRD001088,8763,4991,2622
WH001089,PRD001089,5753,2500,556
WH001090,PRD001090,2922,1543,2406
WH001091,PRD001091,6292,3191,1122
WH001092,PRD001092,4954,260,3184
WH001093,PRD001093,9143,4858,3548
WH001094,PRD001094,502,3517,4694
WH001095,PRD001095,9087,661,1397
WH001096,PRD001096,4802,1974,448
WH001097,PRD001097,2465,4429,3084
WH001098,PRD001098,4181,1701,4367
WH001099,PRD001099,4251,1788,3538
WH001100,PRD001100,7843,1549,3034
WH001101,PRD001101,978,605,4907
WH001102,PRD001102,433,2346,4034
WH001103,PRD001103,7080,4628,4248
WH001104,PRD001104,3932,272,1281
WH001105,PRD001105,9949,940,3371
WH001106,PRD001106,7070,53,4743
WH001107,PRD001107,5590,2049,746
WH001108,PRD001108,6573,287,2618
WH001109,PRD001109,3666,341,1958
WH001110,PRD001110,2445,3813,4241
WH001111,PRD001111,9035,1816,1034
WH001112,PRD001112,9439,3727,2158
WH001113,PRD001113,3429,1573,277
WH001114,PRD001114,9743,3153,3619
WH001115,PRD001115,4491,20,1729
WH001116,PRD001116,6637,3580,2987
WH001117,PRD001117,7057,393,2892
WH001118,PRD001118,4291,4932,4079
WH001119,PRD001119,4906,839,2659
WH001120,PRD001120,7088,1990,4240
WH001121,PRD001121,620,3432,3650
WH001122,PRD001122,3366,3665,564
WH001123,PRD001123,4001,176,3381
WH001124,PRD001124,5205,4936,1047
WH001125,PRD001125,7274,968,1929
WH001126,PRD001126,577,4715,644
WH001127,PRD001127,4167,1875,4211
WH001128,PRD001128,9740,1255,4708
WH001129,PRD001129,9300,813,2067
WH001130,PRD001130,4077,4362,2842
WH001131,PRD001131,950,2936,185
WH001132,PRD001132,4008,2072,3533
WH001133,PRD001133,7066,4275,2275
WH001134,PRD001134,3759,197,3168
WH001135,PRD001135,4399,3109,4252
WH001136,PRD001136,4280,4775,547
WH001137,PRD001137,2570,2155,280
WH001138,PRD001138,7902,577,1542
WH001139,PRD001139,3600,4038,297
WH001140,PRD001140,6640,1071,4359
WH001141,PRD001141,2560,981,3737
WH001142,PRD001142,4836,107,1173
WH001143,PRD001143,9895,3017,600
WH001144,PRD001144,1949,2460,1934
WH001145,PRD001145,3287,965,23
WH001146,PRD001146,6332,4510,2523
WH001147,PRD001147,3940,1240,4740
WH001148,PRD001148,8825,2336,2461
WH001149,PRD001149,1478,2183,100
WH001150,PRD001150,7221,4936,3320
WH001151,PRD001151,8328,3055,3419
WH001152,PRD001152,3565,175,1268
WH001153,PRD001153,8920,3451,3528
WH001154,PRD001154,9095,1550,2113
WH001155,PRD001155,4358,3297,2088
WH001156,PRD001156,3029,4000,1678
WH001157,PRD001157,9061,150,3425
WH001158,PRD001158,3486,1615,1441
WH001159,PRD001159,6360,2805,26
WH001160,PRD001160,4389,4785,3680
WH001161,PRD001161,5275,1334,803
WH001162,PRD001162,7022,4449,4640
WH001163,PRD001163,5302,4578,1933
WH001164,PRD001164,4101,3887,899
WH001165,PRD001165,4856,1592,3261
WH001166,PRD001166,6108,980,1942
WH001167,PRD001167,3321,4918,3159
WH001168,PRD001168,1178,4519,2882
WH001169,PRD001169,3843,3287,853
WH001170,PRD001170,5926,2564,98
WH001171,PRD001171,7019,4228,4518
WH001172,PRD001172,8279,2587,4294
WH001173,PRD001173,2378,2887,2165
WH001174,PRD001174,8991,4877,1759
WH001175,PRD001175,824,1898,394
WH001176,PRD001176,5811,2736,4776
WH001177,PRD001177,6353,602,831
WH001178,PRD001178,5920,4375,1858
WH001179,PRD001179,3221,4406,3072
WH001180,PRD001180,1111,1824,3088
WH001181,PRD001181,2246,4930,1291
WH001182,PRD001182,4388,2620,3423
WH001183,PRD001183,7496,1014,1139
WH001184,PRD001184,1502,2469,150
WH001185,PRD001185,8247,1368,719
WH001186,PRD001186,8523,4063,3168
WH001187,PRD001187,4749,3083,717
WH001188,PRD001188,6754,1062,3910
WH001189,PRD001189,2546,4451,391
WH001190,PRD001190,9027,2535,1533
WH001191,PRD001191,7657,3661,2766
WH001192,PRD001192,3992,996,4127
WH001193,PRD001193,8297,726,596
WH001194,PRD001194,3608,3291,4044
WH001195,PRD001195,5273,1216,2007
WH001196,PRD001196,9375,3238,3769
WH001197,PRD001197,6385,2609,837
WH001198,PRD001198,4970,976,2117
WH001199,PRD001199,5641,1202,4893
WH001200,PRD001200,2056,674,3319
WH001201,PRD001201,5626,1073,4037
WH001202,PRD001202,7732,1940,4945
WH001203,PRD001203,3025,4462,3864
WH001204,PRD001204,8938,1352,684
WH001205,PRD001205,3226,2152,4447
WH001206,PRD001206,8482,498,4774
WH001207,PRD001207,3265,2667,1393
WH001208,PRD001208,2269,2671,2579
WH001209,PRD001209,1337,700,427
WH001210,PRD001210,1575,4586,4900
WH001211,PRD001211,2616,2783,4745
WH001212,PRD001212,815,15,497
WH001213,PRD001213,799,1671,3664
WH001214,PRD001214,5618,975,169
WH001215,PRD001215,8338,431,2063
WH001216,PRD001216,9453,994,3299
WH001217,PRD001217,9479,494,2463
WH001218,PRD001218,9494,1097,2899
WH001219,PRD001219,999,102,4156
WH001220,PRD001220,5999,3773,28
WH001221,PRD001221,2719,4583,2835
WH001222,PRD001222,4165,2958,653
WH001223,PRD001223,4261,556,1733
WH001224,PRD001224,6029,571,2808
WH001225,PRD001225,9526,718,3172
WH001226,PRD001226,7480,3021,4827
WH001227,PRD001227,9892,1070,2975
WH001228,PRD001228,6667,710,236
WH001229,PRD001229,196,2541,333
WH001230,PRD001230,3162,4804,1574
WH001231,PRD001231,3174,3145,1613
WH001232,PRD001232,4402,31,4830
WH001233,PRD001233,3304,861,2353
WH001234,PRD001234,688,3888,1676
WH001235,PRD001235,8026,3727,3241
WH001236,PRD001236,4678,4326,4036
WH001237,PRD001237,1327,3981,758
WH001238,PRD001238,3550,3435,4616
WH001239,PRD001239,6924,1272,3515
WH001240,PRD001240,6480,383,1071
WH001241,PRD001241,5258,4480,327
WH001242,PRD001242,3171,2245,199
WH001243,PRD001243,516,2644,2177
WH001244,PRD001244,4714,2983,3132
WH001245,PRD001245,9049,1187,4
WH001246,PRD001246,7652,1062,816
WH001247,PRD001247,4695,2567,4637
WH001248,PRD001248,2625,1483,700
WH001249,PRD001249,5469,1233,4571
WH001250,PRD001250,7363,3721,492
WH001251,PRD001251,9279,3952,593
WH001252,PRD001252,662,3072,2598
WH001253,PRD001253,1309,2372,4637
WH001254,PRD001254,5412,3059,1370
WH001255,PRD001255,3045,2472,4372
WH001256,PRD001256,1048,1199,2156
WH001257,PRD001257,8597,2720,3370
WH001258,PRD001258,8949,273,2669
WH001259,PRD001259,5665,2273,2523
WH001260,PRD001260,9066,3615,4327
WH001261,PRD001261,7094,191,2179
WH001262,PRD001262,9462,3203,2075
WH001263,PRD001263,2963,4586,4925
WH001264,PRD001264,796,2519,2320
WH001265,PRD001265,1817,1828,1731
WH001266,PRD001266,1397,2352,4932
WH001267,PRD001267,6689,845,3025
WH001268,PRD001268,200,3451,356
WH001269,PRD001269,6286,1042,848
WH001270,PRD001270,4258,4667,697
WH001271,PRD001271,3466,4737,819
WH001272,PRD001272,4582,1923,4751
WH001273,PRD001273,7191,1482,3614
WH001274,PRD001274,5956,1595,3873
WH001275,PRD001275,5572,2754,3913
WH001276,PRD001276,7424,1023,3090
WH001277,PRD001277,6788,821,2533
WH001278,PRD001278,7291,2112,3029
WH001279,PRD001279,9107,762,815
WH001280,PRD001280,2493,348,2481
WH001281,PRD001281,5818,3291,1631
WH001282,PRD001282,4941,84,1844
WH001283,PRD001283,2699,4613,3111
WH001284,PRD001284,9926,3701,4022
WH001285,PRD001285,7208,1820,2465
WH001286,PRD001286,9860,3691,1285
WH001287,PRD001287,70,3848,263
WH001288,PRD001288,6542,3014,2829
WH001289,PRD001289,9766,1002,2515
WH001290,PRD001290,5557,4300,1581
WH001291,PRD001291,5012,4614,2689
WH001292,PRD001292,8104,363,4648
WH001293,PRD001293,6588,3138,2223
WH001294,PRD001294,7944,2338,2398
WH001295,PRD001295,4893,2243,4362
WH001296,PRD001296,3355,1049,1698
WH001297,PRD001297,7541,486,2955
WH001298,PRD001298,4781,4519,858
WH001299,PRD001299,1881,463,1441
WH001300,PRD001300,5436,4204,4774
WH001301,PRD001301,7518,4893,3561
WH001302,PRD001302,800,2513,2108
WH001303,PRD001303,1683,2418,936
WH001304,PRD001304,6307,669,4524
WH001305,PRD001305,852,1721,3964
WH001306,PRD001306,1351,1982,2102
WH001307,PRD001307,7840,2709,4516
WH001308,PRD001308,6540,2520,3695
WH001309,PRD001309,8614,2463,2675
WH001310,PRD001310,5272,2347,2681
WH001311,PRD001311,3892,592,4637
WH001312,PRD001312,6711,749,2047
WH001313,PRD001313,3671,633,3656
WH001314,PRD001314,6120,1298,4904
WH001315,PRD001315,4433,3720,1718
WH001316,PRD001316,7757,0,239
WH001317,PRD001317,336,4287,1635
WH001318,PRD001318,5739,3502,3394
WH001319,PRD001319,2258,2676,3831
WH001320,PRD001320,7909,1691,3805
WH001321,PRD001321,8136,32,3657
WH001322,PRD001322,7342,1429,485
WH001323,PRD001323,1484,4009,4358
WH001324,PRD001324,3822,3854,3800
WH001325,PRD001325,7418,112,1505
WH001326,PRD001326,7420,3414,3081
WH001327,PRD001327,1135,4477,4749
WH001328,PRD001328,4097,3015,797
WH001329,PRD001329,525,4336,1431
WH001330,PRD001330,6398,3266,3480
WH001331,PRD001331,7168,1476,2540
WH001332,PRD001332,6440,280,1170
WH001333,PRD001333,4178,376,3991
WH001334,PRD001334,8028,1329,3248
WH001335,PRD001335,6471,3712,4140
WH001336,PRD001336,1404,4946,2561
WH001337,PRD001337,54,3657,4278
WH001338,PRD001338,1474,4541,2258
WH001339,PRD001339,8654,317,694
WH001340,PRD001340,3910,610,4334
WH001341,PRD001341,9333,137,1795
WH001342,PRD001342,6124,672,4051
WH001343,PRD001343,2333,4104,145
WH001344,PRD001344,1616,2444,4879
WH001345,PRD001345,732,1357,38
WH001346,PRD001346,6353,1987,2224
WH001347,PRD001347,8366,4889,674
WH001348,PRD001348,6505,3286,3712
WH001349,PRD001349,4627,3188,4381
WH001350,PRD001350,7189,2690,882
WH001351,PRD001351,2181,1482,3287
WH001352,PRD001352,6323,4327,561
WH001353,PRD001353,1819,2290,622
WH001354,PRD001354,947,2723,3531
WH001355,PRD001355,5188,292,1688
WH001356,PRD001356,7345,336,216
WH001357,PRD001357,2415,1995,3374
WH001358,PRD001358,190,4353,3245
WH001359,PRD001359,2261,4194,174
WH001360,PRD001360,2610,3675,2420
WH001361,PRD001361,3172,4446,818
WH001362,PRD001362,9048,77,933
WH001363,PRD001363,3322,4072,1085
WH001364,PRD001364,2576,3141,3699
WH001365,PRD001365,536,1714,3130
WH001366,PRD001366,5996,4951,2724
WH001367,PRD001367,6204,2874,194
WH001368,PRD001368,4495,668,4262
WH001369,PRD001369,1077,3113,2051
WH001370,PRD001370,6795,221,1547
WH001371,PRD001371,1209,144,3221
WH001372,PRD001372,2760,1659,2741
WH001373,PRD001373,5169,1574,991
WH001374,PRD001374,7380,2933,1668
WH001375,PRD001375,3775,2411,1674
WH001376,PRD001376,8011,4138,2517
WH001377,PRD001377,936,2079,1933
WH001378,PRD001378,6631,1486,4091
WH001379,PRD001379,6638,610,849
WH001380,PRD001380,2324,4953,187
WH001381,PRD001381,5886,2795,3174
WH001382,PRD001382,682,2848,4138
WH001383,PRD001383,8152,4948,2203
WH001384,PRD001384,6617,2517,2582
WH001385,PRD001385,3249,3102,515
WH001386,PRD001386,7449,2691,2655
WH001387,PRD001387,3057,2040,341
WH001388,PRD001388,5844,4224,4813
WH001389,PRD001389,1948,1381,4133
WH001390,PRD001390,1494,4342,4126
WH001391,PRD001391,3187,1846,643
WH001392,PRD001392,9423,2545,3266
WH001393,PRD001393,4317,2765,2214
WH001394,PRD001394,9123,2786,125
WH001395,PRD001395,126,2880,4196
WH001396,PRD001396,7597,4012,4646
WH001397,PRD001397,8934,795,1490
WH001398,PRD001398,3786,4190,2833
WH001399,PRD001399,3941,339,2142
WH001400,PRD001400,8935,839,499
WH001401,PRD001401,4437,1879,1410
WH001402,PRD001402,3138,3002,4836
WH001403,PRD001403,8952,2137,188
WH001404,PRD001404,52,3966,2809
WH001405,PRD001405,6735,820,1363
WH001406,PRD001406,9464,1681,2246
WH001407,PRD001407,9930,2282,1345
WH001408,PRD001408,6428,3663,587
WH001409,PRD001409,7092,4216,1619
WH001410,PRD001410,8300,2085,687
WH001411,PRD001411,7883,1353,1419
WH001412,PRD001412,672,1419,3184
WH001413,PRD001413,8113,384,1077
WH001414,PRD001414,337,1799,2724
WH001415,PRD001415,2365,2701,1169
WH001416,PRD001416,3711,3348,651
WH001417,PRD001417,589,703,2588
WH001418,PRD001418,245,3497,4709
WH001419,PRD001419,6520,4022,749
WH001420,PRD001420,4948,263,1728
WH001421,PRD001421,2500,336,3920
WH001422,PRD001422,1316,2549,4970
WH001423,PRD001423,647,4548,652
WH001424,PRD001424,6555,436,4532
WH001425,PRD001425,5995,1774,1457
WH001426,PRD001426,3699,279,3031
WH001427,PRD001427,8081,789,2885
WH001428,PRD001428,4919,3059,4332
WH001429,PRD001429,6743,2677,390
WH001430,PRD001430,7459,1635,1323
WH001431,PRD001431,490,2148,2858
WH001432,PRD001432,9205,1382,1569
WH001433,PRD001433,9383,3059,2229
WH001434,PRD001434,6188,3933,281
WH001435,PRD001435,6505,816,1775
WH001436,PRD001436,2895,166,685
WH001437,PRD001437,6643,3668,1254
WH001438,PRD001438,8093,1954,1728
WH001439,PRD001439,882,4723,3983
WH001440,PRD001440,9638,3334,2745
WH001441,PRD001441,5179,3517,4161
WH001442,PRD001442,8641,1132,4785
WH001443,PRD001443,3668,2769,4964
WH001444,PRD001444,3980,1151,3063
WH001445,PRD001445,2658,925,1303
WH001446,PRD001446,30,3737,2232
WH001447,PRD001447,613,3960,241
WH001448,PRD001448,436,1202,3682
WH001449,PRD001449,8070,3938,4237
WH001450,PRD001450,4324,597,293
WH001451,PRD001451,2814,2330,2314
WH001452,PRD001452,5099,2740,1490
WH001453,PRD001453,5300,1459,818
WH001454,PRD001454,172,4740,1636
WH001455,PRD001455,5426,3171,4995
WH001456,PRD001456,4504,1943,363
WH001457,PRD001457,2982,2463,265
WH001458,PRD001458,7438,2640,2437
WH001459,PRD001459,9126,4778,4695
WH001460,PRD001460,4877,1646,4041
WH001461,PRD001461,6056,2418,3463
WH001462,PRD001462,1448,241,383
WH001463,PRD001463,1033,3128,1627
WH001464,PRD001464,9673,977,2394
WH001465,PRD001465,4387,4656,4836
WH001466,PRD001466,3648,126,1926
WH001467,PRD001467,7388,1262,1767
WH001468,PRD001468,4194,3394,621
WH001469,PRD001469,2118,3484,4194
WH001470,PRD001470,7927,4686,1549
WH001471,PRD001471,2165,2683,2517
WH001472,PRD001472,6840,4217,329
WH001473,PRD001473,9615,2050,2580
WH001474,PRD001474,2052,2750,3748
WH001475,PRD001475,5584,4634,613
WH001476,PRD001476,3896,4125,1967
WH001477,PRD001477,1409,2988,2280
WH001478,PRD001478,9956,4293,35
WH001479,PRD001479,7085,3126,4569
WH001480,PRD001480,7948,2275,2686
WH001481,PRD001481,5274,1836,4226
WH001482,PRD001482,1170,667,4626
WH001483,PRD001483,825,2137,1839
WH001484,PRD001484,1844,1762,2826
WH001485,PRD001485,5796,1735,4270
WH001486,PRD001486,2460,2309,305
WH001487,PRD001487,7453,1178,4597
WH001488,PRD001488,4673,2385,4680
WH001489,PRD001489,8455,1995,4069
WH001490,PRD001490,252,178,3953
WH001491,PRD001491,4369,4253,4951
WH001492,PRD001492,2385,2378,1347
WH001493,PRD001493,8480,1334,479
WH001494,PRD001494,9739,171,1142
WH001495,PRD001495,4059,4227,3585
WH001496,PRD001496,234,1185,1892
WH001497,PRD001497,6288,4529,2760
WH001498,PRD001498,6291,2324,333
WH001499,PRD001499,9539,1748,1825
WH001500,PRD001500,4596,901,3186
WH001501,PRD001501,960,1308,4987
WH001502,PRD001502,7727,1259,2809
WH001503,PRD001503,8470,2306,1266
WH001504,PRD001504,4836,3898,3307
WH001505,PRD001505,5315,1219,764
WH001506,PRD001506,2852,2910,289
WH001507,PRD001507,1691,4429,3485
WH001508,PRD001508,6394,3646,3123
WH001509,PRD001509,6891,3709,2238
WH001510,PRD001510,1311,374,2339
WH001511,PRD001511,9195,4807,853
WH001512,PRD001512,8297,4620,525
WH001513,PRD001513,232,215,2604
WH001514,PRD001514,8041,2004,277
WH001515,PRD001515,4924,4551,3100
WH001516,PRD001516,8364,4062,508
WH001517,PRD001517,218,785,760
WH001518,PRD001518,7759,3951,3257
WH001519,PRD001519,1745,4286,709
WH001520,PRD001520,856,2640,3944
WH001521,PRD001521,3095,2422,4455
WH001522,PRD001522,7695,3112,2225
WH001523,PRD001523,2117,4032,2258
WH001524,PRD001524,6866,2323,2172
WH001525,PRD001525,8661,2846,4864
WH001526,PRD001526,8710,759,4970
WH001527,PRD001527,6015,2785,2189
WH001528,PRD001528,1165,3764,3063
WH001529,PRD001529,5128,2796,1236
WH001530,PRD001530,8647,484,3913
WH001531,PRD001531,3647,1709,4718
WH001532,PRD001532,8454,2330,3671
WH001533,PRD001533,3492,2059,301
WH001534,PRD001534,6124,2515,4633
WH001535,PRD001535,6194,2859,1512
WH001536,PRD001536,9560,2721,4221
WH001537,PRD001537,1853,1981,3822
WH001538,PRD001538,294,2913,899
WH001539,PRD001539,8836,1755,4818
WH001540,PRD001540,3695,1252,2094
WH001541,PRD001541,19,3683,1812
WH001542,PRD001542,3012,2630,4751
WH001543,PRD001543,5438,595,3650
WH001544,PRD001544,2315,1308,2585
WH001545,PRD001545,6647,2025,668
WH001546,PRD001546,8790,3380,1130
WH001547,PRD001547,3762,1352,4185
WH001548,PRD001548,2442,622,2173
WH001549,PRD001549,6726,4363,3730
WH001550,PRD001550,7487,4016,4513
WH001551,PRD001551,4342,4833,281
WH001552,PRD001552,9980,1964,408
WH001553,PRD001553,2825,3588,4515
WH001554,PRD001554,1286,517,1918
WH001555,PRD001555,4153,3538,924
WH001556,PRD001556,4203,2607,415
WH001557,PRD001557,1508,1206,437
WH001558,PRD001558,4743,4539,2260
WH001559,PRD001559,7750,4410,927
WH001560,PRD001560,2557,3654,3833
WH001561,PRD001561,6535,1850,1653
WH001562,PRD001562,5612,2974,1974
WH001563,PRD001563,6910,2128,4493
WH001564,PRD001564,8147,4688,4085
WH001565,PRD001565,2667,753,1266
WH001566,PRD001566,6860,866,31
WH001567,PRD001567,7656,2784,460
WH001568,PRD001568,3715,3232,257
WH001569,PRD001569,2062,2206,240
WH001570,PRD001570,924,1617,53
WH001571,PRD001571,4518,3760,2956
WH001572,PRD001572,2265,410,3326
WH001573,PRD001573,8914,836,2830
WH001574,PRD001574,9405,3585,259
WH001575,PRD001575,5142,3572,1418
WH001576,PRD001576,3832,149,2848
WH001577,PRD001577,9899,116,2081
WH001578,PRD001578,9409,4392,3662
WH001579,PRD001579,1883,1941,3934
WH001580,PRD001580,6609,3389,2366
WH001581,PRD001581,9130,1384,1040
WH001582,PRD001582,4805,1494,4963
WH001583,PRD001583,3313,194,4975
WH001584,PRD001584,6312,4882,758
WH001585,PRD001585,5704,3232,1407
WH001586,PRD001586,4563,2167,1156
WH001587,PRD001587,1422,4585,3342
WH001588,PRD001588,9307,2536,3740
WH001589,PRD001589,3525,3468,2560
WH001590,PRD001590,8122,3640,2498
WH001591,PRD001591,8599,3649,496
WH001592,PRD001592,9709,2852,2998
WH001593,PRD001593,6642,3972,966
WH001594,PRD001594,1421,2268,1968
WH001595,PRD001595,8937,4560,4959
WH001596,PRD001596,879,3740,1653
WH001597,PRD001597,2931,2313,1338
WH001598,PRD001598,819,1947,4344
WH001599,PRD001599,7373,231,2411
WH001600,PRD001600,140,2146,1378
WH001601,PRD001601,6269,2457,574
WH001602,PRD001602,4043,4018,4625
WH001603,PRD001603,4207,310,2006
WH001604,PRD001604,4119,1587,1410
WH001605,PRD001605,8110,3461,1805
WH001606,PRD001606,1936,3251,749
WH001607,PRD001607,9305,4472,645
WH001608,PRD001608,1987,2533,4400
WH001609,PRD001609,8299,4303,1291
WH001610,PRD001610,8138,4199,2389
WH001611,PRD001611,3872,4564,4444
WH001612,PRD001612,8055,3100,1655
WH001613,PRD001613,4293,1266,2638
WH001614,PRD001614,4023,1853,1071
WH001615,PRD001615,1210,960,2162
WH001616,PRD001616,6256,4302,4635
WH001617,PRD001617,6605,1959,1175
WH001618,PRD001618,7473,2360,4262
WH001619,PRD001619,4308,1607,2407
WH001620,PRD001620,4360,4910,3090
WH001621,PRD001621,975,1877,4559
WH001622,PRD001622,888,4865,1684
WH001623,PRD001623,5885,2908,3857
WH001624,PRD001624,3089,2644,2014
WH001625,PRD001625,545,3193,694
WH001626,PRD001626,8752,4953,1496
WH001627,PRD001627,133,2486,783
WH001628,PRD001628,1123,1997,2103
WH001629,PRD001629,9106,3169,3734
WH001630,PRD001630,7685,3398,2870
WH001631,PRD001631,8889,4404,5
WH001632,PRD001632,6012,4352,1287
WH001633,PRD001633,5093,1764,3185
WH001634,PRD001634,1455,4277,2002
WH001635,PRD001635,7183,1308,2969
WH001636,PRD001636,1620,8,405
WH001637,PRD001637,663,3160,3168
WH001638,PRD001638,6270,1807,695
WH001639,PRD001639,9957,2214,4950
WH001640,PRD001640,113,4741,2657
WH001641,PRD001641,8602,236,558
WH001642,PRD001642,1260,1347,1505
WH001643,PRD001643,9633,4818,4127
WH001644,PRD001644,9008,3054,2506
WH001645,PRD001645,5785,317,879
WH001646,PRD001646,693,1514,2641
WH001647,PRD001647,2971,2027,1321
WH001648,PRD001648,3897,2279,4964
WH001649,PRD001649,4859,1247,544
WH001650,PRD001650,3757,4672,4488
WH001651,PRD001651,5050,4251,4816
WH001652,PRD001652,7806,428,688
WH001653,PRD001653,9616,4927,3717
WH001654,PRD001654,2215,4997,2569
WH001655,PRD001655,1567,623,4258
WH001656,PRD001656,8867,2672,2783
WH001657,PRD001657,4499,3960,94
WH001658,PRD001658,1155,4327,4536
WH001659,PRD001659,655,3006,318
WH001660,PRD001660,3678,1029,4823
WH001661,PRD001661,519,229,820
WH001662,PRD001662,1021,2773,4560
WH001663,PRD001663,3841,2552,4714
WH001664,PRD001664,7761,3849,2318
WH001665,PRD001665,4101,3755,1928
WH001666,PRD001666,4172,1536,237
WH001667,PRD001667,6188,608,1225
WH001668,PRD001668,1951,2122,3310
WH001669,PRD001669,6549,3448,742
WH001670,PRD001670,503,3584,115
WH001671,PRD001671,6261,312,3708
WH001672,PRD001672,9767,4140,3921
WH001673,PRD001673,5286,3580,2275
WH001674,PRD001674,2636,1867,1995
WH001675,PRD001675,3301,4716,746
WH001676,PRD001676,2217,46,4512
WH001677,PRD001677,6629,4519,4762
WH001678,PRD001678,5728,3674,1921
WH001679,PRD001679,1730,3753,3311
WH001680,PRD001680,3337,873,2834
WH001681,PRD001681,8369,4466,3115
WH001682,PRD001682,405,149,2338
WH001683,PRD001683,5756,677,2683
WH001684,PRD001684,766,2146,327
WH001685,PRD001685,2763,3576,1298
WH001686,PRD001686,8087,2536,2001
WH001687,PRD001687,4826,4321,3800
WH001688,PRD001688,2828,2596,2113
WH001689,PRD001689,6864,2030,1011
WH001690,PRD001690,9106,651,4127
WH001691,PRD001691,7571,2602,93
WH001692,PRD001692,4703,4766,2409
WH001693,PRD001693,4869,2926,4337
WH001694,PRD001694,1379,814,4559
WH001695,PRD001695,4800,590,1928
WH001696,PRD001696,4634,1149,704
WH001697,PRD001697,350,2182,6
WH001698,PRD001698,3436,2487,3086
WH001699,PRD001699,7609,227,1852
WH001700,PRD001700,1728,4792,4843
WH001701,PRD001701,9186,2570,4481
WH001702,PRD001702,6502,4206,1151
WH001703,PRD001703,4849,1927,1806
WH001704,PRD001704,5242,4581,3310
WH001705,PRD001705,3302,1199,2597
WH001706,PRD001706,4146,3261,3262
WH001707,PRD001707,2243,2798,2234
WH001708,PRD001708,8284,2526,2974
WH001709,PRD001709,417,856,1344
WH001710,PRD001710,2168,3490,304
WH001711,PRD001711,8526,4269,2839
WH001712,PRD001712,2468,1901,165
WH001713,PRD001713,2856,3971,3825
WH001714,PRD001714,2888,1039,4286
WH001715,PRD001715,4572,1828,3551
WH001716,PRD001716,2140,562,4021
WH001717,PRD001717,1030,408,4558
WH001718,PRD001718,3327,1239,4339
WH001719,PRD001719,6695,2933,4177
WH001720,PRD001720,4665,2034,424
WH001721,PRD001721,3723,2074,3018
WH001722,PRD001722,6985,4542,4186
WH001723,PRD001723,197,3182,968
WH001724,PRD001724,6382,3224,2903
WH001725,PRD001725,9118,4897,4593
WH001726,PRD001726,183,4929,346
WH001727,PRD001727,4588,2978,325
WH001728,PRD001728,2519,4760,2928
WH001729,PRD001729,2762,4346,1371
WH001730,PRD001730,9569,2900,451
WH001731,PRD001731,5389,1277,917
WH001732,PRD001732,3400,66,468
WH001733,PRD001733,1996,382,2668
WH001734,PRD001734,5752,4346,1770
WH001735,PRD001735,6890,1603,2255
WH001736,PRD001736,5093,3740,3548
WH001737,PRD001737,2011,2647,2475
WH001738,PRD001738,3990,3145,677
WH001739,PRD001739,6557,331,2523
WH001740,PRD001740,590,2720,2421
WH001741,PRD001741,7092,4725,168
WH001742,PRD001742,4731,4686,3092
WH001743,PRD001743,2286,2946,333
WH001744,PRD001744,4541,3707,4649
WH001745,PRD001745,1834,3921,4462
WH001746,PRD001746,7228,2631,11
WH001747,PRD001747,9466,3188,2023
WH001748,PRD001748,2112,2145,4345
WH001749,PRD001749,714,1444,1327
WH001750,PRD001750,8123,1125,3441
WH001751,PRD001751,6905,1083,4274
WH001752,PRD001752,636,1929,1020
WH001753,PRD001753,4864,2697,216
WH001754,PRD001754,9768,1303,2304
WH001755,PRD001755,9934,1397,840
WH001756,PRD001756,759,560,3139
WH001757,PRD001757,8488,3577,1669
WH001758,PRD001758,8138,3898,4271
WH001759,PRD001759,9866,2999,2312
WH001760,PRD001760,5700,976,3591
WH001761,PRD001761,452,4487,3405
WH001762,PRD001762,3323,4654,4491
WH001763,PRD001763,7565,4846,798
WH001764,PRD001764,1936,4057,4752
WH001765,PRD001765,7611,164,2840
WH001766,PRD001766,1214,1672,3266
WH001767,PRD001767,3510,323,777
WH001768,PRD001768,9872,3666,2985
WH001769,PRD001769,7974,770,2520
WH001770,PRD001770,1292,1555,1074
WH001771,PRD001771,1823,2630,3839
WH001772,PRD001772,2741,4751,2610
WH001773,PRD001773,1347,4478,2258
WH001774,PRD001774,4214,698,3675
WH001775,PRD001775,380,3391,1512
WH001776,PRD001776,686,4594,4931
WH001777,PRD001777,8779,761,424
WH001778,PRD001778,2553,448,2049
WH001779,PRD001779,9519,3942,4406
WH001780,PRD001780,2103,2803,464
WH001781,PRD001781,7892,1744,402
WH001782,PRD001782,5381,3223,267
WH001783,PRD001783,1887,1614,4438
WH001784,PRD001784,5543,633,2128
WH001785,PRD001785,3403,1267,3435
WH001786,PRD001786,5478,3519,1110
WH001787,PRD001787,7654,4392,4170
WH001788,PRD001788,6741,1657,3438
WH001789,PRD001789,6408,3010,3540
WH001790,PRD001790,8914,4248,2948
WH001791,PRD001791,2666,2275,1639
WH001792,PRD001792,4329,2080,927
WH001793,PRD001793,8991,977,3104
WH001794,PRD001794,8635,1628,772
WH001795,PRD001795,9605,2433,1634
WH001796,PRD001796,9466,4145,2205
WH001797,PRD001797,9022,433,647
WH001798,PRD001798,6351,1877,410
WH001799,PRD001799,8479,3445,1157
WH001800,PRD001800,887,1252,4367
WH001801,PRD001801,2766,4500,1636
WH001802,PRD001802,8560,4194,3121
WH001803,PRD001803,8804,4748,1729
WH001804,PRD001804,4603,2898,4961
WH001805,PRD001805,7661,728,359
WH001806,PRD001806,7782,4632,2764
WH001807,PRD001807,5068,1486,837
WH001808,PRD001808,4809,4916,3492
WH001809,PRD001809,1185,3496,3561
WH001810,PRD001810,6945,2406,3930
WH001811,PRD001811,6431,4439,2622
WH001812,PRD001812,5118,4054,3507
WH001813,PRD001813,7414,1953,3602
WH001814,PRD001814,5375,577,4088
WH001815,PRD001815,1897,2476,4346
WH001816,PRD001816,8317,1060,4815
WH001817,PRD001817,3397,2668,187
WH001818,PRD001818,1147,818,2206
WH001819,PRD001819,2403,1385,2782
WH001820,PRD001820,4299,1387,4703
WH001821,PRD001821,5147,944,3113
WH001822,PRD001822,9626,1606,101
WH001823,PRD001823,1408,1600,1941
WH001824,PRD001824,5282,3161,2082
WH001825,PRD001825,9492,390,2707
WH001826,PRD001826,6857,76,4179
WH001827,PRD001827,2977,1364,1790
WH001828,PRD001828,3119,2371,161
WH001829,PRD001829,308,3250,2529
WH001830,PRD001830,2657,2436,3713
WH001831,PRD001831,8196,1438,727
WH001832,PRD001832,6901,2537,668
WH001833,PRD001833,5951,2615,3803
WH001834,PRD001834,244,2155,2550
WH001835,PRD001835,1572,3685,60
WH001836,PRD001836,9785,3536,553
WH001837,PRD001837,4855,2212,235
WH001838,PRD001838,4378,1277,2493
WH001839,PRD001839,6132,4104,4783
WH001840,PRD001840,2784,2544,4409
WH001841,PRD001841,9028,1815,1336
WH001842,PRD001842,7121,3710,143
WH001843,PRD001843,1632,3950,438
WH001844,PRD001844,5004,3342,2610
WH001845,PRD001845,5191,2395,3211
WH001846,PRD001846,5310,2458,1140
WH001847,PRD001847,1856,2017,120
WH001848,PRD001848,442,328,181
WH001849,PRD001849,5965,4979,3774
WH001850,PRD001850,788,2302,1604
WH001851,PRD001851,1102,3356,4231
WH001852,PRD001852,8481,2573,489
WH001853,PRD001853,1598,926,3812
WH001854,PRD001854,985,2404,3353
WH001855,PRD001855,7050,924,4889
WH001856,PRD001856,3204,3463,215
WH001857,PRD001857,2784,2735,4494
WH001858,PRD001858,6372,1197,4244
WH001859,PRD001859,5452,1487,3486
WH001860,PRD001860,6881,3441,3509
WH001861,PRD001861,8569,4472,3385
WH001862,PRD001862,604,3962,2963
WH001863,PRD001863,5175,2499,4139
WH001864,PRD001864,6324,3826,1457
WH001865,PRD001865,1149,405,2627
WH001866,PRD001866,7504,4610,3102
WH001867,PRD001867,8509,1262,1717
WH001868,PRD001868,6970,4526,2277
WH001869,PRD001869,7685,3083,2277
WH001870,PRD001870,8284,1603,2849
WH001871,PRD001871,7974,2866,4373
WH001872,PRD001872,2933,1212,418
WH001873,PRD001873,6500,3406,3683
WH001874,PRD001874,5875,1670,4470
WH001875,PRD001875,1829,1301,1530
WH001876,PRD001876,2387,3630,3172
WH001877,PRD001877,7838,2717,4880
WH001878,PRD001878,5483,2591,3093
WH001879,PRD001879,3163,217,2147
WH001880,PRD001880,7354,3831,3932
WH001881,PRD001881,1582,1804,1744
WH001882,PRD001882,2669,3541,3223
WH001883,PRD001883,3536,670,3130
WH001884,PRD001884,4497,4611,3999
WH001885,PRD001885,2661,24,3891
WH001886,PRD001886,2028,4968,1011
WH001887,PRD001887,5189,1972,2398
WH001888,PRD001888,1340,4622,3539
WH001889,PRD001889,1586,1938,4706
WH001890,PRD001890,4568,1757,227
WH001891,PRD001891,7978,1965,3493
WH001892,PRD001892,7700,1108,4398
WH001893,PRD001893,3962,4969,2662
WH001894,PRD001894,1707,4862,408
WH001895,PRD001895,4371,37,3133
WH001896,PRD001896,2039,333,899
WH001897,PRD001897,5045,4926,1039
WH001898,PRD001898,2465,985,9
WH001899,PRD001899,2411,3327,4971
WH001900,PRD001900,4363,1551,4749
WH001901,PRD001901,6787,1561,2476
WH001902,PRD001902,3479,3219,4882
WH001903,PRD001903,3265,2340,4217
WH001904,PRD001904,4556,4178,4676
WH001905,PRD001905,5697,864,4644
WH001906,PRD001906,4844,4505,821
WH001907,PRD001907,6949,2581,2327
WH001908,PRD001908,5835,3851,2617
WH001909,PRD001909,4147,4718,2600
WH001910,PRD001910,7484,2593,1970
WH001911,PRD001911,8495,4658,89
WH001912,PRD001912,6108,2020,4178
WH001913,PRD001913,6737,2299,3871
WH001914,PRD001914,2307,3201,3264
WH001915,PRD001915,8779,4566,2629
WH001916,PRD001916,2500,699,4579
WH001917,PRD001917,5737,3280,2550
WH001918,PRD001918,8608,698,1299
WH001919,PRD001919,9646,723,3293
WH001920,PRD001920,7770,1788,4380
WH001921,PRD001921,8731,1879,2183
WH001922,PRD001922,2254,4026,4780
WH001923,PRD001923,5388,3878,4163
WH001924,PRD001924,6579,4431,4505
WH001925,PRD001925,8769,2052,4253
WH001926,PRD001926,8948,4106,2506
WH001927,PRD001927,9385,189,1453
WH001928,PRD001928,1643,3490,2478
WH001929,PRD001929,5869,1712,1736
WH001930,PRD001930,3570,2619,3174
WH001931,PRD001931,5245,3044,4482
WH001932,PRD001932,2733,748,4761
WH001933,PRD001933,4758,1133,4213
WH001934,PRD001934,4424,2043,1420
WH001935,PRD001935,9478,377,4520
WH001936,PRD001936,5809,1219,1305
WH001937,PRD001937,11,172,1353
WH001938,PRD001938,34,3677,1622
WH001939,PRD001939,3009,3239,1714
WH001940,PRD001940,3832,1250,2935
WH001941,PRD001941,8493,1751,2124
WH001942,PRD001942,7092,3318,233
WH001943,PRD001943,511,3847,3633
WH001944,PRD001944,9403,1813,3617
WH001945,PRD001945,5053,2898,722
WH001946,PRD001946,8583,1240,1843
WH001947,PRD001947,597,47,4575
WH001948,PRD001948,1753,3816,4397
WH001949,PRD001949,4848,3311,2955
WH001950,PRD001950,4119,3237,530
WH001951,PRD001951,417,855,1260
WH001952,PRD001952,9757,1125,3396
WH001953,PRD001953,2723,939,2608
WH001954,PRD001954,2410,1741,3721
WH001955,PRD001955,352,392,621
WH001956,PRD001956,7202,1771,841
WH001957,PRD001957,565,4315,1580
WH001958,PRD001958,8898,470,2322
WH001959,PRD001959,776,260,631
WH001960,PRD001960,2236,1757,416
WH001961,PRD001961,6018,1633,3721
WH001962,PRD001962,4484,4836,2430
WH001963,PRD001963,8938,3889,4304
WH001964,PRD001964,9523,623,852
WH001965,PRD001965,7870,213,3575
WH001966,PRD001966,7716,3064,1872
WH001967,PRD001967,2654,1972,4734
WH001968,PRD001968,5676,248,2582
WH001969,PRD001969,1116,3834,2296
WH001970,PRD001970,6104,4099,3087
WH001971,PRD001971,1173,996,555
WH001972,PRD001972,2899,3096,2590
WH001973,PRD001973,8318,4924,2440
WH001974,PRD001974,8947,3723,1685
WH001975,PRD001975,823,1476,1010
WH001976,PRD001976,1181,3945,4860
WH001977,PRD001977,8912,55,922
WH001978,PRD001978,4957,112,4106
WH001979,PRD001979,874,4478,4806
WH001980,PRD001980,5649,3305,1497
WH001981,PRD001981,5189,1258,1252
WH001982,PRD001982,4031,4166,2707
WH001983,PRD001983,1100,826,2636
WH001984,PRD001984,1562,4797,3077
WH001985,PRD001985,9490,2498,1526
WH001986,PRD001986,9504,1517,2570
WH001987,PRD001987,4591,1787,2195
WH001988,PRD001988,3555,3528,3347
WH001989,PRD001989,3276,1974,3316
WH001990,PRD001990,1095,1786,1651
WH001991,PRD001991,7240,3611,3316
WH001992,PRD001992,4082,3978,3179
WH001993,PRD001993,1528,4069,2342
WH001994,PRD001994,8508,2151,148
WH001995,PRD001995,1514,3444,1399
WH001996,PRD001996,8533,2793,4643
WH001997,PRD001997,8640,3260,807
WH001998,PRD001998,1741,3683,1846
WH001999,PRD001999,1881,3157,4753
WH002000,PRD002000,2340,745,900
WH002001,PRD002001,6015,3901,2135
WH002002,PRD002002,3634,4,4843
WH002003,PRD002003,4664,4828,4939
WH002004,PRD002004,7087,1146,883
WH002005,PRD002005,6017,2150,929
WH002006,PRD002006,4967,4476,2588
WH002007,PRD002007,976,2835,1325
WH002008,PRD002008,2725,3470,2230
WH002009,PRD002009,2142,3589,1531
WH002010,PRD002010,5346,1959,966
WH002011,PRD002011,4338,3429,4004
WH002012,PRD002012,6282,1146,3851
WH002013,PRD002013,4307,1733,808
WH002014,PRD002014,6771,3877,4239
WH002015,PRD002015,1543,3062,3253
WH002016,PRD002016,8261,3292,1636
WH002017,PRD002017,5835,1918,1589
WH002018,PRD002018,187,4200,4906
WH002019,PRD002019,676,3715,3798
WH002020,PRD002020,745,3972,168
WH002021,PRD002021,6893,2090,4477
WH002022,PRD002022,946,3314,1387
WH002023,PRD002023,5345,2668,2753
WH002024,PRD002024,8329,2973,3104
WH002025,PRD002025,2162,1762,945
WH002026,PRD002026,9046,736,976
WH002027,PRD002027,6691,4382,4128
WH002028,PRD002028,3511,3648,4138
WH002029,PRD002029,5762,4899,3676
WH002030,PRD002030,5975,2622,4461
WH002031,PRD002031,9601,3460,4498
WH002032,PRD002032,7454,507,1169
WH002033,PRD002033,4705,3630,1480
WH002034,PRD002034,9530,667,416
WH002035,PRD002035,4813,422,177
WH002036,PRD002036,6555,4209,1114
WH002037,PRD002037,6189,162,2222
WH002038,PRD002038,3398,518,3774
WH002039,PRD002039,1980,2340,3863
WH002040,PRD002040,2235,4059,3513
WH002041,PRD002041,5247,2723,2989
WH002042,PRD002042,1087,863,3581
WH002043,PRD002043,693,3532,1812
WH002044,PRD002044,3397,4958,3157
WH002045,PRD002045,9714,3117,2078
WH002046,PRD002046,8473,2536,3299
WH002047,PRD002047,6794,2056,2283
WH002048,PRD002048,2190,1825,2646
WH002049,PRD002049,892,4557,3600
WH002050,PRD002050,3739,1808,4468
WH002051,PRD002051,6003,3766,2027
WH002052,PRD002052,1196,2727,3998
WH002053,PRD002053,3289,3606,1697
WH002054,PRD002054,1486,3270,2546
WH002055,PRD002055,1102,3315,4633
WH002056,PRD002056,4476,1906,1276
WH002057,PRD002057,7257,2627,2103
WH002058,PRD002058,3966,1250,944
WH002059,PRD002059,5611,3142,4908
WH002060,PRD002060,8864,2903,4766
WH002061,PRD002061,4509,11,1869
WH002062,PRD002062,2176,906,3645
WH002063,PRD002063,5949,3456,3895
WH002064,PRD002064,5719,1491,4859
WH002065,PRD002065,6631,656,2443
WH002066,PRD002066,1679,3278,467
WH002067,PRD002067,3205,4015,4386
WH002068,PRD002068,9804,2,4707
WH002069,PRD002069,7905,4461,439
WH002070,PRD002070,2265,4708,3839
WH002071,PRD002071,6158,216,3833
WH002072,PRD002072,103,1011,719
WH002073,PRD002073,745,3523,4543
WH002074,PRD002074,5750,258,181
WH002075,PRD002075,9332,2738,4984
WH002076,PRD002076,2001,4780,631
WH002077,PRD002077,6691,296,4029
WH002078,PRD002078,3090,3699,3188
WH002079,PRD002079,4759,3598,4599
WH002080,PRD002080,4252,4312,2667
WH002081,PRD002081,4233,1393,3538
WH002082,PRD002082,5363,948,2340
WH002083,PRD002083,1189,2899,3250
WH002084,PRD002084,5739,988,2271
WH002085,PRD002085,1916,2598,1093
WH002086,PRD002086,6509,1697,4448
WH002087,PRD002087,8400,1659,1068
WH002088,PRD002088,9940,3658,509
WH002089,PRD002089,2792,4352,4981
WH002090,PRD002090,9385,1990,1462
WH002091,PRD002091,4496,2776,3891
WH002092,PRD002092,6152,3336,3817
WH002093,PRD002093,3379,1849,1282
WH002094,PRD002094,8003,2814,3610
WH002095,PRD002095,3419,3998,1585
WH002096,PRD002096,2006,1489,2685
WH002097,PRD002097,6423,1834,4139
WH002098,PRD002098,3815,1731,3472
WH002099,PRD002099,2116,2547,4326
WH002100,PRD002100,37,3583,4134
WH002101,PRD002101,3775,3371,2560
WH002102,PRD002102,2219,929,1904
WH002103,PRD002103,8014,671,3326
WH002104,PRD002104,4361,3994,507
WH002105,PRD002105,9710,4954,869
WH002106,PRD002106,9733,1729,2888
WH002107,PRD002107,3722,2631,1471
WH002108,PRD002108,1309,4087,3491
WH002109,PRD002109,9970,4178,651
WH002110,PRD002110,9710,1991,2495
WH002111,PRD002111,2784,4002,4807
WH002112,PRD002112,6918,795,4149
WH002113,PRD002113,8193,3101,2654
WH002114,PRD002114,3289,4377,4558
WH002115,PRD002115,2859,3865,2256
WH002116,PRD002116,2477,3533,2897
WH002117,PRD002117,9691,2741,221
WH002118,PRD002118,3178,2908,1653
WH002119,PRD002119,6143,735,2735
WH002120,PRD002120,9051,140,310
WH002121,PRD002121,4474,1809,4345
WH002122,PRD002122,428,2548,1385
WH002123,PRD002123,5577,4123,2220
WH002124,PRD002124,6374,4896,3377
WH002125,PRD002125,2294,4934,1357
WH002126,PRD002126,2360,4399,3047
WH002127,PRD002127,9732,1778,1733
WH002128,PRD002128,9930,519,3092
WH002129,PRD002129,6219,3698,3036
WH002130,PRD002130,5830,3766,3461
WH002131,PRD002131,4990,2104,1500
WH002132,PRD002132,5534,1766,3194
WH002133,PRD002133,5973,3012,3705
WH002134,PRD002134,196,4660,1427
WH002135,PRD002135,5535,872,2160
WH002136,PRD002136,4606,4367,3269
WH002137,PRD002137,8653,3828,2738
WH002138,PRD002138,9739,1715,1458
WH002139,PRD002139,1322,4630,2175
WH002140,PRD002140,4332,1678,4322
WH002141,PRD002141,3637,4721,4790
WH002142,PRD002142,6659,761,1091
WH002143,PRD002143,5607,3773,2712
WH002144,PRD002144,2064,4249,864
WH002145,PRD002145,7497,4818,2941
WH002146,PRD002146,7123,4443,2366
WH002147,PRD002147,684,2923,3711
WH002148,PRD002148,1895,2625,2384
WH002149,PRD002149,3795,2204,3710
WH002150,PRD002150,7563,489,771
WH002151,PRD002151,4201,452,69
WH002152,PRD002152,838,860,1280
WH002153,PRD002153,9894,2247,4870
WH002154,PRD002154,4120,2128,2470
WH002155,PRD002155,591,3793,4674
WH002156,PRD002156,6130,1279,3064
WH002157,PRD002157,5600,4705,4717
WH002158,PRD002158,7140,4745,3695
WH002159,PRD002159,6400,3129,2344
WH002160,PRD002160,4892,3925,4668
WH002161,PRD002161,2342,1098,780
WH002162,PRD002162,9341,4287,762
WH002163,PRD002163,6925,3565,1889
WH002164,PRD002164,2493,49,4081
WH002165,PRD002165,4232,1155,562
WH002166,PRD002166,707,912,3973
WH002167,PRD002167,9759,2418,4971
WH002168,PRD002168,2198,1589,179
WH002169,PRD002169,1385,2015,3885
WH002170,PRD002170,8501,3519,2253
WH002171,PRD002171,3740,507,4584
WH002172,PRD002172,2008,3795,1778
WH002173,PRD002173,3322,4736,4743
WH002174,PRD002174,5036,868,1249
WH002175,PRD002175,1738,3415,3231
WH002176,PRD002176,4636,4519,4403
WH002177,PRD002177,3218,978,2059
WH002178,PRD002178,7717,3072,799
WH002179,PRD002179,648,2180,1757
WH002180,PRD002180,9238,3611,770
WH002181,PRD002181,9362,1089,4413
WH002182,PRD002182,4571,1004,2304
WH002183,PRD002183,207,3749,4017
WH002184,PRD002184,2997,4428,4228
WH002185,PRD002185,2919,1273,4042
WH002186,PRD002186,4662,2791,3879
WH002187,PRD002187,4982,3611,4634
WH002188,PRD002188,9056,1480,4498
WH002189,PRD002189,6581,4985,871
WH002190,PRD002190,4333,4194,322
WH002191,PRD002191,3312,549,1934
WH002192,PRD002192,3431,2201,604
WH002193,PRD002193,1175,2245,3
WH002194,PRD002194,8553,4391,4050
WH002195,PRD002195,1766,3632,2319
WH002196,PRD002196,4577,1814,814
WH002197,PRD002197,6267,63,3296
WH002198,PRD002198,4981,4952,1922
WH002199,PRD002199,9698,3226,425
WH002200,PRD002200,5945,82,1036
WH002201,PRD002201,8407,1517,3541
WH002202,PRD002202,9025,3735,2220
WH002203,PRD002203,2359,4131,3065
WH002204,PRD002204,9994,2276,4343
WH002205,PRD002205,7257,4789,4384
WH002206,PRD002206,1948,1806,4852
WH002207,PRD002207,9234,1390,997
WH002208,PRD002208,4593,4751,3884
WH002209,PRD002209,5609,2805,624
WH002210,PRD002210,8658,1491,4058
WH002211,PRD002211,5185,2564,1196
WH002212,PRD002212,1910,63,4345
WH002213,PRD002213,8755,4563,512
WH002214,PRD002214,4886,1142,1904
WH002215,PRD002215,8454,575,4647
WH002216,PRD002216,282,4315,1146
WH002217,PRD002217,1689,3122,104
WH002218,PRD002218,8073,2100,3626
WH002219,PRD002219,5698,2856,2515
WH002220,PRD002220,289,4451,2411
WH002221,PRD002221,191,2121,4210
WH002222,PRD002222,4085,4160,1824
WH002223,PRD002223,4472,2750,79
WH002224,PRD002224,378,3516,2335
WH002225,PRD002225,6459,2315,2679
WH002226,PRD002226,4798,4814,1110
WH002227,PRD002227,4054,3593,1183
WH002228,PRD002228,1450,3838,409
WH002229,PRD002229,902,151,4520
WH002230,PRD002230,6672,4799,3465
WH002231,PRD002231,315,3432,2894
WH002232,PRD002232,4869,2343,1620
WH002233,PRD002233,9403,3090,422
WH002234,PRD002234,5136,3412,4867
WH002235,PRD002235,1943,3473,850
WH002236,PRD002236,8231,343,4018
WH002237,PRD002237,1476,1630,4167
WH002238,PRD002238,9613,1906,1651
WH002239,PRD002239,3087,4700,1958
WH002240,PRD002240,6451,1117,4002
WH002241,PRD002241,307,1396,2895
WH002242,PRD002242,5268,2553,4900
WH002243,PRD002243,803,4539,81
WH002244,PRD002244,4702,948,4675
WH002245,PRD002245,9027,2474,1376
WH002246,PRD002246,2256,4761,2550
WH002247,PRD002247,3901,178,2754
WH002248,PRD002248,6398,1785,2913
WH002249,PRD002249,2666,4174,497
WH002250,PRD002250,5488,4439,3963
WH002251,PRD002251,6551,2761,4987
WH002252,PRD002252,440,1266,2835
WH002253,PRD002253,9113,1458,224
WH002254,PRD002254,4088,2280,4167
WH002255,PRD002255,8424,2279,1656
WH002256,PRD002256,6757,4846,4894
WH002257,PRD002257,8452,2617,1418
WH002258,PRD002258,9460,2445,1177
WH002259,PRD002259,3369,144,3894
WH002260,PRD002260,1823,202,2959
WH002261,PRD002261,6189,4345,3617
WH002262,PRD002262,6294,177,1893
WH002263,PRD002263,5316,4534,238
WH002264,PRD002264,5626,4298,923
WH002265,PRD002265,1654,2719,3810
WH002266,PRD002266,8010,1923,200
WH002267,PRD002267,290,2860,4546
WH002268,PRD002268,7171,2782,2431
WH002269,PRD002269,9366,3656,3589
WH002270,PRD002270,7898,991,1921
WH002271,PRD002271,8659,324,2353
WH002272,PRD002272,8623,1120,443
WH002273,PRD002273,6111,2289,3689
WH002274,PRD002274,2329,1313,3709
WH002275,PRD002275,4583,18,3086
WH002276,PRD002276,8678,4179,4573
WH002277,PRD002277,2011,2454,1350
WH002278,PRD002278,4433,492,4021
WH002279,PRD002279,697,3338,2443
WH002280,PRD002280,1256,1491,2377
WH002281,PRD002281,4481,1747,1419
WH002282,PRD002282,4348,823,2433
WH002283,PRD002283,6608,4040,2985
WH002284,PRD002284,4694,855,2820
WH002285,PRD002285,1215,4001,248
WH002286,PRD002286,1026,4706,2073
WH002287,PRD002287,8646,1826,3918
WH002288,PRD002288,2535,231,2986
WH002289,PRD002289,3810,4818,2690
WH002290,PRD002290,5433,2197,2749
WH002291,PRD002291,6129,1432,1886
WH002292,PRD002292,6227,1105,3148
WH002293,PRD002293,6542,4612,1791
WH002294,PRD002294,7705,2871,159
WH002295,PRD002295,6922,557,3836
WH002296,PRD002296,233,997,59
WH002297,PRD002297,47,2435,2330
WH002298,PRD002298,2505,584,4016
WH002299,PRD002299,2580,2521,4854
WH002300,PRD002300,5026,1696,3262
WH002301,PRD002301,5604,2277,1348
WH002302,PRD002302,5775,3979,799
WH002303,PRD002303,4874,462,3740
WH002304,PRD002304,8124,3942,2090
WH002305,PRD002305,3700,180,1423
WH002306,PRD002306,3796,4885,350
WH002307,PRD002307,9680,3313,4251
WH002308,PRD002308,2124,2624,1466
WH002309,PRD002309,6950,2507,1448
WH002310,PRD002310,5544,4569,4639
WH002311,PRD002311,432,2815,661
WH002312,PRD002312,5609,3620,3268
WH002313,PRD002313,3302,2784,237
WH002314,PRD002314,7871,3514,2853
WH002315,PRD002315,7095,4673,3249
WH002316,PRD002316,2600,4952,3253
WH002317,PRD002317,4728,267,2741
WH002318,PRD002318,2368,4489,150
WH002319,PRD002319,4985,4140,2612
WH002320,PRD002320,5301,3904,1999
WH002321,PRD002321,137,1960,934
WH002322,PRD002322,5172,1566,2064
WH002323,PRD002323,69,1363,1784
WH002324,PRD002324,6140,1534,4825
WH002325,PRD002325,1360,2414,247
WH002326,PRD002326,43,3202,3834
WH002327,PRD002327,5481,60,2518
WH002328,PRD002328,3986,3882,1865
WH002329,PRD002329,6129,1575,2563
WH002330,PRD002330,2488,1106,907
WH002331,PRD002331,4314,1869,2710
WH002332,PRD002332,2447,733,1268
WH002333,PRD002333,3764,3821,467
WH002334,PRD002334,644,185,3489
WH002335,PRD002335,1931,3068,1664
WH002336,PRD002336,2893,1133,162
WH002337,PRD002337,2675,4640,3258
WH002338,PRD002338,8686,2160,4164
WH002339,PRD002339,7040,4938,3311
WH002340,PRD002340,7944,714,1070
WH002341,PRD002341,9492,1603,3743
WH002342,PRD002342,8322,236,2544
WH002343,PRD002343,9976,3621,3046
WH002344,PRD002344,2714,3311,3911
WH002345,PRD002345,5433,225,3876
WH002346,PRD002346,9619,4378,4626
WH002347,PRD002347,8399,1532,1818
WH002348,PRD002348,4648,889,4770
WH002349,PRD002349,2273,3583,2301
WH002350,PRD002350,8035,2271,2857
WH002351,PRD002351,3976,562,4476
WH002352,PRD002352,8534,1160,556
WH002353,PRD002353,1037,224,3915
WH002354,PRD002354,5247,3164,230
WH002355,PRD002355,7627,442,2299
WH002356,PRD002356,191,522,2457
WH002357,PRD002357,5426,1566,2349
WH002358,PRD002358,6194,1935,2719
WH002359,PRD002359,5995,1661,4417
WH002360,PRD002360,2387,437,3008
WH002361,PRD002361,6058,495,4720
WH002362,PRD002362,1015,2586,2511
WH002363,PRD002363,3879,2384,196
WH002364,PRD002364,2045,264,4189
WH002365,PRD002365,5826,1227,1861
WH002366,PRD002366,2820,1815,2596
WH002367,PRD002367,9239,2372,3315
WH002368,PRD002368,2815,3496,1070
WH002369,PRD002369,5134,2924,90
WH002370,PRD002370,5401,4944,4272
WH002371,PRD002371,1077,2828,546
WH002372,PRD002372,633,1487,1995
WH002373,PRD002373,5175,1286,3721
WH002374,PRD002374,8473,1543,2142
WH002375,PRD002375,5457,3919,4642
WH002376,PRD002376,3868,2379,1690
WH002377,PRD002377,8522,3942,3943
WH002378,PRD002378,6207,1468,48
WH002379,PRD002379,465,1676,4186
WH002380,PRD002380,7190,1060,3245
WH002381,PRD002381,2335,2968,1686
WH002382,PRD002382,7191,1192,2562
WH002383,PRD002383,4851,356,4243
WH002384,PRD002384,3913,3428,3627
WH002385,PRD002385,1832,4675,528
WH002386,PRD002386,7963,1739,2227
WH002387,PRD002387,4261,2581,370
WH002388,PRD002388,2251,1503,248
WH002389,PRD002389,3379,704,353
WH002390,PRD002390,4486,1967,54
WH002391,PRD002391,2076,1500,4083
WH002392,PRD002392,2802,1662,2776
WH002393,PRD002393,3765,3654,546
WH002394,PRD002394,1084,4740,3534
WH002395,PRD002395,2563,4401,744
WH002396,PRD002396,7642,4262,1373
WH002397,PRD002397,3882,3846,1755
WH002398,PRD002398,8650,133,3562
WH002399,PRD002399,1842,373,4148
WH002400,PRD002400,5358,2505,3547
WH002401,PRD002401,5562,4002,4856
WH002402,PRD002402,4117,2416,483
WH002403,PRD002403,830,4661,1684
WH002404,PRD002404,5316,1466,4581
WH002405,PRD002405,2504,1958,3997
WH002406,PRD002406,3191,4686,1653
WH002407,PRD002407,2268,1873,1756
WH002408,PRD002408,4435,684,4399
WH002409,PRD002409,1300,3593,14
WH002410,PRD002410,2059,4448,2674
WH002411,PRD002411,3416,2322,1545
WH002412,PRD002412,1024,2880,3734
WH002413,PRD002413,5908,3532,2747
WH002414,PRD002414,825,4603,1487
WH002415,PRD002415,1048,1344,4938
WH002416,PRD002416,3549,391,1344
WH002417,PRD002417,5951,2864,2472
WH002418,PRD002418,6899,4263,1732
WH002419,PRD002419,8689,1704,3398
WH002420,PRD002420,4773,1520,3296
WH002421,PRD002421,8618,1344,809
WH002422,PRD002422,7587,1297,4387
WH002423,PRD002423,2839,630,3873
WH002424,PRD002424,4313,2505,4750
WH002425,PRD002425,3076,4689,3521
WH002426,PRD002426,9125,344,314
WH002427,PRD002427,1746,1217,1567
WH002428,PRD002428,3996,2139,3457
WH002429,PRD002429,2268,1177,2188
WH002430,PRD002430,3648,3705,2816
WH002431,PRD002431,5360,1390,2974
WH002432,PRD002432,4705,3681,2009
WH002433,PRD002433,5800,4554,3468
WH002434,PRD002434,3735,1576,1837
WH002435,PRD002435,7294,3056,3086
WH002436,PRD002436,3197,377,268
WH002437,PRD002437,4262,989,4731
WH002438,PRD002438,5774,658,1950
WH002439,PRD002439,4028,3793,660
WH002440,PRD002440,5870,1128,2863
WH002441,PRD002441,9268,1971,3289
WH002442,PRD002442,6430,2040,1347
WH002443,PRD002443,1739,1841,4142
WH002444,PRD002444,9029,3974,2859
WH002445,PRD002445,8462,3724,398
WH002446,PRD002446,8805,4485,3569
WH002447,PRD002447,644,2141,4168
WH002448,PRD002448,4252,4916,4282
WH002449,PRD002449,1185,2358,331
WH002450,PRD002450,8790,4506,1014
WH002451,PRD002451,2175,4094,4599
WH002452,PRD002452,2817,4441,20
WH002453,PRD002453,2179,2287,2331
WH002454,PRD002454,5483,3723,3579
WH002455,PRD002455,6272,3931,460
WH002456,PRD002456,9417,3324,2444
WH002457,PRD002457,9845,3674,2064
WH002458,PRD002458,4945,1573,4989
WH002459,PRD002459,5872,2035,613
WH002460,PRD002460,9272,856,4557
WH002461,PRD002461,8504,4443,3951
WH002462,PRD002462,1052,3212,2401
WH002463,PRD002463,7609,4833,1222
WH002464,PRD002464,2496,4689,4377
WH002465,PRD002465,7413,4148,900
WH002466,PRD002466,192,859,4353
WH002467,PRD002467,3756,948,4513
WH002468,PRD002468,7187,2476,2930
WH002469,PRD002469,6172,2880,2987
WH002470,PRD002470,1447,227,478
WH002471,PRD002471,1204,3124,499
WH002472,PRD002472,6929,4972,60
WH002473,PRD002473,6607,2574,4456
WH002474,PRD002474,14,1910,2968
WH002475,PRD002475,7284,4528,809
WH002476,PRD002476,8590,4204,4244
WH002477,PRD002477,3489,4150,4897
WH002478,PRD002478,7842,4557,529
WH002479,PRD002479,5844,3292,4852
WH002480,PRD002480,5087,3462,4430
WH002481,PRD002481,1825,2349,1602
WH002482,PRD002482,3626,985,279
WH002483,PRD002483,4333,1554,4817
WH002484,PRD002484,2187,941,2422
WH002485,PRD002485,8807,3699,4350
WH002486,PRD002486,3283,432,3028
WH002487,PRD002487,4744,4487,2062
WH002488,PRD002488,812,3989,1463
WH002489,PRD002489,2821,4498,4884
WH002490,PRD002490,7175,2240,1619
WH002491,PRD002491,1468,3812,4277
WH002492,PRD002492,4642,4219,3039
WH002493,PRD002493,5930,2996,3243
WH002494,PRD002494,4280,67,129
WH002495,PRD002495,5317,2521,3083
WH002496,PRD002496,5600,4893,1569
WH002497,PRD002497,2398,4723,4711
WH002498,PRD002498,961,39,4548
WH002499,PRD002499,6869,4332,859
WH002500,PRD002500,7169,4349,3731
WH002501,PRD002501,1587,1000,371
WH002502,PRD002502,325,1157,4242
WH002503,PRD002503,8340,35,4022
WH002504,PRD002504,5904,3112,1680
WH002505,PRD002505,6477,3957,1519
WH002506,PRD002506,2210,4973,3826
WH002507,PRD002507,3661,3624,1083
WH002508,PRD002508,6140,2475,3549
WH002509,PRD002509,5663,1086,4990
WH002510,PRD002510,2153,3139,4334
WH002511,PRD002511,235,373,3803
WH002512,PRD002512,6792,946,2736
WH002513,PRD002513,6851,1559,3232
WH002514,PRD002514,6080,4271,4102
WH002515,PRD002515,9811,553,1721
WH002516,PRD002516,9272,87,315
WH002517,PRD002517,5448,336,3444
WH002518,PRD002518,3566,1390,4677
WH002519,PRD002519,1962,3773,523
WH002520,PRD002520,2606,2559,2665
WH002521,PRD002521,2298,1321,3100
WH002522,PRD002522,5359,2878,4787
WH002523,PRD002523,2105,4651,1099
WH002524,PRD002524,573,3857,2172
WH002525,PRD002525,169,1773,4503
WH002526,PRD002526,9929,711,213
WH002527,PRD002527,7327,3073,2917
WH002528,PRD002528,6741,4045,1151
WH002529,PRD002529,2075,4357,211
WH002530,PRD002530,1098,4734,1518
WH002531,PRD002531,436,4745,270
WH002532,PRD002532,4316,3347,3011
WH002533,PRD002533,757,1895,961
WH002534,PRD002534,7253,4345,4234
WH002535,PRD002535,7370,4255,1811
WH002536,PRD002536,8233,4740,4868
WH002537,PRD002537,5725,53,4194
WH002538,PRD002538,453,2586,3517
WH002539,PRD002539,450,3734,674
WH002540,PRD002540,8108,365,2278
WH002541,PRD002541,6639,3551,3503
WH002542,PRD002542,5733,4761,4655
WH002543,PRD002543,5571,785,967
WH002544,PRD002544,958,1539,1649
WH002545,PRD002545,5136,607,256
WH002546,PRD002546,9731,1532,2171
WH002547,PRD002547,1415,4671,4735
WH002548,PRD002548,6204,3630,1927
WH002549,PRD002549,2197,3293,844
WH002550,PRD002550,2213,843,4863
WH002551,PRD002551,4049,2633,3896
WH002552,PRD002552,7591,3844,3454
WH002553,PRD002553,4139,4699,930
WH002554,PRD002554,8139,1285,662
WH002555,PRD002555,7312,2021,1163
WH002556,PRD002556,8701,837,2477
WH002557,PRD002557,8439,4537,2620
WH002558,PRD002558,764,4190,1076
WH002559,PRD002559,5813,11,2298
WH002560,PRD002560,5072,2503,2276
WH002561,PRD002561,8353,498,313
WH002562,PRD002562,5485,2048,4046
WH002563,PRD002563,2446,3558,526
WH002564,PRD002564,3395,3123,3697
WH002565,PRD002565,9763,119,3713
WH002566,PRD002566,1115,4361,4490
WH002567,PRD002567,7653,485,1975
WH002568,PRD002568,6657,434,2605
WH002569,PRD002569,1283,1464,2378
WH002570,PRD002570,2456,4213,2767
WH002571,PRD002571,2050,2831,2438
WH002572,PRD002572,2644,4011,1523
WH002573,PRD002573,3109,2502,1666
WH002574,PRD002574,5453,4084,2390
WH002575,PRD002575,8134,3689,1764
WH002576,PRD002576,9708,3055,1928
WH002577,PRD002577,6138,2696,2400
WH002578,PRD002578,351,1585,182
WH002579,PRD002579,8001,4961,3767
WH002580,PRD002580,4166,4215,914
WH002581,PRD002581,9856,2429,2358
WH002582,PRD002582,2991,497,3341
WH002583,PRD002583,4890,3628,1390
WH002584,PRD002584,2765,2575,4024
WH002585,PRD002585,8026,4090,917
WH002586,PRD002586,9820,2958,531
WH002587,PRD002587,6899,2939,2203
WH002588,PRD002588,1862,1103,3294
WH002589,PRD002589,8668,1719,1708
WH002590,PRD002590,7117,2961,3411
WH002591,PRD002591,6057,47,3132
WH002592,PRD002592,6420,2872,2690
WH002593,PRD002593,7710,3717,1356
WH002594,PRD002594,5678,3359,575
WH002595,PRD002595,3504,3736,4136
WH002596,PRD002596,6495,4624,4198
WH002597,PRD002597,4934,4096,3240
WH002598,PRD002598,6849,3826,1553
WH002599,PRD002599,6040,3721,3408
WH002600,PRD002600,6665,1179,1364
WH002601,PRD002601,3179,4104,4586
WH002602,PRD002602,3884,3971,443
WH002603,PRD002603,9175,4212,1434
WH002604,PRD002604,5843,1922,3779
WH002605,PRD002605,3394,3398,1137
WH002606,PRD002606,341,3839,3061
WH002607,PRD002607,8398,4885,2822
WH002608,PRD002608,2329,362,3592
WH002609,PRD002609,3065,2800,1969
WH002610,PRD002610,8165,1912,4304
WH002611,PRD002611,1358,2632,1390
WH002612,PRD002612,1010,358,511
WH002613,PRD002613,9178,1971,1225
WH002614,PRD002614,5566,153,1141
WH002615,PRD002615,2126,4860,111
WH002616,PRD002616,9875,1616,4081
WH002617,PRD002617,1378,398,3800
WH002618,PRD002618,8542,3171,3959
WH002619,PRD002619,4202,3829,3804
WH002620,PRD002620,5864,2953,4174
WH002621,PRD002621,631,1024,805
WH002622,PRD002622,6845,3347,651
WH002623,PRD002623,921,3861,997
WH002624,PRD002624,6109,305,994
WH002625,PRD002625,6477,3773,4798
WH002626,PRD002626,7741,853,3244
WH002627,PRD002627,5035,3361,4058
WH002628,PRD002628,2556,2718,4051
WH002629,PRD002629,7432,4163,4685
WH002630,PRD002630,6834,3098,4523
WH002631,PRD002631,6292,821,193
WH002632,PRD002632,9064,1348,411
WH002633,PRD002633,9775,2172,118
WH002634,PRD002634,2233,1513,913
WH002635,PRD002635,2945,4859,2976
WH002636,PRD002636,4006,2817,3552
WH002637,PRD002637,1572,1947,3084
WH002638,PRD002638,7424,1917,4065
WH002639,PRD002639,7549,1856,4386
WH002640,PRD002640,9280,1198,427
WH002641,PRD002641,2198,3090,1293
WH002642,PRD002642,3042,4403,3071
WH002643,PRD002643,1295,4279,2838
WH002644,PRD002644,5582,547,3931
WH002645,PRD002645,4505,2261,2321
WH002646,PRD002646,9978,3926,359
WH002647,PRD002647,3493,3673,332
WH002648,PRD002648,7437,2683,2985
WH002649,PRD002649,6649,572,881
WH002650,PRD002650,8145,2590,3183
WH002651,PRD002651,9520,2125,1218
WH002652,PRD002652,3157,1393,3427
WH002653,PRD002653,2346,2951,1907
WH002654,PRD002654,2276,3365,4775
WH002655,PRD002655,6663,3207,2408
WH002656,PRD002656,5589,2069,522
WH002657,PRD002657,1964,3657,2987
WH002658,PRD002658,7080,408,1060
WH002659,PRD002659,9248,282,1051
WH002660,PRD002660,6381,3177,2931
WH002661,PRD002661,3914,4677,4743
WH002662,PRD002662,5923,3005,615
WH002663,PRD002663,7873,2946,3049
WH002664,PRD002664,650,4397,3671
WH002665,PRD002665,820,891,717
WH002666,PRD002666,3750,3681,1915
WH002667,PRD002667,1014,4754,4490
WH002668,PRD002668,6355,2709,4858
WH002669,PRD002669,5113,4458,711
WH002670,PRD002670,3045,850,4067
WH002671,PRD002671,1474,4097,266
WH002672,PRD002672,2243,3209,2912
WH002673,PRD002673,9507,4281,4808
WH002674,PRD002674,2613,2533,4101
WH002675,PRD002675,7934,1831,1009
WH002676,PRD002676,2843,1121,4437
WH002677,PRD002677,4497,3235,4653
WH002678,PRD002678,371,4272,3310
WH002679,PRD002679,675,3849,1419
WH002680,PRD002680,5202,2299,230
WH002681,PRD002681,3108,4213,3510
WH002682,PRD002682,771,4576,146
WH002683,PRD002683,3807,3464,3712
WH002684,PRD002684,357,1495,3610
WH002685,PRD002685,8924,4437,1477
WH002686,PRD002686,6411,2475,1457
WH002687,PRD002687,8429,3064,299
WH002688,PRD002688,4424,2173,4288
WH002689,PRD002689,378,1917,1136
WH002690,PRD002690,8918,168,2321
WH002691,PRD002691,3418,3192,3257
WH002692,PRD002692,511,4423,1950
WH002693,PRD002693,3383,2125,4191
WH002694,PRD002694,4564,4860,1824
WH002695,PRD002695,1603,1540,2035
WH002696,PRD002696,6489,2677,1722
WH002697,PRD002697,4109,3382,970
WH002698,PRD002698,2562,1992,1525
WH002699,PRD002699,9949,3580,4533
WH002700,PRD002700,1771,4419,4786
WH002701,PRD002701,3660,4327,3313
WH002702,PRD002702,1680,4460,3144
WH002703,PRD002703,4916,3951,4022
WH002704,PRD002704,4917,225,315
WH002705,PRD002705,2973,1791,2186
WH002706,PRD002706,3689,80,961
WH002707,PRD002707,5958,2031,4768
WH002708,PRD002708,9617,1231,4506
WH002709,PRD002709,1585,2446,4810
WH002710,PRD002710,8438,843,3202
WH002711,PRD002711,3674,4202,127
WH002712,PRD002712,4900,1079,1175
WH002713,PRD002713,7095,1474,2866
WH002714,PRD002714,7306,4838,3474
WH002715,PRD002715,5250,4862,3492
WH002716,PRD002716,2777,1612,3359
WH002717,PRD002717,5589,2233,3552
WH002718,PRD002718,3626,2573,3150
WH002719,PRD002719,959,3102,3553
WH002720,PRD002720,9300,4365,2230
WH002721,PRD002721,6656,4115,3201
WH002722,PRD002722,8452,1191,1452
WH002723,PRD002723,9030,1126,111
WH002724,PRD002724,1880,1571,4543
WH002725,PRD002725,1447,2873,2621
WH002726,PRD002726,690,1431,4702
WH002727,PRD002727,1783,4757,1338
WH002728,PRD002728,3715,1374,2781
WH002729,PRD002729,8529,1793,4430
WH002730,PRD002730,2685,4900,2702
WH002731,PRD002731,4115,2034,384
WH002732,PRD002732,3527,332,4896
WH002733,PRD002733,2379,4760,4030
WH002734,PRD002734,830,1370,2939
WH002735,PRD002735,9391,3990,1521
WH002736,PRD002736,7921,3289,1416
WH002737,PRD002737,5370,4539,1942
WH002738,PRD002738,1757,4527,1584
WH002739,PRD002739,2639,694,54
WH002740,PRD002740,6055,2490,1718
WH002741,PRD002741,3757,1101,2606
WH002742,PRD002742,1328,3359,613
WH002743,PRD002743,1751,1135,4192
WH002744,PRD002744,3075,291,3563
WH002745,PRD002745,432,3109,4588
WH002746,PRD002746,2155,2198,1825
WH002747,PRD002747,2525,2419,130
WH002748,PRD002748,2610,3718,2809
WH002749,PRD002749,2155,857,1307
WH002750,PRD002750,2505,4237,2284
WH002751,PRD002751,8138,3813,2602
WH002752,PRD002752,9049,3988,1844
WH002753,PRD002753,3929,3523,4228
WH002754,PRD002754,952,484,4883
WH002755,PRD002755,3861,3613,517
WH002756,PRD002756,6407,127,2790
WH002757,PRD002757,4557,2192,4481
WH002758,PRD002758,5200,3871,583
WH002759,PRD002759,2481,4229,2888
WH002760,PRD002760,836,956,3718
WH002761,PRD002761,4113,3831,2114
WH002762,PRD002762,3723,4576,1144
WH002763,PRD002763,3542,2576,4394
WH002764,PRD002764,3667,278,2238
WH002765,PRD002765,9330,3866,60
WH002766,PRD002766,6257,265,3922
WH002767,PRD002767,8680,3613,4843
WH002768,PRD002768,5339,2336,4262
WH002769,PRD002769,5253,1578,1418
WH002770,PRD002770,1776,530,4876
WH002771,PRD002771,3298,350,1999
WH002772,PRD002772,9151,1168,266
WH002773,PRD002773,2091,4505,879
WH002774,PRD002774,5387,607,2437
WH002775,PRD002775,6872,1503,3563
WH002776,PRD002776,5389,256,3503
WH002777,PRD002777,9975,211,4500
WH002778,PRD002778,7602,4128,2200
WH002779,PRD002779,6137,3480,1865
WH002780,PRD002780,8846,3003,863
WH002781,PRD002781,6192,3205,1995
WH002782,PRD002782,3392,4526,1118
WH002783,PRD002783,1083,1478,1794
WH002784,PRD002784,3190,2272,4608
WH002785,PRD002785,8297,1956,1740
WH002786,PRD002786,5177,4640,3434
WH002787,PRD002787,2892,2035,2967
WH002788,PRD002788,1394,1314,4240
WH002789,PRD002789,4008,1931,4847
WH002790,PRD002790,3106,1950,4897
WH002791,PRD002791,5866,3596,2632
WH002792,PRD002792,3489,606,3905
WH002793,PRD002793,1700,2916,2680
WH002794,PRD002794,7329,3307,1334
WH002795,PRD002795,4603,3732,4671
WH002796,PRD002796,6118,2629,3311
WH002797,PRD002797,5367,4103,2191
WH002798,PRD002798,7400,4602,570
WH002799,PRD002799,695,1238,2915
WH002800,PRD002800,6591,4912,409
WH002801,PRD002801,6262,732,4545
WH002802,PRD002802,2648,86,3538
WH002803,PRD002803,9,787,3332
WH002804,PRD002804,6240,4603,4604
WH002805,PRD002805,5579,4262,643
WH002806,PRD002806,6543,2245,4837
WH002807,PRD002807,4430,860,2100
WH002808,PRD002808,9869,1987,3622
WH002809,PRD002809,4926,3474,1109
WH002810,PRD002810,8826,4265,562
WH002811,PRD002811,3779,3710,4052
WH002812,PRD002812,4145,4839,492
WH002813,PRD002813,1547,1281,2890
WH002814,PRD002814,5503,854,3512
WH002815,PRD002815,5225,720,3954
WH002816,PRD002816,3622,3466,945
WH002817,PRD002817,5809,925,2323
WH002818,PRD002818,4574,2186,4566
WH002819,PRD002819,8266,4027,379
WH002820,PRD002820,9070,1322,1321
WH002821,PRD002821,6647,4141,1391
WH002822,PRD002822,9602,4346,1962
WH002823,PRD002823,9637,3106,507
WH002824,PRD002824,4761,1202,4002
WH002825,PRD002825,8056,3528,4639
WH002826,PRD002826,2083,2898,2119
WH002827,PRD002827,2453,1534,114
WH002828,PRD002828,9849,2045,2761
WH002829,PRD002829,4307,896,3223
WH002830,PRD002830,9133,464,1672
WH002831,PRD002831,5511,1326,748
WH002832,PRD002832,8115,30,134
WH002833,PRD002833,6622,4523,4587
WH002834,PRD002834,7635,2328,2112
WH002835,PRD002835,8264,981,538
WH002836,PRD002836,460,2741,2266
WH002837,PRD002837,16,381,1728
WH002838,PRD002838,993,2189,3505
WH002839,PRD002839,4065,2935,3823
WH002840,PRD002840,5764,1354,1621
WH002841,PRD002841,7625,3826,1408
WH002842,PRD002842,9613,4128,640
WH002843,PRD002843,203,2108,2132
WH002844,PRD002844,6477,3571,1822
WH002845,PRD002845,712,2357,0
WH002846,PRD002846,7182,2425,3904
WH002847,PRD002847,4561,1101,4365
WH002848,PRD002848,8025,2499,4167
WH002849,PRD002849,9007,3352,304
WH002850,PRD002850,4548,3876,1149
WH002851,PRD002851,116,4501,327
WH002852,PRD002852,4876,4812,2787
WH002853,PRD002853,7738,3153,4109
WH002854,PRD002854,1126,1159,259
WH002855,PRD002855,2539,1837,2667
WH002856,PRD002856,8373,3749,4196
WH002857,PRD002857,4855,4463,3998
WH002858,PRD002858,2165,4739,746
WH002859,PRD002859,3892,357,3780
WH002860,PRD002860,2539,4259,3700
WH002861,PRD002861,5411,3067,3716
WH002862,PRD002862,560,1068,4017
WH002863,PRD002863,4432,1740,1720
WH002864,PRD002864,3744,2366,3909
WH002865,PRD002865,1109,3257,4592
WH002866,PRD002866,5251,457,924
WH002867,PRD002867,286,4830,2632
WH002868,PRD002868,540,4241,2023
WH002869,PRD002869,6494,2594,3382
WH002870,PRD002870,818,3293,4887
WH002871,PRD002871,1226,247,4315
WH002872,PRD002872,3657,4537,1418
WH002873,PRD002873,4450,2953,1120
WH002874,PRD002874,1466,1606,664
WH002875,PRD002875,2899,3172,4830
WH002876,PRD002876,7159,4717,4947
WH002877,PRD002877,5234,2435,1128
WH002878,PRD002878,7386,1329,4170
WH002879,PRD002879,2527,3262,1848
WH002880,PRD002880,6761,3612,4343
WH002881,PRD002881,5822,3882,2750
WH002882,PRD002882,3612,3648,2279
WH002883,PRD002883,1310,1919,4671
WH002884,PRD002884,1160,1680,186
WH002885,PRD002885,9510,1060,2584
WH002886,PRD002886,6082,1186,2140
WH002887,PRD002887,165,4606,1404
WH002888,PRD002888,8597,2145,460
WH002889,PRD002889,98,1566,92
WH002890,PRD002890,8381,4414,2878
WH002891,PRD002891,7801,1167,150
WH002892,PRD002892,6930,3306,4423
WH002893,PRD002893,94,3182,3876
WH002894,PRD002894,4201,1009,2349
WH002895,PRD002895,1815,240,2032
WH002896,PRD002896,8345,4195,94
WH002897,PRD002897,9767,961,1672
WH002898,PRD002898,1469,3842,3984
WH002899,PRD002899,1528,1124,733
WH002900,PRD002900,9717,4879,3900
WH002901,PRD002901,2713,1349,4763
WH002902,PRD002902,554,3839,2780
WH002903,PRD002903,9139,2462,3930
WH002904,PRD002904,399,4769,1795
WH002905,PRD002905,8338,213,1840
WH002906,PRD002906,4419,1440,4488
WH002907,PRD002907,2334,1963,1710
WH002908,PRD002908,3349,4549,3013
WH002909,PRD002909,3909,1534,3221
WH002910,PRD002910,6803,2074,646
WH002911,PRD002911,7523,4714,1363
WH002912,PRD002912,6425,3894,2680
WH002913,PRD002913,23,4749,3267
WH002914,PRD002914,7658,2404,3557
WH002915,PRD002915,629,1676,1673
WH002916,PRD002916,287,2479,1467
WH002917,PRD002917,9481,4935,44
WH002918,PRD002918,3607,3774,4085
WH002919,PRD002919,984,363,3408
WH002920,PRD002920,917,3277,3620
WH002921,PRD002921,7657,345,2914
WH002922,PRD002922,6046,3888,764
WH002923,PRD002923,4081,3181,2207
WH002924,PRD002924,317,4345,1900
WH002925,PRD002925,6022,1778,4729
WH002926,PRD002926,8564,1331,1985
WH002927,PRD002927,5855,887,3716
WH002928,PRD002928,4740,3908,1912
WH002929,PRD002929,67,154,1990
WH002930,PRD002930,7967,3431,928
WH002931,PRD002931,1325,3505,2720
WH002932,PRD002932,6754,615,1028
WH002933,PRD002933,4158,648,442
WH002934,PRD002934,8088,2952,619
WH002935,PRD002935,1901,4564,1440
WH002936,PRD002936,6860,2881,1816
WH002937,PRD002937,6677,4528,1042
WH002938,PRD002938,248,414,1294
WH002939,PRD002939,2093,1423,4863
WH002940,PRD002940,2459,242,4861
WH002941,PRD002941,686,4610,1444
WH002942,PRD002942,7633,2243,3764
WH002943,PRD002943,6902,3936,2490
WH002944,PRD002944,2715,2639,161
WH002945,PRD002945,667,2443,3647
WH002946,PRD002946,1210,4839,2107
WH002947,PRD002947,2709,3905,4924
WH002948,PRD002948,5234,3675,4505
WH002949,PRD002949,9411,4853,3854
WH002950,PRD002950,4430,1097,1483
WH002951,PRD002951,5148,3661,2479
WH002952,PRD002952,26,1304,2508
WH002953,PRD002953,9348,2284,2053
WH002954,PRD002954,2979,3437,1384
WH002955,PRD002955,7254,2591,1086
WH002956,PRD002956,3482,2085,4197
WH002957,PRD002957,7598,1784,994
WH002958,PRD002958,2402,2394,3799
WH002959,PRD002959,8543,4156,650
WH002960,PRD002960,2801,4524,4264
WH002961,PRD002961,546,500,2996
WH002962,PRD002962,7897,1776,452
WH002963,PRD002963,9216,17,1214
WH002964,PRD002964,9711,3613,818
WH002965,PRD002965,82,3375,4409
WH002966,PRD002966,6591,764,752
WH002967,PRD002967,4129,3817,1987
WH002968,PRD002968,6545,2421,3576
WH002969,PRD002969,6847,509,2805
WH002970,PRD002970,2417,4213,2520
WH002971,PRD002971,233,3816,518
WH002972,PRD002972,8279,4327,1936
WH002973,PRD002973,2961,2289,3151
WH002974,PRD002974,95,1037,4861
WH002975,PRD002975,7532,4428,894
WH002976,PRD002976,5065,2167,2509
WH002977,PRD002977,4451,3931,148
WH002978,PRD002978,614,3100,1392
WH002979,PRD002979,2575,1208,4533
WH002980,PRD002980,2415,3826,1223
WH002981,PRD002981,996,1166,2828
WH002982,PRD002982,1379,3796,1885
WH002983,PRD002983,8702,2619,3647
WH002984,PRD002984,9311,4407,1457
WH002985,PRD002985,3140,2434,73
WH002986,PRD002986,7611,3830,4344
WH002987,PRD002987,3975,759,4060
WH002988,PRD002988,6552,3438,1427
WH002989,PRD002989,3021,2928,7
WH002990,PRD002990,927,711,3085
WH002991,PRD002991,1169,3614,3246
WH002992,PRD002992,997,891,1829
WH002993,PRD002993,1644,1041,4487
WH002994,PRD002994,6577,658,4024
WH002995,PRD002995,7392,1874,666
WH002996,PRD002996,9070,1877,4792
WH002997,PRD002997,5882,131,2935
WH002998,PRD002998,3224,1716,3119
WH002999,PRD002999,4159,935,2673
WH003000,PRD003000,643,3582,1589
