shipment_id,customer_id,origin_port,destination_port,departure_date,arrival_date,shipment_status,cargo_type,weight_tons,volume_cbm,revenue,cost
SHP000001,CUST001785,Rotterdam Port,Shanghai Port,2022-12-01,2022-04-11,Delivered,Electronics,153.68,269.47,176269.7,80941.64
SHP000002,CUST001904,Lagos Port,Los Angeles Port,2024-08-28,2023-11-03,Delayed,Food,193.0,56.52,199342.63,33641.51
SHP000003,CUST001380,Rotterdam Port,Singapore Port,2022-09-29,2024-10-19,Delivered,Oil,196.44,413.16,24311.41,126294.72
SHP000004,CUST001781,Los Angeles Port,Lagos Port,2024-12-15,2022-03-21,Delivered,Food,178.33,382.34,152513.05,19304.55
SHP000005,CUST000101,Hamburg Port,Dubai Port,2022-01-01,2022-06-16,Delivered,Textiles,51.8,336.26,52244.57,68668.59
SHP000006,CUST002379,Hamburg Port,Hamburg Port,2023-09-15,2024-01-02,Delayed,Food,110.75,446.23,32231.92,114768.14
SHP000007,CUST002844,Durban Port,Rotterdam Port,2024-09-17,2022-06-12,Delivered,Textiles,177.62,176.4,131962.36,87817.2
SHP000008,CUST001301,Rotterdam Port,Hamburg Port,2023-09-09,2024-06-14,Delayed,Textiles,6.43,56.55,38827.34,16199.77
SHP000009,CUST001897,Shanghai Port,Dubai Port,2022-08-16,2023-07-14,In Transit,Textiles,199.72,236.34,8984.57,41910.77
SHP000010,CUST002166,Durban Port,Durban Port,2022-04-05,2022-10-15,Delayed,Oil,55.64,40.93,53385.48,60486.81
SHP000011,CUST002970,Durban Port,Rotterdam Port,2024-02-21,2024-07-02,Delivered,Textiles,126.93,249.74,195134.76,143669.24
SHP000012,CUST000586,Rotterdam Port,Hamburg Port,2024-02-17,2023-08-23,Delayed,Textiles,67.29,157.95,175853.24,77743.11
SHP000013,CUST001413,Los Angeles Port,Dubai Port,2023-08-22,2022-02-19,Delayed,Electronics,13.3,446.47,71159.93,62250.12
SHP000014,CUST001269,Los Angeles Port,Dubai Port,2022-04-13,2024-12-11,Delayed,Food,5.45,224.31,125454.51,11960.72
SHP000015,CUST002583,Dubai Port,Shanghai Port,2022-04-20,2024-01-08,In Transit,Vehicles,128.25,114.73,115822.84,45985.19
SHP000016,CUST000013,Durban Port,Singapore Port,2023-05-20,2022-04-18,Delayed,Vehicles,121.16,253.33,115312.75,95997.54
SHP000017,CUST002016,Durban Port,Durban Port,2024-10-29,2024-04-08,Delayed,Food,82.46,40.48,111094.09,145217.99
SHP000018,CUST002207,Dubai Port,Los Angeles Port,2024-08-07,2022-06-23,Delayed,Electronics,181.57,360.46,116839.73,72799.13
SHP000019,CUST001483,Lagos Port,Dubai Port,2023-06-06,2023-12-03,In Transit,Vehicles,40.33,158.3,151527.2,35628.04
SHP000020,CUST002663,Los Angeles Port,Lagos Port,2023-10-13,2023-09-02,In Transit,Food,162.82,60.61,69214.22,95664.15
SHP000021,CUST000008,Rotterdam Port,Dubai Port,2023-03-18,2022-06-01,Delivered,Vehicles,51.49,256.29,142363.36,37281.08
SHP000022,CUST000507,Singapore Port,Los Angeles Port,2022-01-14,2023-08-21,Delayed,Oil,133.01,116.81,9506.55,136020.5
SHP000023,CUST000299,Shanghai Port,Shanghai Port,2023-05-26,2024-11-10,Delayed,Food,24.3,52.6,49569.58,3038.96
SHP000024,CUST000926,Hamburg Port,Shanghai Port,2023-06-23,2023-12-12,In Transit,Textiles,54.01,318.19,16319.09,49549.7
SHP000025,CUST002858,Hamburg Port,Rotterdam Port,2023-10-01,2024-06-09,Delivered,Textiles,175.66,162.8,116490.23,98247.34
SHP000026,CUST001084,Shanghai Port,Rotterdam Port,2024-12-20,2022-11-27,Delayed,Food,35.89,219.39,181167.14,63237.6
SHP000027,CUST000751,Singapore Port,Singapore Port,2024-06-26,2024-03-04,Delayed,Electronics,178.35,370.7,155306.07,67807.57
SHP000028,CUST000285,Hamburg Port,Lagos Port,2023-07-22,2023-08-18,In Transit,Electronics,14.63,119.37,144553.15,65684.99
SHP000029,CUST002962,Dubai Port,Los Angeles Port,2022-01-08,2022-05-22,In Transit,Food,188.84,21.42,161669.58,20709.84
SHP000030,CUST000117,Lagos Port,Hamburg Port,2024-08-27,2022-11-12,In Transit,Food,185.94,374.4,170282.12,67207.12
SHP000031,CUST000716,Singapore Port,Hamburg Port,2024-10-06,2022-01-15,Delayed,Vehicles,118.58,17.71,58200.62,12727.7
SHP000032,CUST001176,Hamburg Port,Hamburg Port,2024-06-05,2023-12-24,Delivered,Vehicles,100.9,153.92,135781.43,141439.28
SHP000033,CUST002995,Singapore Port,Shanghai Port,2022-08-16,2023-03-10,In Transit,Vehicles,144.31,251.39,28936.8,8524.13
SHP000034,CUST002176,Rotterdam Port,Rotterdam Port,2022-03-31,2024-10-28,Delivered,Vehicles,135.09,223.17,173076.82,138842.2
SHP000035,CUST002115,Rotterdam Port,Rotterdam Port,2024-09-07,2024-08-12,In Transit,Electronics,142.34,25.62,147391.38,3999.98
SHP000036,CUST001217,Shanghai Port,Dubai Port,2022-08-12,2022-10-02,Delivered,Electronics,5.52,390.81,59766.39,104970.24
SHP000037,CUST002862,Rotterdam Port,Hamburg Port,2022-09-04,2023-02-28,Delivered,Textiles,98.87,70.51,58986.0,14027.85
SHP000038,CUST000269,Hamburg Port,Dubai Port,2022-01-25,2022-11-13,Delayed,Food,42.98,73.98,52859.11,14018.66
SHP000039,CUST001101,Singapore Port,Durban Port,2022-04-11,2022-08-19,In Transit,Electronics,108.65,389.93,58503.31,6317.44
SHP000040,CUST001107,Singapore Port,Hamburg Port,2023-08-21,2023-05-28,Delayed,Textiles,7.77,20.8,170265.98,141463.89
SHP000041,CUST002579,Los Angeles Port,Lagos Port,2024-11-09,2022-07-29,Delivered,Food,90.0,266.16,162364.66,37705.34
SHP000042,CUST001260,Rotterdam Port,Los Angeles Port,2022-07-07,2024-03-15,Delivered,Oil,119.38,338.25,111922.37,3259.63
SHP000043,CUST001067,Durban Port,Dubai Port,2023-09-06,2022-10-07,Delayed,Electronics,130.5,179.11,147271.44,126426.85
SHP000044,CUST000316,Durban Port,Singapore Port,2022-10-26,2024-09-03,Delayed,Electronics,22.29,105.64,115688.43,136348.85
SHP000045,CUST002615,Dubai Port,Shanghai Port,2024-05-17,2023-03-02,Delivered,Vehicles,186.79,356.83,165716.06,40195.04
SHP000046,CUST000534,Los Angeles Port,Los Angeles Port,2022-06-29,2023-02-20,Delayed,Vehicles,12.04,35.87,57981.6,42851.0
SHP000047,CUST001252,Rotterdam Port,Los Angeles Port,2024-08-01,2022-03-18,In Transit,Electronics,176.22,496.28,103822.7,48315.36
SHP000048,CUST001906,Durban Port,Singapore Port,2024-04-03,2022-06-11,In Transit,Oil,93.73,224.63,58118.37,10014.81
SHP000049,CUST002852,Singapore Port,Shanghai Port,2023-01-16,2023-06-03,Delayed,Textiles,104.92,51.13,35548.5,23499.36
SHP000050,CUST002777,Dubai Port,Shanghai Port,2023-10-30,2023-05-01,In Transit,Oil,23.14,29.56,76992.93,130302.95
SHP000051,CUST000042,Dubai Port,Los Angeles Port,2022-06-05,2022-10-17,In Transit,Vehicles,139.02,346.29,161177.78,90501.97
SHP000052,CUST000634,Los Angeles Port,Lagos Port,2023-08-16,2024-01-03,Delayed,Electronics,173.8,410.07,18129.44,127876.43
SHP000053,CUST002824,Lagos Port,Singapore Port,2024-12-05,2022-06-08,In Transit,Oil,84.16,476.39,134157.15,43849.14
SHP000054,CUST001191,Singapore Port,Shanghai Port,2022-04-23,2022-09-11,Delayed,Vehicles,35.37,197.4,140620.16,84075.01
SHP000055,CUST001237,Rotterdam Port,Lagos Port,2022-11-16,2023-08-23,Delivered,Textiles,133.04,372.56,151303.77,142656.21
SHP000056,CUST000504,Durban Port,Shanghai Port,2023-08-24,2022-07-28,Delivered,Food,60.42,21.28,149995.19,106034.0
SHP000057,CUST001972,Dubai Port,Rotterdam Port,2023-06-27,2022-03-06,Delayed,Electronics,84.7,477.14,164105.34,45790.97
SHP000058,CUST002742,Lagos Port,Dubai Port,2024-05-17,2024-03-20,In Transit,Food,98.53,410.05,77703.28,38884.4
SHP000059,CUST001092,Lagos Port,Dubai Port,2022-06-11,2023-09-06,Delivered,Electronics,130.42,193.98,151584.59,117954.03
SHP000060,CUST000579,Durban Port,Shanghai Port,2023-09-10,2024-09-16,Delayed,Oil,5.13,222.26,177622.5,69415.93
SHP000061,CUST001617,Singapore Port,Singapore Port,2024-08-31,2022-09-22,Delivered,Electronics,5.49,67.03,132279.47,4519.28
SHP000062,CUST000760,Dubai Port,Durban Port,2022-07-14,2024-02-23,In Transit,Textiles,78.31,382.95,124280.61,132535.84
SHP000063,CUST001873,Lagos Port,Shanghai Port,2023-12-21,2023-03-28,Delivered,Oil,119.09,277.31,159134.33,31796.52
SHP000064,CUST000276,Dubai Port,Singapore Port,2023-01-18,2023-02-12,In Transit,Oil,96.34,381.13,8733.76,73105.85
SHP000065,CUST000501,Durban Port,Shanghai Port,2022-09-26,2022-04-01,Delivered,Food,159.84,333.51,23243.32,18856.56
SHP000066,CUST000402,Rotterdam Port,Dubai Port,2024-10-27,2023-04-28,Delivered,Food,92.28,246.07,130458.81,101699.66
SHP000067,CUST000484,Singapore Port,Rotterdam Port,2022-12-21,2023-06-09,In Transit,Oil,169.77,108.08,73150.45,120682.32
SHP000068,CUST000018,Singapore Port,Los Angeles Port,2023-03-09,2022-01-17,In Transit,Electronics,152.67,243.92,144311.81,137482.26
SHP000069,CUST002886,Singapore Port,Durban Port,2024-06-07,2022-09-29,Delayed,Food,112.99,18.14,8024.81,97653.21
SHP000070,CUST000268,Los Angeles Port,Rotterdam Port,2024-04-06,2022-06-04,In Transit,Oil,33.04,118.46,79668.1,127022.12
SHP000071,CUST001320,Rotterdam Port,Los Angeles Port,2024-06-23,2023-02-06,Delivered,Oil,58.61,451.55,83007.51,81406.6
SHP000072,CUST000601,Durban Port,Lagos Port,2024-10-21,2024-01-27,In Transit,Vehicles,79.3,101.71,149859.48,136844.87
SHP000073,CUST002067,Lagos Port,Shanghai Port,2024-05-19,2024-12-21,In Transit,Food,126.93,29.31,56466.07,130784.33
SHP000074,CUST001073,Los Angeles Port,Hamburg Port,2023-08-29,2023-02-21,Delivered,Food,101.84,27.25,61506.11,20213.64
SHP000075,CUST001219,Los Angeles Port,Hamburg Port,2023-05-05,2023-12-25,Delayed,Food,89.32,12.91,123913.42,37488.6
SHP000076,CUST001930,Dubai Port,Durban Port,2022-11-06,2023-03-08,In Transit,Electronics,140.83,244.28,33028.87,142297.52
SHP000077,CUST001260,Rotterdam Port,Durban Port,2024-07-04,2024-03-01,In Transit,Electronics,86.07,481.96,194168.53,107297.27
SHP000078,CUST000080,Dubai Port,Los Angeles Port,2022-06-05,2022-04-28,Delivered,Textiles,48.49,20.36,47616.44,37381.11
SHP000079,CUST002368,Lagos Port,Lagos Port,2023-02-14,2024-11-06,Delayed,Vehicles,186.68,309.86,12164.93,40581.35
SHP000080,CUST000068,Hamburg Port,Shanghai Port,2022-01-05,2023-09-06,Delayed,Oil,71.68,30.98,138617.19,79426.01
SHP000081,CUST000696,Rotterdam Port,Los Angeles Port,2024-09-29,2023-02-17,In Transit,Electronics,160.59,261.57,191288.6,32911.48
SHP000082,CUST000873,Durban Port,Lagos Port,2024-11-07,2023-08-29,In Transit,Oil,141.41,11.31,188953.25,56466.93
SHP000083,CUST000195,Shanghai Port,Rotterdam Port,2024-05-25,2022-04-25,In Transit,Oil,47.18,133.25,90859.6,113718.34
SHP000084,CUST002244,Los Angeles Port,Los Angeles Port,2024-04-28,2024-06-24,In Transit,Oil,80.78,471.39,161369.46,142521.2
SHP000085,CUST001953,Shanghai Port,Los Angeles Port,2024-05-12,2023-10-17,Delayed,Electronics,102.41,256.96,53634.87,120921.22
SHP000086,CUST000753,Rotterdam Port,Hamburg Port,2022-06-09,2022-06-26,In Transit,Textiles,151.69,12.72,173547.42,120137.09
SHP000087,CUST002102,Dubai Port,Rotterdam Port,2023-07-06,2023-03-28,Delivered,Electronics,83.74,128.27,86096.95,14814.51
SHP000088,CUST002101,Los Angeles Port,Singapore Port,2023-07-04,2024-08-22,Delivered,Textiles,63.59,447.53,71279.24,11225.39
SHP000089,CUST000692,Hamburg Port,Singapore Port,2022-08-12,2022-12-22,Delayed,Food,190.87,102.34,104899.34,113968.26
SHP000090,CUST001693,Los Angeles Port,Dubai Port,2024-04-29,2022-03-19,Delivered,Oil,146.8,364.37,41328.27,51268.43
SHP000091,CUST000865,Rotterdam Port,Dubai Port,2023-11-23,2023-11-09,Delayed,Oil,176.83,255.45,178872.38,108750.65
SHP000092,CUST001094,Durban Port,Hamburg Port,2022-03-04,2024-01-15,In Transit,Textiles,36.72,106.94,117845.12,25139.58
SHP000093,CUST000425,Lagos Port,Durban Port,2022-04-30,2023-11-22,In Transit,Oil,79.38,276.69,114860.79,47991.34
SHP000094,CUST002527,Durban Port,Dubai Port,2022-12-25,2023-02-23,Delayed,Electronics,100.75,369.65,40247.85,100266.45
SHP000095,CUST001907,Hamburg Port,Rotterdam Port,2024-03-15,2023-06-17,Delayed,Food,27.94,276.68,198688.05,64544.44
SHP000096,CUST000751,Lagos Port,Singapore Port,2023-11-27,2022-07-16,Delayed,Textiles,57.07,403.08,181993.84,17882.6
SHP000097,CUST001545,Hamburg Port,Shanghai Port,2024-12-17,2022-11-28,Delivered,Textiles,91.56,388.84,117475.75,44531.21
SHP000098,CUST000004,Dubai Port,Los Angeles Port,2023-08-24,2023-09-03,Delivered,Oil,125.85,33.44,84773.64,129474.39
SHP000099,CUST001159,Los Angeles Port,Hamburg Port,2023-04-01,2023-11-08,Delivered,Vehicles,34.14,246.82,55653.98,80785.99
SHP000100,CUST000788,Lagos Port,Lagos Port,2022-03-08,2023-12-13,Delayed,Vehicles,55.94,57.0,20319.17,63878.35
SHP000101,CUST002519,Hamburg Port,Los Angeles Port,2024-04-24,2024-11-15,In Transit,Oil,24.58,473.27,53260.7,130183.05
SHP000102,CUST001709,Shanghai Port,Dubai Port,2023-11-15,2022-08-03,In Transit,Electronics,66.37,424.87,181721.54,34705.03
SHP000103,CUST001653,Shanghai Port,Shanghai Port,2023-12-13,2023-01-17,In Transit,Oil,117.19,450.93,169116.73,12198.97
SHP000104,CUST002320,Hamburg Port,Los Angeles Port,2022-01-14,2023-04-28,In Transit,Vehicles,88.84,63.52,130117.9,59981.83
SHP000105,CUST000314,Dubai Port,Lagos Port,2023-01-19,2022-09-19,Delivered,Food,104.54,153.71,75891.71,38667.28
SHP000106,CUST000334,Lagos Port,Singapore Port,2024-06-21,2022-04-24,Delivered,Vehicles,189.27,212.67,16976.64,71543.66
SHP000107,CUST000687,Los Angeles Port,Shanghai Port,2023-09-06,2024-09-22,Delayed,Vehicles,55.24,412.78,136095.3,4266.84
SHP000108,CUST000559,Durban Port,Hamburg Port,2023-01-03,2022-02-24,Delivered,Textiles,95.96,299.44,108419.88,61206.67
SHP000109,CUST002244,Rotterdam Port,Hamburg Port,2022-12-22,2022-04-24,Delivered,Food,118.62,427.74,107304.74,142435.14
SHP000110,CUST002942,Shanghai Port,Los Angeles Port,2024-10-20,2024-12-12,Delayed,Oil,52.63,105.88,12428.61,84906.22
SHP000111,CUST001801,Singapore Port,Dubai Port,2022-09-12,2022-01-21,Delivered,Electronics,129.65,384.67,176326.32,135658.38
SHP000112,CUST000594,Hamburg Port,Hamburg Port,2024-06-13,2024-12-21,Delivered,Food,146.19,440.68,179796.33,58696.03
SHP000113,CUST000764,Hamburg Port,Lagos Port,2024-12-15,2023-04-08,In Transit,Vehicles,62.47,106.74,178118.07,93818.46
SHP000114,CUST000073,Durban Port,Los Angeles Port,2024-11-10,2024-05-09,In Transit,Food,170.87,300.58,130484.96,90824.51
SHP000115,CUST002029,Dubai Port,Singapore Port,2022-04-14,2022-03-11,Delivered,Electronics,149.86,64.49,14637.48,21378.34
SHP000116,CUST002904,Dubai Port,Los Angeles Port,2023-11-27,2022-12-08,Delivered,Food,186.67,322.76,11748.78,128698.91
SHP000117,CUST001863,Dubai Port,Singapore Port,2022-02-13,2022-11-27,Delivered,Oil,67.64,121.68,45788.58,77726.41
SHP000118,CUST001184,Singapore Port,Lagos Port,2024-09-05,2022-12-17,Delayed,Textiles,20.25,217.14,99929.28,131203.66
SHP000119,CUST001431,Rotterdam Port,Singapore Port,2022-07-30,2023-08-11,Delayed,Vehicles,114.22,371.43,167281.07,129820.3
SHP000120,CUST002167,Shanghai Port,Rotterdam Port,2024-01-23,2024-04-08,Delivered,Vehicles,150.35,212.17,27673.82,139937.44
SHP000121,CUST002365,Singapore Port,Dubai Port,2023-04-14,2024-04-18,Delayed,Electronics,138.46,441.54,109580.09,122806.91
SHP000122,CUST000941,Los Angeles Port,Los Angeles Port,2024-01-08,2022-02-10,Delivered,Food,79.09,189.29,96706.78,121254.08
SHP000123,CUST002839,Durban Port,Rotterdam Port,2022-08-12,2022-01-29,In Transit,Oil,155.98,441.68,52839.14,114932.49
SHP000124,CUST001488,Hamburg Port,Rotterdam Port,2022-09-05,2022-12-31,In Transit,Vehicles,100.57,162.37,147204.89,3900.92
SHP000125,CUST002017,Lagos Port,Durban Port,2024-03-24,2024-03-05,In Transit,Vehicles,117.19,393.1,23972.34,77025.42
SHP000126,CUST001141,Los Angeles Port,Hamburg Port,2022-02-13,2022-02-17,Delivered,Vehicles,144.16,426.87,30920.62,9656.04
SHP000127,CUST000440,Rotterdam Port,Rotterdam Port,2022-04-11,2024-12-13,In Transit,Food,69.64,458.08,35956.71,23742.37
SHP000128,CUST000640,Rotterdam Port,Hamburg Port,2022-04-15,2022-02-10,Delivered,Vehicles,74.21,240.95,46841.1,114306.67
SHP000129,CUST002984,Dubai Port,Singapore Port,2023-03-01,2023-11-04,Delayed,Electronics,94.18,88.84,7230.41,13408.16
SHP000130,CUST002769,Shanghai Port,Hamburg Port,2022-07-14,2022-09-13,In Transit,Vehicles,5.79,444.52,49904.96,73517.75
SHP000131,CUST000369,Shanghai Port,Dubai Port,2024-07-04,2022-11-25,In Transit,Vehicles,45.77,226.4,39540.26,97573.93
SHP000132,CUST001996,Singapore Port,Singapore Port,2024-08-11,2024-02-10,Delayed,Textiles,88.71,117.42,190762.05,14963.57
SHP000133,CUST001233,Dubai Port,Rotterdam Port,2022-06-24,2023-10-06,In Transit,Electronics,171.94,378.62,115896.19,147139.81
SHP000134,CUST002138,Lagos Port,Singapore Port,2024-05-06,2024-10-17,In Transit,Textiles,110.9,379.38,167443.83,28566.46
SHP000135,CUST000998,Los Angeles Port,Los Angeles Port,2024-07-16,2024-04-29,In Transit,Textiles,58.59,448.15,135363.95,126862.71
SHP000136,CUST001755,Durban Port,Dubai Port,2022-06-20,2024-09-05,Delayed,Vehicles,8.19,301.43,149658.03,49479.73
SHP000137,CUST000293,Los Angeles Port,Hamburg Port,2023-07-30,2022-10-23,In Transit,Food,143.54,193.43,44687.31,121046.58
SHP000138,CUST000667,Rotterdam Port,Singapore Port,2023-12-29,2022-06-10,Delayed,Food,91.29,483.49,162289.93,86364.98
SHP000139,CUST000375,Hamburg Port,Rotterdam Port,2022-07-14,2022-06-17,In Transit,Vehicles,184.88,137.08,15294.04,120155.88
SHP000140,CUST002173,Lagos Port,Shanghai Port,2022-02-21,2023-03-08,Delayed,Electronics,79.03,219.64,51985.02,127916.63
SHP000141,CUST001033,Dubai Port,Singapore Port,2023-07-21,2023-01-12,In Transit,Electronics,155.03,141.62,29047.34,44553.97
SHP000142,CUST000485,Dubai Port,Dubai Port,2022-09-12,2024-04-07,Delivered,Vehicles,93.72,126.31,183179.99,13642.77
SHP000143,CUST001614,Singapore Port,Rotterdam Port,2023-02-27,2022-06-06,Delivered,Oil,96.22,346.7,67943.27,106642.22
SHP000144,CUST001392,Dubai Port,Durban Port,2023-02-10,2022-03-22,In Transit,Textiles,41.61,479.45,143409.14,49784.12
SHP000145,CUST002664,Dubai Port,Lagos Port,2023-07-08,2023-10-14,In Transit,Oil,49.42,464.56,149762.71,14723.72
SHP000146,CUST002057,Los Angeles Port,Hamburg Port,2023-07-21,2024-03-31,Delayed,Oil,118.78,306.38,136377.5,13501.92
SHP000147,CUST000966,Singapore Port,Durban Port,2023-01-25,2023-04-07,Delayed,Electronics,135.68,53.53,136290.92,72372.65
SHP000148,CUST002820,Dubai Port,Durban Port,2024-05-29,2024-01-02,In Transit,Textiles,187.37,138.04,188471.91,40498.38
SHP000149,CUST000216,Shanghai Port,Lagos Port,2022-09-30,2022-07-25,Delayed,Vehicles,102.39,29.82,197405.42,119244.51
SHP000150,CUST002585,Los Angeles Port,Hamburg Port,2022-03-03,2024-10-29,In Transit,Textiles,156.29,469.53,120184.44,132677.18
SHP000151,CUST000078,Los Angeles Port,Dubai Port,2022-02-02,2022-04-11,In Transit,Vehicles,137.63,385.17,79746.83,42922.52
SHP000152,CUST000960,Durban Port,Durban Port,2023-01-13,2023-06-30,Delivered,Food,63.45,80.15,85993.41,30201.88
SHP000153,CUST000835,Dubai Port,Hamburg Port,2022-01-12,2023-03-10,In Transit,Food,79.71,358.4,179391.82,123440.15
SHP000154,CUST001619,Shanghai Port,Shanghai Port,2023-07-30,2022-02-23,Delayed,Textiles,84.92,484.99,89469.45,10816.03
SHP000155,CUST001981,Lagos Port,Rotterdam Port,2024-04-09,2024-02-12,In Transit,Vehicles,21.68,61.75,93374.12,26063.57
SHP000156,CUST001294,Los Angeles Port,Lagos Port,2022-02-02,2023-12-16,In Transit,Electronics,49.01,270.69,177448.09,68126.15
SHP000157,CUST001645,Shanghai Port,Hamburg Port,2023-10-05,2023-10-06,Delayed,Textiles,17.77,318.9,37126.05,92193.72
SHP000158,CUST001922,Lagos Port,Lagos Port,2023-11-24,2024-03-25,In Transit,Electronics,155.15,126.11,180566.36,7171.58
SHP000159,CUST000519,Rotterdam Port,Hamburg Port,2024-10-23,2022-02-06,Delivered,Oil,97.9,348.69,126661.1,5356.27
SHP000160,CUST000245,Los Angeles Port,Singapore Port,2022-12-31,2024-05-08,Delivered,Textiles,120.23,305.8,160947.32,22644.61
SHP000161,CUST001239,Los Angeles Port,Los Angeles Port,2022-07-15,2024-06-19,Delayed,Oil,177.23,26.42,52681.19,23499.09
SHP000162,CUST002179,Durban Port,Shanghai Port,2024-10-22,2023-11-19,Delivered,Vehicles,101.45,387.87,184380.93,23044.19
SHP000163,CUST000449,Singapore Port,Lagos Port,2024-03-01,2024-04-20,Delivered,Textiles,131.18,66.15,38316.14,80329.32
SHP000164,CUST002421,Hamburg Port,Durban Port,2022-07-04,2024-06-30,In Transit,Vehicles,148.08,475.35,32889.7,111852.69
SHP000165,CUST001529,Hamburg Port,Los Angeles Port,2022-07-27,2022-04-11,Delayed,Electronics,176.28,378.9,33546.45,147423.06
SHP000166,CUST000855,Shanghai Port,Singapore Port,2023-09-09,2022-09-22,Delivered,Vehicles,23.22,154.72,176736.88,6096.37
SHP000167,CUST000784,Hamburg Port,Lagos Port,2022-03-11,2022-02-07,In Transit,Food,64.7,115.88,184326.3,30536.72
SHP000168,CUST001427,Lagos Port,Lagos Port,2023-06-11,2022-01-20,Delivered,Electronics,86.89,411.14,28209.91,70818.2
SHP000169,CUST002518,Shanghai Port,Lagos Port,2024-11-20,2024-09-17,Delivered,Oil,127.1,217.99,66166.84,68902.76
SHP000170,CUST001206,Rotterdam Port,Lagos Port,2022-03-17,2023-10-20,Delivered,Electronics,63.13,216.19,33563.62,102975.62
SHP000171,CUST001624,Los Angeles Port,Shanghai Port,2024-08-04,2022-02-24,In Transit,Textiles,108.75,289.14,160961.66,123259.61
SHP000172,CUST000045,Lagos Port,Los Angeles Port,2024-11-26,2023-08-26,In Transit,Oil,161.6,275.82,151515.88,86773.48
SHP000173,CUST001587,Hamburg Port,Los Angeles Port,2024-08-22,2022-07-06,Delayed,Oil,165.14,25.68,142659.17,112727.86
SHP000174,CUST002600,Rotterdam Port,Durban Port,2022-02-05,2022-01-31,Delayed,Oil,70.71,472.52,116634.57,57400.06
SHP000175,CUST001429,Shanghai Port,Hamburg Port,2023-10-31,2024-10-18,In Transit,Textiles,73.64,390.17,34143.96,121332.5
SHP000176,CUST002202,Rotterdam Port,Durban Port,2023-04-17,2022-11-23,In Transit,Textiles,71.72,20.35,36442.53,136601.09
SHP000177,CUST001785,Singapore Port,Dubai Port,2023-01-04,2024-05-18,Delivered,Vehicles,31.59,415.03,92526.32,47478.99
SHP000178,CUST002305,Rotterdam Port,Shanghai Port,2022-04-21,2022-07-10,Delivered,Textiles,160.06,458.79,24112.58,32180.73
SHP000179,CUST001209,Durban Port,Rotterdam Port,2022-01-22,2024-02-23,In Transit,Electronics,51.56,345.36,192900.94,81150.17
SHP000180,CUST002644,Rotterdam Port,Lagos Port,2022-07-12,2023-06-10,Delivered,Food,16.37,347.77,18216.84,44915.1
SHP000181,CUST001490,Singapore Port,Shanghai Port,2024-10-27,2024-02-25,Delayed,Vehicles,55.86,207.41,103125.88,89948.69
SHP000182,CUST002332,Shanghai Port,Durban Port,2024-02-23,2024-06-21,In Transit,Electronics,126.3,273.24,25900.73,58689.94
SHP000183,CUST001754,Hamburg Port,Durban Port,2023-06-25,2022-09-14,Delivered,Textiles,180.35,190.31,154564.85,50386.09
SHP000184,CUST002113,Rotterdam Port,Hamburg Port,2023-01-04,2023-03-31,Delivered,Oil,111.26,235.72,25791.12,78401.71
SHP000185,CUST002618,Lagos Port,Hamburg Port,2023-01-04,2024-04-20,In Transit,Vehicles,157.28,266.91,92131.55,32989.41
SHP000186,CUST000595,Durban Port,Los Angeles Port,2022-09-04,2023-06-04,Delivered,Food,52.29,89.08,49372.59,142544.35
SHP000187,CUST002682,Lagos Port,Shanghai Port,2022-06-19,2023-02-15,Delivered,Electronics,46.63,23.24,23787.89,31303.98
SHP000188,CUST002373,Singapore Port,Los Angeles Port,2023-03-25,2024-02-07,In Transit,Oil,112.8,197.5,185311.14,19524.54
SHP000189,CUST001842,Los Angeles Port,Lagos Port,2023-12-14,2023-07-17,Delivered,Electronics,33.85,388.55,111321.41,85939.17
SHP000190,CUST001035,Lagos Port,Lagos Port,2023-03-31,2022-10-26,Delayed,Vehicles,105.97,140.92,148466.69,74190.08
SHP000191,CUST001959,Los Angeles Port,Singapore Port,2022-04-04,2024-05-06,Delivered,Vehicles,6.51,57.98,161915.16,63467.66
SHP000192,CUST001387,Durban Port,Hamburg Port,2022-03-12,2023-11-10,In Transit,Textiles,42.8,327.4,57201.88,33863.37
SHP000193,CUST000623,Hamburg Port,Shanghai Port,2023-08-29,2024-04-12,In Transit,Vehicles,193.0,433.12,16684.29,143286.86
SHP000194,CUST002352,Los Angeles Port,Los Angeles Port,2023-09-26,2023-11-17,In Transit,Textiles,15.31,388.74,61330.27,131709.93
SHP000195,CUST002734,Los Angeles Port,Singapore Port,2023-12-04,2023-04-28,Delivered,Textiles,83.15,118.32,126273.18,112130.9
SHP000196,CUST000306,Hamburg Port,Singapore Port,2023-11-05,2023-09-04,In Transit,Textiles,149.07,108.31,171118.52,57669.44
SHP000197,CUST001701,Rotterdam Port,Hamburg Port,2023-07-02,2024-05-13,In Transit,Food,138.43,42.52,91903.79,123256.18
SHP000198,CUST002070,Durban Port,Hamburg Port,2024-01-03,2024-05-21,In Transit,Textiles,133.05,82.7,168185.99,95710.55
SHP000199,CUST000557,Durban Port,Hamburg Port,2022-05-26,2024-01-22,Delayed,Textiles,166.07,256.53,182690.8,119017.76
SHP000200,CUST000199,Shanghai Port,Singapore Port,2022-08-20,2024-04-16,Delayed,Textiles,86.64,467.48,131069.28,22320.63
SHP000201,CUST002397,Durban Port,Los Angeles Port,2023-12-21,2024-10-07,Delivered,Food,24.83,337.84,179058.8,114628.51
SHP000202,CUST002794,Hamburg Port,Rotterdam Port,2023-12-02,2022-04-09,Delivered,Vehicles,111.52,203.14,53556.34,12490.2
SHP000203,CUST002481,Singapore Port,Shanghai Port,2022-01-15,2022-01-14,Delivered,Vehicles,174.05,154.95,64307.13,82703.02
SHP000204,CUST001262,Los Angeles Port,Lagos Port,2022-08-16,2023-08-05,Delayed,Electronics,38.2,153.96,140235.34,85104.45
SHP000205,CUST000049,Durban Port,Dubai Port,2024-10-29,2024-07-08,In Transit,Oil,74.23,95.85,61894.99,126531.0
SHP000206,CUST000099,Lagos Port,Singapore Port,2022-10-28,2024-08-02,Delivered,Food,63.05,478.63,170374.8,147328.53
SHP000207,CUST000389,Durban Port,Rotterdam Port,2023-09-16,2024-07-18,Delayed,Oil,168.86,325.55,157493.81,132152.12
SHP000208,CUST000544,Shanghai Port,Lagos Port,2022-04-03,2022-04-04,Delivered,Textiles,65.54,414.63,126661.15,118636.54
SHP000209,CUST001725,Los Angeles Port,Lagos Port,2022-05-06,2024-10-11,In Transit,Food,140.24,39.12,27022.62,63434.71
SHP000210,CUST001652,Lagos Port,Durban Port,2022-12-16,2022-08-15,Delayed,Textiles,43.96,398.76,192246.0,104610.85
SHP000211,CUST000720,Hamburg Port,Hamburg Port,2024-10-24,2022-04-16,In Transit,Oil,144.61,163.8,133343.25,70059.97
SHP000212,CUST000383,Durban Port,Rotterdam Port,2023-07-29,2023-01-03,Delivered,Oil,15.79,184.99,187820.36,104831.4
SHP000213,CUST000020,Hamburg Port,Los Angeles Port,2024-06-11,2023-04-15,Delayed,Electronics,31.95,203.73,79609.31,69793.84
SHP000214,CUST002113,Rotterdam Port,Hamburg Port,2024-09-03,2024-12-27,Delivered,Food,40.76,95.15,51817.79,130582.78
SHP000215,CUST000508,Hamburg Port,Dubai Port,2022-12-31,2023-11-15,Delivered,Electronics,53.13,122.79,186479.03,23148.38
SHP000216,CUST002687,Dubai Port,Singapore Port,2023-04-15,2022-02-02,Delayed,Oil,165.66,388.98,119773.76,138615.03
SHP000217,CUST002615,Dubai Port,Hamburg Port,2024-09-23,2024-08-09,In Transit,Oil,131.52,24.8,97711.21,127719.35
SHP000218,CUST001800,Los Angeles Port,Hamburg Port,2022-10-05,2024-08-07,Delivered,Food,12.84,172.89,123690.29,66612.92
SHP000219,CUST001116,Shanghai Port,Shanghai Port,2024-03-24,2022-03-12,Delivered,Vehicles,136.22,195.12,88392.59,88834.3
SHP000220,CUST000255,Los Angeles Port,Lagos Port,2022-09-05,2022-11-15,In Transit,Textiles,199.57,369.79,132990.86,72390.66
SHP000221,CUST001542,Los Angeles Port,Hamburg Port,2023-11-23,2022-02-12,Delivered,Electronics,127.96,210.82,45390.66,110039.01
SHP000222,CUST002415,Rotterdam Port,Hamburg Port,2023-02-09,2023-01-03,In Transit,Electronics,117.7,385.01,171514.73,67583.05
SHP000223,CUST002000,Shanghai Port,Singapore Port,2022-03-11,2024-10-28,In Transit,Electronics,100.69,275.22,150947.06,72439.63
SHP000224,CUST001682,Lagos Port,Lagos Port,2024-06-21,2023-10-26,In Transit,Electronics,148.71,162.09,28998.62,66809.43
SHP000225,CUST002710,Rotterdam Port,Hamburg Port,2022-03-17,2022-02-14,In Transit,Textiles,98.77,99.66,9902.23,70085.12
SHP000226,CUST000546,Lagos Port,Shanghai Port,2023-12-15,2023-12-26,Delivered,Textiles,190.65,201.41,30298.81,135170.24
SHP000227,CUST002996,Lagos Port,Lagos Port,2023-09-16,2023-12-09,In Transit,Oil,130.89,119.24,122850.43,89886.59
SHP000228,CUST000645,Singapore Port,Dubai Port,2022-04-02,2024-05-05,Delivered,Electronics,30.77,261.13,25812.87,12480.06
SHP000229,CUST002977,Singapore Port,Lagos Port,2024-04-16,2022-03-01,In Transit,Vehicles,100.63,292.95,171876.69,73760.95
SHP000230,CUST002834,Durban Port,Shanghai Port,2024-07-22,2022-08-28,Delivered,Vehicles,29.27,12.03,123209.69,118358.85
SHP000231,CUST000115,Durban Port,Lagos Port,2023-02-28,2023-01-09,In Transit,Oil,39.6,208.49,76739.66,47561.59
SHP000232,CUST001562,Rotterdam Port,Lagos Port,2022-12-15,2022-02-18,In Transit,Food,123.46,305.41,187763.67,92095.24
SHP000233,CUST001321,Shanghai Port,Hamburg Port,2024-12-30,2022-05-26,Delivered,Oil,194.04,94.21,64452.97,33042.44
SHP000234,CUST000753,Rotterdam Port,Los Angeles Port,2023-07-12,2024-04-14,In Transit,Electronics,29.04,178.57,53029.22,115594.63
SHP000235,CUST000966,Hamburg Port,Hamburg Port,2023-11-18,2023-06-18,Delivered,Textiles,102.27,85.18,172710.21,33433.48
SHP000236,CUST000913,Lagos Port,Singapore Port,2022-07-07,2023-09-19,Delivered,Food,55.21,81.07,57107.47,32537.48
SHP000237,CUST002189,Hamburg Port,Shanghai Port,2023-07-04,2024-08-09,Delayed,Food,148.01,73.5,66397.98,114660.74
SHP000238,CUST000416,Rotterdam Port,Los Angeles Port,2022-05-15,2023-01-10,In Transit,Electronics,5.64,266.46,105915.65,60935.94
SHP000239,CUST001567,Los Angeles Port,Lagos Port,2022-02-12,2023-06-03,Delayed,Food,26.99,323.22,53321.25,146236.51
SHP000240,CUST000505,Hamburg Port,Shanghai Port,2022-10-05,2023-05-10,In Transit,Textiles,135.32,95.47,188363.78,47371.45
SHP000241,CUST001326,Shanghai Port,Los Angeles Port,2022-10-19,2024-04-12,Delivered,Electronics,127.34,233.94,48281.62,102113.07
SHP000242,CUST001763,Shanghai Port,Dubai Port,2024-01-18,2024-11-17,Delivered,Textiles,135.32,82.55,5724.65,101344.66
SHP000243,CUST001335,Lagos Port,Durban Port,2022-12-02,2024-10-01,Delivered,Vehicles,7.04,417.41,102970.25,70775.81
SHP000244,CUST002058,Shanghai Port,Durban Port,2023-05-02,2022-03-12,Delayed,Textiles,125.43,479.87,127522.69,69072.13
SHP000245,CUST002136,Singapore Port,Rotterdam Port,2023-02-17,2024-01-23,In Transit,Electronics,184.72,288.33,185990.44,90289.89
SHP000246,CUST002078,Rotterdam Port,Shanghai Port,2024-07-09,2023-01-28,Delivered,Oil,137.5,418.28,22240.04,18512.91
SHP000247,CUST002476,Rotterdam Port,Dubai Port,2023-03-14,2024-08-21,Delayed,Vehicles,110.93,478.9,161849.79,84691.36
SHP000248,CUST002472,Shanghai Port,Durban Port,2023-12-08,2023-05-01,Delivered,Food,193.88,290.13,191903.0,17460.49
SHP000249,CUST001925,Lagos Port,Los Angeles Port,2023-04-30,2024-03-20,Delivered,Food,112.32,155.96,110506.92,76405.77
SHP000250,CUST000059,Shanghai Port,Hamburg Port,2023-09-09,2023-11-30,In Transit,Oil,145.18,417.82,80812.27,11816.96
SHP000251,CUST000904,Shanghai Port,Singapore Port,2024-11-11,2024-06-26,Delayed,Vehicles,193.15,314.06,14828.69,44580.8
SHP000252,CUST002679,Rotterdam Port,Singapore Port,2022-09-30,2022-09-21,Delayed,Food,16.29,70.09,195650.62,141664.61
SHP000253,CUST001165,Durban Port,Dubai Port,2023-04-05,2023-04-30,In Transit,Vehicles,109.7,169.06,104528.62,10571.14
SHP000254,CUST001528,Shanghai Port,Durban Port,2022-06-21,2022-03-02,Delivered,Vehicles,54.27,412.98,123459.72,121280.22
SHP000255,CUST002244,Dubai Port,Rotterdam Port,2022-06-20,2023-04-29,In Transit,Vehicles,153.47,458.24,78068.65,32954.72
SHP000256,CUST000282,Hamburg Port,Lagos Port,2024-04-11,2023-05-22,Delayed,Oil,183.76,36.42,39281.94,118428.63
SHP000257,CUST000409,Hamburg Port,Dubai Port,2022-11-08,2022-06-05,Delayed,Textiles,184.95,385.25,37248.92,118236.61
SHP000258,CUST001120,Durban Port,Dubai Port,2023-02-23,2024-09-13,In Transit,Oil,20.09,117.85,154688.19,125939.96
SHP000259,CUST000104,Durban Port,Durban Port,2023-01-07,2023-11-15,Delayed,Textiles,102.41,408.8,15587.06,133330.01
SHP000260,CUST002993,Shanghai Port,Singapore Port,2023-11-20,2023-09-08,Delayed,Vehicles,8.68,100.72,131474.69,59720.97
SHP000261,CUST001009,Lagos Port,Durban Port,2023-09-18,2022-07-14,Delivered,Vehicles,183.39,87.98,157491.58,123517.26
SHP000262,CUST000542,Los Angeles Port,Hamburg Port,2023-03-04,2024-12-15,In Transit,Textiles,26.26,358.01,12258.06,41362.89
SHP000263,CUST002311,Los Angeles Port,Los Angeles Port,2023-11-22,2023-10-15,Delayed,Food,165.65,56.81,173509.09,68818.49
SHP000264,CUST002330,Shanghai Port,Dubai Port,2024-08-15,2024-11-11,Delivered,Oil,96.76,459.27,120421.91,90907.29
SHP000265,CUST000973,Dubai Port,Hamburg Port,2023-12-23,2023-12-05,Delivered,Textiles,188.34,299.45,48751.85,64055.6
SHP000266,CUST002260,Durban Port,Los Angeles Port,2022-01-11,2024-02-05,Delayed,Electronics,127.42,487.81,57371.22,56328.83
SHP000267,CUST001663,Singapore Port,Durban Port,2022-03-28,2024-09-12,Delayed,Vehicles,58.45,189.13,14987.45,122863.32
SHP000268,CUST001748,Singapore Port,Shanghai Port,2024-01-04,2022-03-28,Delayed,Vehicles,160.87,162.99,58183.55,115865.91
SHP000269,CUST000119,Durban Port,Shanghai Port,2023-09-26,2024-07-27,Delivered,Electronics,82.77,323.6,197460.0,38728.18
SHP000270,CUST002746,Los Angeles Port,Shanghai Port,2024-12-26,2022-03-27,Delayed,Food,6.02,479.31,129548.43,71849.46
SHP000271,CUST002307,Lagos Port,Los Angeles Port,2022-10-29,2024-03-21,In Transit,Electronics,82.39,437.44,11062.39,58404.27
SHP000272,CUST001295,Hamburg Port,Los Angeles Port,2023-07-18,2022-09-01,Delayed,Electronics,82.58,324.75,72279.07,110541.29
SHP000273,CUST001724,Rotterdam Port,Hamburg Port,2022-11-30,2022-02-28,In Transit,Food,104.8,442.91,93003.79,14273.38
SHP000274,CUST001997,Lagos Port,Hamburg Port,2022-08-12,2024-12-04,Delivered,Oil,124.46,140.27,141855.11,32466.86
SHP000275,CUST002971,Dubai Port,Rotterdam Port,2024-01-12,2023-09-30,Delivered,Food,178.11,330.25,7743.68,70363.8
SHP000276,CUST000664,Dubai Port,Shanghai Port,2023-04-17,2022-05-23,Delivered,Electronics,157.33,481.85,170057.8,30136.54
SHP000277,CUST000052,Durban Port,Shanghai Port,2024-10-06,2024-12-31,In Transit,Textiles,12.34,330.8,68813.26,133428.36
SHP000278,CUST000686,Lagos Port,Rotterdam Port,2024-06-18,2024-07-10,Delayed,Textiles,59.07,389.74,8686.93,27155.19
SHP000279,CUST002100,Hamburg Port,Hamburg Port,2022-12-01,2024-02-17,Delayed,Vehicles,11.28,97.26,118051.21,5485.26
SHP000280,CUST002745,Los Angeles Port,Durban Port,2024-08-17,2022-08-03,Delivered,Vehicles,91.76,74.92,48665.39,49088.01
SHP000281,CUST000133,Hamburg Port,Shanghai Port,2023-01-28,2023-04-04,Delivered,Textiles,78.01,214.83,73530.13,67839.39
SHP000282,CUST001690,Durban Port,Lagos Port,2023-03-15,2024-08-23,In Transit,Textiles,110.89,252.13,17993.84,136949.99
SHP000283,CUST002595,Shanghai Port,Rotterdam Port,2023-04-16,2023-03-06,In Transit,Food,103.79,473.72,184911.95,33553.27
SHP000284,CUST002128,Singapore Port,Los Angeles Port,2024-05-04,2023-12-08,Delayed,Food,174.2,256.73,126642.5,95223.74
SHP000285,CUST000731,Hamburg Port,Durban Port,2023-10-21,2024-01-28,Delayed,Textiles,138.44,499.24,181803.59,96875.42
SHP000286,CUST000513,Shanghai Port,Singapore Port,2023-08-25,2022-11-27,In Transit,Vehicles,58.87,155.08,187879.67,128036.06
SHP000287,CUST001655,Rotterdam Port,Lagos Port,2023-12-28,2023-08-30,In Transit,Oil,10.35,140.63,148053.81,81424.81
SHP000288,CUST002553,Singapore Port,Los Angeles Port,2022-11-25,2023-07-31,Delivered,Textiles,75.54,354.71,48957.29,64506.02
SHP000289,CUST000885,Shanghai Port,Dubai Port,2023-08-07,2022-06-23,Delivered,Textiles,160.58,268.36,108542.09,65443.99
SHP000290,CUST002346,Hamburg Port,Rotterdam Port,2023-10-09,2024-08-05,Delayed,Electronics,173.14,378.57,86528.61,41080.42
SHP000291,CUST001407,Lagos Port,Los Angeles Port,2024-03-29,2022-07-16,In Transit,Electronics,177.83,35.88,111781.04,140121.56
SHP000292,CUST000074,Hamburg Port,Los Angeles Port,2023-03-08,2024-11-04,Delivered,Food,108.31,156.43,43817.65,3254.52
SHP000293,CUST002238,Rotterdam Port,Dubai Port,2024-08-24,2023-03-10,Delivered,Vehicles,177.96,171.81,100977.78,80939.32
SHP000294,CUST001024,Rotterdam Port,Dubai Port,2024-03-28,2023-12-22,Delayed,Oil,34.43,233.65,40897.63,141573.85
SHP000295,CUST000257,Dubai Port,Rotterdam Port,2024-07-15,2022-05-11,Delayed,Oil,137.85,180.39,67321.27,27892.53
SHP000296,CUST001764,Los Angeles Port,Rotterdam Port,2024-07-03,2024-02-29,In Transit,Oil,92.82,196.74,167745.27,66033.7
SHP000297,CUST000722,Lagos Port,Shanghai Port,2024-06-18,2023-01-14,In Transit,Food,153.1,123.91,147482.71,41464.95
SHP000298,CUST001170,Durban Port,Lagos Port,2024-10-15,2024-04-19,Delivered,Oil,182.35,356.9,12537.05,18986.63
SHP000299,CUST002632,Dubai Port,Dubai Port,2022-12-04,2024-09-10,In Transit,Vehicles,41.84,323.83,41105.41,21018.71
SHP000300,CUST001450,Shanghai Port,Singapore Port,2024-10-17,2022-03-31,Delayed,Food,28.02,331.3,128341.88,138716.64
SHP000301,CUST001623,Dubai Port,Durban Port,2023-02-21,2024-11-10,Delayed,Electronics,167.96,335.53,71083.84,57004.28
SHP000302,CUST001346,Durban Port,Singapore Port,2024-03-12,2022-09-28,Delayed,Food,145.31,264.34,24098.61,78997.11
SHP000303,CUST001339,Rotterdam Port,Rotterdam Port,2023-01-13,2024-02-05,Delivered,Electronics,64.71,115.72,140776.61,129905.89
SHP000304,CUST000877,Shanghai Port,Hamburg Port,2024-08-05,2022-06-24,Delayed,Textiles,37.1,291.44,61419.14,111213.06
SHP000305,CUST002910,Rotterdam Port,Shanghai Port,2022-11-07,2023-10-20,In Transit,Textiles,196.1,243.67,158708.4,48784.93
SHP000306,CUST001148,Dubai Port,Singapore Port,2024-05-05,2023-07-01,Delayed,Electronics,53.56,338.91,91069.71,89037.94
SHP000307,CUST001482,Rotterdam Port,Singapore Port,2024-11-19,2024-05-27,Delayed,Textiles,186.34,335.53,101975.66,82356.92
SHP000308,CUST001676,Los Angeles Port,Los Angeles Port,2024-06-13,2024-06-02,In Transit,Food,43.21,69.73,108474.87,18953.45
SHP000309,CUST001982,Shanghai Port,Los Angeles Port,2023-01-04,2023-08-27,Delivered,Electronics,16.23,361.93,6431.28,44163.51
SHP000310,CUST002771,Dubai Port,Dubai Port,2023-06-22,2024-06-21,In Transit,Oil,178.45,141.1,119749.24,11478.01
SHP000311,CUST000590,Lagos Port,Singapore Port,2024-08-04,2024-08-05,In Transit,Food,150.32,353.29,136028.94,94859.16
SHP000312,CUST000869,Durban Port,Rotterdam Port,2022-08-22,2022-11-25,Delivered,Food,112.39,387.07,11107.15,37451.02
SHP000313,CUST002147,Los Angeles Port,Shanghai Port,2022-11-03,2022-01-24,In Transit,Textiles,172.1,461.26,182140.74,114403.89
SHP000314,CUST001104,Dubai Port,Rotterdam Port,2022-04-30,2023-12-02,Delayed,Electronics,155.98,128.69,103526.35,78668.79
SHP000315,CUST002480,Los Angeles Port,Hamburg Port,2023-07-11,2024-10-26,Delivered,Vehicles,27.69,198.05,115262.61,98124.86
SHP000316,CUST002886,Durban Port,Hamburg Port,2023-10-09,2024-03-12,Delayed,Vehicles,50.9,264.39,43547.21,6883.59
SHP000317,CUST002260,Lagos Port,Hamburg Port,2024-11-12,2024-06-20,Delivered,Vehicles,53.38,103.54,172495.87,142546.88
SHP000318,CUST000706,Lagos Port,Durban Port,2022-03-08,2023-10-20,Delayed,Textiles,14.05,114.16,74725.86,110208.68
SHP000319,CUST000154,Shanghai Port,Durban Port,2023-05-05,2023-07-09,In Transit,Vehicles,158.25,497.89,15027.84,70706.74
SHP000320,CUST000830,Durban Port,Lagos Port,2024-03-19,2024-10-09,Delayed,Textiles,115.15,52.65,177263.95,91329.13
SHP000321,CUST000859,Hamburg Port,Shanghai Port,2022-09-19,2023-08-01,Delivered,Food,137.71,163.2,27778.24,63042.74
SHP000322,CUST002005,Lagos Port,Shanghai Port,2024-04-11,2022-11-12,In Transit,Oil,58.54,164.09,116868.25,76693.18
SHP000323,CUST000273,Rotterdam Port,Rotterdam Port,2022-11-02,2024-11-21,Delivered,Food,141.55,249.41,74828.57,130246.37
SHP000324,CUST001524,Singapore Port,Singapore Port,2022-10-20,2023-09-09,Delayed,Vehicles,138.74,250.84,155807.43,144580.19
SHP000325,CUST000005,Shanghai Port,Lagos Port,2022-10-17,2023-05-09,Delayed,Food,67.24,310.97,95072.61,119303.08
SHP000326,CUST002487,Dubai Port,Rotterdam Port,2023-01-12,2023-12-28,In Transit,Oil,164.47,140.76,9852.29,10740.08
SHP000327,CUST002693,Shanghai Port,Singapore Port,2024-07-09,2022-01-01,Delayed,Food,69.4,96.49,128870.1,77860.63
SHP000328,CUST000395,Durban Port,Lagos Port,2024-01-22,2023-09-22,Delivered,Vehicles,126.37,160.26,65002.8,17600.32
SHP000329,CUST001768,Hamburg Port,Lagos Port,2024-04-06,2023-08-25,Delayed,Electronics,160.65,426.4,73292.47,16861.87
SHP000330,CUST002379,Hamburg Port,Lagos Port,2023-04-10,2022-03-18,In Transit,Textiles,97.33,88.88,91758.37,145954.82
SHP000331,CUST000654,Los Angeles Port,Dubai Port,2024-08-01,2024-12-25,In Transit,Vehicles,40.26,322.65,99086.53,31736.63
SHP000332,CUST001759,Durban Port,Singapore Port,2022-06-26,2022-06-27,In Transit,Food,10.08,230.7,61443.89,63465.97
SHP000333,CUST000363,Los Angeles Port,Singapore Port,2024-01-08,2022-03-06,Delivered,Vehicles,176.86,57.27,143798.04,120622.01
SHP000334,CUST000711,Singapore Port,Dubai Port,2023-01-31,2022-08-10,In Transit,Textiles,65.49,288.14,118810.32,65472.8
SHP000335,CUST000620,Singapore Port,Hamburg Port,2023-07-07,2024-04-07,In Transit,Vehicles,69.02,354.67,95328.88,141473.32
SHP000336,CUST002385,Hamburg Port,Hamburg Port,2024-03-17,2024-10-28,Delivered,Vehicles,159.69,387.16,56367.48,81786.62
SHP000337,CUST002320,Durban Port,Shanghai Port,2022-03-07,2023-12-19,Delayed,Textiles,27.06,354.55,65971.7,38163.36
SHP000338,CUST001016,Hamburg Port,Singapore Port,2022-03-23,2024-09-21,Delayed,Vehicles,130.13,157.45,53381.3,36543.48
SHP000339,CUST000544,Dubai Port,Hamburg Port,2024-09-18,2023-08-07,Delivered,Textiles,141.31,219.54,82034.85,140620.44
SHP000340,CUST002921,Hamburg Port,Singapore Port,2022-07-16,2023-06-08,In Transit,Vehicles,130.29,99.24,84698.32,110737.92
SHP000341,CUST001431,Singapore Port,Lagos Port,2023-04-08,2024-01-05,Delayed,Textiles,61.33,341.94,123799.92,144314.36
SHP000342,CUST002230,Shanghai Port,Los Angeles Port,2023-05-27,2023-07-27,In Transit,Vehicles,106.53,121.99,93129.47,55885.62
SHP000343,CUST002334,Rotterdam Port,Los Angeles Port,2022-06-22,2022-02-16,In Transit,Vehicles,177.68,52.86,79236.16,95651.76
SHP000344,CUST001589,Dubai Port,Lagos Port,2024-06-19,2024-11-04,In Transit,Electronics,76.34,170.7,159636.33,62173.78
SHP000345,CUST002021,Dubai Port,Lagos Port,2022-01-04,2024-11-24,Delivered,Food,181.98,29.67,45069.06,133799.99
SHP000346,CUST002315,Singapore Port,Lagos Port,2023-07-10,2022-09-16,Delivered,Vehicles,20.56,157.41,102675.11,62078.06
SHP000347,CUST002482,Shanghai Port,Singapore Port,2023-05-11,2023-08-15,Delivered,Electronics,195.16,202.42,76662.29,8861.98
SHP000348,CUST002025,Hamburg Port,Rotterdam Port,2024-01-16,2024-03-21,Delayed,Oil,199.93,492.14,146326.89,147057.6
SHP000349,CUST002302,Rotterdam Port,Shanghai Port,2023-09-05,2022-07-03,Delivered,Vehicles,96.65,228.76,193153.75,48375.86
SHP000350,CUST000534,Lagos Port,Singapore Port,2023-03-30,2023-08-15,In Transit,Oil,44.45,73.73,122296.63,134376.76
SHP000351,CUST000611,Singapore Port,Durban Port,2022-03-20,2022-05-17,Delayed,Electronics,152.32,452.42,187053.73,7426.64
SHP000352,CUST002241,Durban Port,Lagos Port,2024-06-23,2024-07-06,Delivered,Electronics,23.05,189.1,73255.89,115171.94
SHP000353,CUST001695,Durban Port,Los Angeles Port,2022-01-24,2023-01-05,Delivered,Electronics,75.04,384.84,45168.31,54217.72
SHP000354,CUST001642,Hamburg Port,Lagos Port,2024-04-07,2022-03-27,In Transit,Oil,28.54,305.42,93179.83,7303.21
SHP000355,CUST001935,Hamburg Port,Lagos Port,2023-09-03,2024-12-28,Delivered,Textiles,45.41,375.88,172695.53,70125.67
SHP000356,CUST002698,Shanghai Port,Durban Port,2023-11-26,2024-04-02,Delivered,Electronics,83.61,18.78,57811.89,74047.02
SHP000357,CUST002682,Los Angeles Port,Los Angeles Port,2022-10-15,2024-06-22,Delivered,Food,59.02,297.92,191831.61,99556.15
SHP000358,CUST001927,Durban Port,Shanghai Port,2022-09-04,2023-10-04,Delivered,Textiles,181.57,57.44,21638.73,111221.19
SHP000359,CUST002202,Hamburg Port,Lagos Port,2022-04-13,2024-10-07,Delivered,Electronics,167.63,493.98,77580.18,12327.67
SHP000360,CUST002044,Singapore Port,Durban Port,2023-10-10,2024-07-07,Delivered,Vehicles,47.18,227.56,80122.39,15194.86
SHP000361,CUST001409,Dubai Port,Singapore Port,2023-11-13,2022-02-01,Delayed,Vehicles,70.95,187.6,47219.97,22690.27
SHP000362,CUST001943,Rotterdam Port,Rotterdam Port,2023-06-19,2022-08-14,Delayed,Electronics,126.65,169.88,194320.99,72682.0
SHP000363,CUST002331,Hamburg Port,Lagos Port,2023-02-28,2023-02-22,Delayed,Food,92.95,420.12,193049.12,120502.88
SHP000364,CUST000964,Hamburg Port,Shanghai Port,2024-08-15,2023-07-04,Delayed,Oil,123.08,499.04,36309.6,89041.13
SHP000365,CUST001333,Lagos Port,Durban Port,2022-07-28,2022-09-20,Delayed,Food,19.45,491.81,102766.41,52652.16
SHP000366,CUST001218,Shanghai Port,Shanghai Port,2024-09-22,2024-07-10,Delayed,Electronics,122.33,132.59,122014.78,10363.64
SHP000367,CUST001637,Los Angeles Port,Hamburg Port,2022-04-02,2023-09-23,Delayed,Electronics,175.87,294.75,45169.44,53864.7
SHP000368,CUST000778,Durban Port,Hamburg Port,2024-11-22,2022-04-05,Delayed,Vehicles,93.55,498.86,74846.24,34160.8
SHP000369,CUST001815,Rotterdam Port,Durban Port,2023-03-27,2022-04-13,Delivered,Vehicles,127.58,352.33,49693.99,14799.33
SHP000370,CUST001851,Dubai Port,Rotterdam Port,2024-01-05,2023-09-18,Delayed,Oil,22.24,481.79,30864.8,131008.26
SHP000371,CUST000936,Los Angeles Port,Hamburg Port,2024-03-04,2022-01-23,Delivered,Electronics,135.16,214.79,198258.37,43101.41
SHP000372,CUST002124,Rotterdam Port,Dubai Port,2023-10-18,2022-03-07,Delayed,Vehicles,25.45,485.05,117708.86,119650.08
SHP000373,CUST002787,Los Angeles Port,Singapore Port,2023-03-22,2022-07-15,Delivered,Textiles,193.22,447.1,95384.0,30432.3
SHP000374,CUST001548,Hamburg Port,Rotterdam Port,2024-07-11,2022-12-05,In Transit,Oil,173.69,357.93,157476.38,61922.4
SHP000375,CUST002828,Dubai Port,Los Angeles Port,2023-01-13,2023-11-16,Delivered,Oil,191.26,92.47,185345.67,58852.24
SHP000376,CUST001514,Singapore Port,Lagos Port,2022-01-04,2023-09-12,In Transit,Food,81.22,431.74,78190.64,40226.83
SHP000377,CUST001035,Hamburg Port,Shanghai Port,2022-10-26,2022-07-20,In Transit,Food,177.68,54.25,154790.42,59374.1
SHP000378,CUST000645,Rotterdam Port,Lagos Port,2022-04-15,2023-01-23,In Transit,Food,195.78,445.84,84949.1,18043.17
SHP000379,CUST000360,Lagos Port,Lagos Port,2023-07-12,2023-05-17,In Transit,Oil,68.37,399.36,48368.14,6560.35
SHP000380,CUST002878,Los Angeles Port,Rotterdam Port,2024-10-20,2023-11-23,Delivered,Vehicles,185.47,498.28,23124.22,4354.12
SHP000381,CUST002994,Lagos Port,Durban Port,2024-12-17,2022-07-02,Delayed,Oil,19.86,298.1,45629.67,132406.65
SHP000382,CUST000806,Shanghai Port,Dubai Port,2024-04-22,2023-11-13,Delayed,Food,22.39,96.11,8588.64,63927.26
SHP000383,CUST001879,Los Angeles Port,Dubai Port,2022-04-24,2023-06-13,Delivered,Oil,109.16,479.1,15629.35,12073.05
SHP000384,CUST001031,Hamburg Port,Dubai Port,2023-04-17,2024-03-16,In Transit,Textiles,89.58,13.42,114077.19,70270.96
SHP000385,CUST002897,Los Angeles Port,Durban Port,2022-12-21,2022-03-14,Delivered,Electronics,171.4,262.07,76779.17,96825.99
SHP000386,CUST001706,Hamburg Port,Durban Port,2023-09-09,2023-10-17,In Transit,Food,111.76,39.85,125679.91,94290.89
SHP000387,CUST000174,Dubai Port,Lagos Port,2023-12-30,2024-02-27,Delivered,Oil,69.87,183.94,25065.56,111858.81
SHP000388,CUST002782,Shanghai Port,Shanghai Port,2024-06-11,2023-10-02,In Transit,Electronics,105.39,478.37,64897.23,110452.47
SHP000389,CUST000127,Dubai Port,Rotterdam Port,2022-02-27,2022-01-28,Delivered,Vehicles,126.44,223.02,71710.87,129253.45
SHP000390,CUST002785,Durban Port,Rotterdam Port,2024-12-08,2022-04-28,In Transit,Food,142.61,446.44,165771.94,37428.05
SHP000391,CUST000322,Dubai Port,Lagos Port,2023-01-01,2023-05-08,Delivered,Oil,71.89,127.44,70177.84,37058.22
SHP000392,CUST000675,Rotterdam Port,Lagos Port,2023-12-12,2024-10-24,In Transit,Food,142.54,198.91,6448.57,126196.68
SHP000393,CUST000002,Rotterdam Port,Shanghai Port,2024-08-11,2023-09-30,Delayed,Vehicles,21.56,271.3,171612.87,90612.4
SHP000394,CUST001260,Shanghai Port,Los Angeles Port,2022-05-23,2023-01-05,Delayed,Textiles,165.55,353.17,144871.5,29237.79
SHP000395,CUST000098,Hamburg Port,Durban Port,2022-02-03,2022-04-27,Delivered,Electronics,175.01,198.0,85415.89,117730.74
SHP000396,CUST001346,Lagos Port,Singapore Port,2022-05-31,2023-05-08,Delivered,Electronics,69.72,479.27,22356.03,96765.6
SHP000397,CUST001870,Rotterdam Port,Dubai Port,2023-10-11,2023-01-08,In Transit,Oil,135.35,57.99,198405.89,131868.08
SHP000398,CUST002261,Durban Port,Dubai Port,2024-05-25,2024-12-05,In Transit,Electronics,150.37,252.97,52525.37,115303.59
SHP000399,CUST002053,Singapore Port,Dubai Port,2022-10-25,2022-12-07,In Transit,Oil,177.95,406.02,5625.55,149124.86
SHP000400,CUST000512,Rotterdam Port,Dubai Port,2023-06-30,2024-11-25,In Transit,Electronics,77.76,407.33,146015.85,100345.82
SHP000401,CUST002242,Los Angeles Port,Shanghai Port,2024-06-06,2024-10-15,In Transit,Vehicles,60.28,231.5,135066.67,23059.21
SHP000402,CUST000535,Lagos Port,Durban Port,2022-06-11,2024-12-29,Delayed,Food,94.87,167.49,110073.24,27193.54
SHP000403,CUST000576,Durban Port,Lagos Port,2023-04-06,2023-08-19,In Transit,Vehicles,143.79,246.12,113205.2,137941.81
SHP000404,CUST001038,Shanghai Port,Durban Port,2023-04-05,2024-03-05,Delayed,Oil,13.46,261.31,20653.1,147375.56
SHP000405,CUST001100,Rotterdam Port,Los Angeles Port,2023-12-01,2024-12-13,Delivered,Food,64.52,120.48,187550.25,9268.42
SHP000406,CUST000814,Shanghai Port,Dubai Port,2022-06-30,2023-12-21,Delayed,Food,71.8,200.69,75713.52,80587.53
SHP000407,CUST001237,Lagos Port,Dubai Port,2023-04-18,2023-08-11,Delivered,Food,47.93,12.9,121671.91,23282.62
SHP000408,CUST001681,Lagos Port,Lagos Port,2023-06-09,2024-03-09,Delayed,Vehicles,131.33,287.76,198856.49,30199.83
SHP000409,CUST000552,Shanghai Port,Lagos Port,2023-12-29,2024-08-24,In Transit,Oil,45.59,107.23,171082.19,55786.9
SHP000410,CUST001509,Shanghai Port,Dubai Port,2022-02-24,2024-08-31,Delivered,Vehicles,44.58,31.41,177824.92,101042.82
SHP000411,CUST000491,Shanghai Port,Dubai Port,2023-05-02,2022-06-27,In Transit,Textiles,24.46,321.39,81242.27,36275.74
SHP000412,CUST000545,Singapore Port,Rotterdam Port,2022-11-27,2022-06-03,Delivered,Oil,66.15,99.05,51906.39,148738.39
SHP000413,CUST000645,Hamburg Port,Durban Port,2023-03-27,2022-10-31,Delayed,Textiles,36.53,234.67,151559.73,74770.47
SHP000414,CUST002053,Los Angeles Port,Durban Port,2023-05-27,2022-07-05,Delivered,Textiles,29.28,32.81,137231.33,84863.53
SHP000415,CUST000890,Durban Port,Durban Port,2023-01-03,2023-08-25,In Transit,Food,177.46,414.42,65556.82,16221.88
SHP000416,CUST000928,Hamburg Port,Singapore Port,2023-08-30,2022-07-08,Delivered,Electronics,197.52,454.15,32389.52,8587.65
SHP000417,CUST002591,Shanghai Port,Shanghai Port,2024-07-27,2023-12-02,In Transit,Textiles,118.91,204.58,172533.78,59713.59
SHP000418,CUST002231,Singapore Port,Rotterdam Port,2023-12-03,2023-05-03,Delivered,Oil,156.63,109.03,100490.94,30272.52
SHP000419,CUST000436,Shanghai Port,Dubai Port,2023-07-09,2022-05-01,Delivered,Oil,74.92,20.42,72411.88,119387.09
SHP000420,CUST001421,Hamburg Port,Los Angeles Port,2022-06-29,2023-04-13,Delayed,Oil,140.63,435.66,69584.91,121531.03
SHP000421,CUST001180,Hamburg Port,Shanghai Port,2024-12-22,2022-01-31,Delivered,Vehicles,39.24,253.3,77388.29,4865.58
SHP000422,CUST002702,Dubai Port,Lagos Port,2024-01-29,2023-01-02,In Transit,Vehicles,52.28,455.03,162530.15,107150.04
SHP000423,CUST001007,Shanghai Port,Shanghai Port,2022-06-15,2022-09-29,In Transit,Food,38.4,88.21,54888.67,50475.44
SHP000424,CUST001676,Dubai Port,Lagos Port,2023-11-21,2023-02-17,Delivered,Food,183.3,59.93,113981.3,99235.65
SHP000425,CUST002278,Lagos Port,Hamburg Port,2023-07-23,2024-09-23,In Transit,Food,47.96,427.12,177833.73,30498.44
SHP000426,CUST001665,Lagos Port,Los Angeles Port,2022-11-15,2022-01-09,In Transit,Oil,143.13,494.82,69148.29,105931.18
SHP000427,CUST002463,Hamburg Port,Los Angeles Port,2024-11-08,2023-10-03,Delivered,Oil,35.74,16.93,80649.22,71075.29
SHP000428,CUST002242,Hamburg Port,Dubai Port,2022-02-02,2023-02-15,Delivered,Food,126.05,470.68,180123.49,129095.67
SHP000429,CUST000362,Lagos Port,Singapore Port,2024-04-12,2022-05-09,Delivered,Textiles,194.41,473.0,97677.15,114797.77
SHP000430,CUST001251,Dubai Port,Lagos Port,2024-04-25,2024-04-28,Delayed,Textiles,43.99,249.37,80418.64,140629.56
SHP000431,CUST000376,Los Angeles Port,Shanghai Port,2022-02-07,2024-05-20,In Transit,Food,29.29,390.38,10920.77,128571.19
SHP000432,CUST000569,Los Angeles Port,Singapore Port,2024-01-05,2022-03-02,Delayed,Food,132.63,381.78,18434.26,63243.55
SHP000433,CUST001122,Dubai Port,Hamburg Port,2024-11-19,2022-10-27,Delivered,Food,54.78,65.27,166926.52,105854.23
SHP000434,CUST002280,Durban Port,Durban Port,2022-03-30,2022-01-01,Delayed,Vehicles,174.97,330.35,14433.32,93377.89
SHP000435,CUST000019,Shanghai Port,Lagos Port,2024-11-21,2023-02-08,In Transit,Textiles,134.74,479.71,163208.78,88290.73
SHP000436,CUST002344,Lagos Port,Los Angeles Port,2024-07-19,2023-06-29,Delivered,Electronics,184.36,420.81,120309.96,7351.34
SHP000437,CUST001894,Hamburg Port,Durban Port,2023-02-10,2024-04-01,In Transit,Oil,97.28,247.31,76936.78,3658.7
SHP000438,CUST000272,Durban Port,Lagos Port,2024-12-03,2023-12-22,Delayed,Electronics,97.96,318.99,177334.28,87539.33
SHP000439,CUST001311,Hamburg Port,Rotterdam Port,2022-04-16,2023-08-30,In Transit,Oil,143.19,231.99,41311.42,144150.82
SHP000440,CUST002352,Shanghai Port,Durban Port,2023-01-30,2024-10-23,Delayed,Electronics,57.35,480.79,104599.03,20768.78
SHP000441,CUST002641,Los Angeles Port,Los Angeles Port,2023-10-05,2022-02-27,Delivered,Electronics,46.53,236.3,175803.16,36055.13
SHP000442,CUST002404,Dubai Port,Hamburg Port,2023-06-26,2023-05-01,In Transit,Electronics,43.94,418.43,5731.7,115246.84
SHP000443,CUST000971,Hamburg Port,Rotterdam Port,2022-12-14,2023-09-01,Delivered,Textiles,159.48,123.1,108110.58,129056.66
SHP000444,CUST002282,Lagos Port,Lagos Port,2024-08-22,2024-04-15,In Transit,Electronics,58.83,334.05,166540.14,84175.45
SHP000445,CUST000456,Rotterdam Port,Lagos Port,2024-11-10,2024-09-10,Delivered,Textiles,157.88,115.03,153003.72,109042.29
SHP000446,CUST001512,Dubai Port,Dubai Port,2023-04-04,2023-05-17,Delivered,Vehicles,112.52,436.93,10375.25,119406.6
SHP000447,CUST001743,Los Angeles Port,Singapore Port,2024-07-12,2022-05-10,Delayed,Textiles,199.66,174.46,45615.5,31615.88
SHP000448,CUST002347,Dubai Port,Los Angeles Port,2022-04-10,2023-03-13,Delayed,Vehicles,55.64,106.74,114613.91,101977.79
SHP000449,CUST000447,Singapore Port,Rotterdam Port,2022-07-01,2024-06-28,In Transit,Vehicles,50.2,285.87,134164.96,78896.9
SHP000450,CUST001216,Rotterdam Port,Shanghai Port,2023-07-16,2023-03-08,In Transit,Textiles,132.34,360.62,82334.93,56427.61
SHP000451,CUST001029,Rotterdam Port,Singapore Port,2023-10-26,2022-05-11,In Transit,Electronics,52.87,196.23,117018.45,115718.39
SHP000452,CUST000409,Durban Port,Rotterdam Port,2022-05-31,2022-07-04,Delivered,Electronics,94.41,90.31,118324.6,88219.71
SHP000453,CUST002007,Singapore Port,Rotterdam Port,2024-09-04,2022-09-15,In Transit,Vehicles,19.65,120.02,143986.23,84991.68
SHP000454,CUST002712,Lagos Port,Dubai Port,2024-10-07,2024-10-01,In Transit,Food,139.28,383.19,127184.92,83378.01
SHP000455,CUST001340,Lagos Port,Durban Port,2023-10-15,2022-05-29,Delivered,Vehicles,74.17,431.48,121736.13,66951.4
SHP000456,CUST001472,Lagos Port,Durban Port,2022-05-15,2024-09-16,Delayed,Food,150.09,11.31,30598.17,87383.88
SHP000457,CUST000329,Durban Port,Durban Port,2022-02-23,2022-04-12,Delivered,Oil,98.55,496.63,28648.99,147903.06
SHP000458,CUST002786,Durban Port,Los Angeles Port,2022-12-12,2024-02-19,Delivered,Oil,9.8,138.7,164356.16,113839.86
SHP000459,CUST000127,Durban Port,Los Angeles Port,2024-03-29,2023-09-19,Delayed,Vehicles,89.44,16.66,113171.98,29500.99
SHP000460,CUST002931,Shanghai Port,Los Angeles Port,2023-09-19,2024-02-20,Delivered,Food,114.09,77.71,30553.72,42539.53
SHP000461,CUST001390,Shanghai Port,Rotterdam Port,2023-03-10,2022-07-30,Delayed,Food,35.95,498.91,120870.96,106880.44
SHP000462,CUST000337,Dubai Port,Durban Port,2022-10-08,2023-03-02,Delayed,Vehicles,196.22,280.32,12395.42,9686.46
SHP000463,CUST000882,Hamburg Port,Hamburg Port,2023-03-18,2024-02-07,Delivered,Food,80.41,188.49,95393.53,60693.01
SHP000464,CUST000998,Singapore Port,Shanghai Port,2023-04-23,2024-05-28,Delayed,Oil,183.51,242.4,144741.91,94973.57
SHP000465,CUST000237,Rotterdam Port,Hamburg Port,2023-08-18,2024-04-13,Delivered,Textiles,147.89,274.81,131663.87,43069.53
SHP000466,CUST002798,Lagos Port,Los Angeles Port,2024-02-14,2024-04-05,Delivered,Food,98.59,446.54,113254.65,70111.75
SHP000467,CUST001709,Lagos Port,Singapore Port,2024-11-11,2024-02-05,In Transit,Oil,167.76,414.15,80463.94,143003.74
SHP000468,CUST001301,Los Angeles Port,Dubai Port,2023-05-21,2022-09-09,Delayed,Vehicles,188.34,268.16,135483.88,126832.26
SHP000469,CUST000541,Hamburg Port,Hamburg Port,2023-10-16,2023-10-24,Delayed,Food,6.59,341.25,71722.03,59998.43
SHP000470,CUST002283,Singapore Port,Lagos Port,2023-11-17,2022-12-31,Delivered,Food,181.51,32.55,29809.09,123292.33
SHP000471,CUST002819,Shanghai Port,Lagos Port,2023-09-17,2023-06-21,In Transit,Food,137.32,357.42,90630.55,88560.87
SHP000472,CUST002162,Singapore Port,Los Angeles Port,2023-06-26,2022-11-07,In Transit,Electronics,128.35,332.69,104211.85,87489.92
SHP000473,CUST002638,Rotterdam Port,Singapore Port,2024-07-28,2023-05-15,In Transit,Oil,54.2,384.04,90219.79,71101.55
SHP000474,CUST000366,Singapore Port,Shanghai Port,2024-12-20,2023-02-23,Delivered,Textiles,194.21,442.5,177001.51,126568.64
SHP000475,CUST002316,Hamburg Port,Lagos Port,2024-04-07,2023-04-29,Delivered,Food,162.56,200.49,161389.9,60873.31
SHP000476,CUST000761,Shanghai Port,Shanghai Port,2024-10-14,2023-05-10,In Transit,Food,68.64,302.48,16444.89,100715.79
SHP000477,CUST000312,Hamburg Port,Rotterdam Port,2023-04-17,2022-07-27,In Transit,Electronics,144.76,272.9,61146.8,78629.91
SHP000478,CUST001311,Durban Port,Shanghai Port,2022-11-27,2024-08-07,Delivered,Electronics,160.9,10.76,59789.2,57030.64
SHP000479,CUST000788,Shanghai Port,Shanghai Port,2024-02-11,2022-11-09,Delayed,Food,16.54,374.15,157746.21,15660.48
SHP000480,CUST000417,Singapore Port,Dubai Port,2022-01-03,2023-12-30,Delivered,Textiles,182.37,481.34,63414.73,32813.22
SHP000481,CUST001565,Los Angeles Port,Los Angeles Port,2024-07-11,2023-01-23,In Transit,Food,106.94,191.43,142585.57,139111.98
SHP000482,CUST000664,Los Angeles Port,Dubai Port,2022-05-20,2022-07-02,Delivered,Oil,35.81,85.5,69116.46,88467.6
SHP000483,CUST001708,Singapore Port,Los Angeles Port,2022-04-25,2024-03-16,In Transit,Electronics,79.57,449.18,185107.09,63577.29
SHP000484,CUST002402,Dubai Port,Lagos Port,2022-05-14,2023-02-17,In Transit,Oil,147.6,434.77,168643.86,13563.54
SHP000485,CUST002447,Rotterdam Port,Durban Port,2024-07-17,2022-10-01,Delivered,Vehicles,95.65,272.22,32588.33,32501.25
SHP000486,CUST001991,Los Angeles Port,Hamburg Port,2022-12-30,2023-01-24,Delayed,Textiles,43.76,333.53,164653.12,146801.9
SHP000487,CUST002911,Rotterdam Port,Dubai Port,2024-05-21,2022-10-02,In Transit,Textiles,80.21,246.11,103427.59,54194.56
SHP000488,CUST001910,Singapore Port,Los Angeles Port,2023-04-23,2024-09-23,Delivered,Food,89.94,409.93,70114.29,136541.9
SHP000489,CUST001963,Los Angeles Port,Lagos Port,2023-07-06,2022-09-09,Delayed,Electronics,115.06,129.66,137351.74,80977.41
SHP000490,CUST000729,Dubai Port,Durban Port,2022-06-25,2023-10-22,Delivered,Food,159.86,124.94,183480.92,58439.35
SHP000491,CUST001117,Lagos Port,Rotterdam Port,2024-02-19,2023-10-12,Delivered,Oil,93.84,251.01,32454.51,141599.63
SHP000492,CUST002090,Los Angeles Port,Hamburg Port,2024-04-29,2024-07-26,Delayed,Oil,75.58,169.25,92160.15,76987.29
SHP000493,CUST001669,Durban Port,Singapore Port,2023-04-21,2022-09-23,Delivered,Textiles,41.44,37.91,144815.4,105531.17
SHP000494,CUST002215,Shanghai Port,Durban Port,2024-09-24,2023-06-08,Delivered,Food,137.1,25.69,119184.76,56560.29
SHP000495,CUST001588,Singapore Port,Los Angeles Port,2022-09-01,2024-04-19,Delayed,Oil,153.13,390.73,39272.46,137416.12
SHP000496,CUST002714,Los Angeles Port,Hamburg Port,2024-01-16,2022-10-07,In Transit,Oil,42.53,189.27,117326.94,143451.71
SHP000497,CUST000565,Shanghai Port,Lagos Port,2023-11-28,2023-05-07,Delayed,Textiles,112.59,131.62,117507.81,125099.08
SHP000498,CUST001510,Hamburg Port,Durban Port,2022-12-14,2022-05-29,Delayed,Vehicles,36.88,318.25,69785.67,135585.78
SHP000499,CUST000916,Singapore Port,Shanghai Port,2024-06-12,2023-02-28,In Transit,Oil,24.61,240.31,179933.98,142066.25
SHP000500,CUST001527,Singapore Port,Dubai Port,2023-09-16,2024-07-07,Delayed,Food,137.54,80.02,127941.17,122035.91
SHP000501,CUST000849,Los Angeles Port,Durban Port,2023-06-05,2024-04-09,Delayed,Vehicles,196.69,267.19,183795.35,7795.84
SHP000502,CUST002227,Dubai Port,Hamburg Port,2024-10-31,2024-07-20,Delivered,Electronics,173.36,286.25,56866.41,6064.74
SHP000503,CUST000203,Shanghai Port,Los Angeles Port,2022-04-20,2024-04-24,Delivered,Food,102.05,185.67,169608.71,104097.98
SHP000504,CUST001063,Shanghai Port,Shanghai Port,2024-11-28,2023-11-15,In Transit,Textiles,125.76,79.04,172504.43,77140.41
SHP000505,CUST001081,Singapore Port,Hamburg Port,2023-07-06,2023-03-10,Delivered,Electronics,84.97,150.18,196952.09,94214.33
SHP000506,CUST000151,Durban Port,Shanghai Port,2024-03-03,2022-02-21,In Transit,Vehicles,99.25,278.82,49132.12,88111.77
SHP000507,CUST000557,Hamburg Port,Los Angeles Port,2022-10-08,2023-07-29,Delayed,Electronics,38.4,435.2,108856.71,123653.07
SHP000508,CUST000554,Rotterdam Port,Lagos Port,2024-11-02,2023-10-20,In Transit,Food,185.39,294.39,142448.73,129528.28
SHP000509,CUST001098,Rotterdam Port,Los Angeles Port,2022-11-11,2022-10-10,In Transit,Textiles,82.02,286.03,179199.34,59461.75
SHP000510,CUST002023,Lagos Port,Lagos Port,2024-05-17,2023-04-02,In Transit,Vehicles,36.6,131.4,124971.79,123793.65
SHP000511,CUST000317,Rotterdam Port,Hamburg Port,2024-05-03,2022-06-07,Delayed,Food,84.88,292.05,68771.54,79256.16
SHP000512,CUST001545,Rotterdam Port,Hamburg Port,2023-02-14,2023-12-29,Delivered,Oil,56.4,323.0,111594.21,13236.17
SHP000513,CUST001398,Singapore Port,Durban Port,2023-09-29,2024-02-15,Delayed,Vehicles,145.71,328.94,24527.0,125604.19
SHP000514,CUST000567,Singapore Port,Rotterdam Port,2022-07-21,2023-06-21,Delayed,Electronics,141.68,98.53,126216.81,44997.47
SHP000515,CUST002836,Dubai Port,Hamburg Port,2023-07-19,2022-02-19,Delivered,Electronics,185.08,63.3,134533.48,149295.05
SHP000516,CUST002576,Durban Port,Durban Port,2023-09-08,2022-11-28,In Transit,Oil,15.88,338.32,173751.72,41918.32
SHP000517,CUST000133,Lagos Port,Dubai Port,2023-04-11,2023-06-04,Delayed,Textiles,35.58,449.8,25189.43,135994.13
SHP000518,CUST000042,Durban Port,Shanghai Port,2024-09-04,2024-08-18,Delivered,Electronics,46.26,270.94,135943.17,68792.31
SHP000519,CUST000008,Singapore Port,Los Angeles Port,2023-01-30,2024-01-18,Delayed,Food,20.75,148.95,170706.17,80013.9
SHP000520,CUST001559,Lagos Port,Dubai Port,2024-12-09,2023-01-27,Delayed,Textiles,175.9,134.45,138373.47,136192.58
SHP000521,CUST000207,Hamburg Port,Singapore Port,2024-11-16,2024-04-14,Delayed,Oil,180.25,453.49,71451.27,102413.48
SHP000522,CUST001139,Durban Port,Singapore Port,2024-10-15,2024-02-16,Delivered,Food,42.28,140.1,108067.62,149997.84
SHP000523,CUST001237,Hamburg Port,Lagos Port,2024-02-08,2024-04-28,Delivered,Electronics,141.57,104.67,57983.64,62398.2
SHP000524,CUST001569,Dubai Port,Dubai Port,2023-09-05,2023-02-13,In Transit,Textiles,158.17,228.44,103970.72,66649.8
SHP000525,CUST002378,Durban Port,Lagos Port,2024-02-25,2024-01-14,Delivered,Vehicles,144.33,68.68,15699.69,31674.09
SHP000526,CUST001722,Hamburg Port,Rotterdam Port,2023-10-26,2022-10-25,Delivered,Electronics,8.1,124.2,77504.07,107806.51
SHP000527,CUST001126,Durban Port,Los Angeles Port,2022-06-11,2024-04-26,In Transit,Vehicles,20.05,254.44,90848.21,113324.74
SHP000528,CUST002217,Los Angeles Port,Dubai Port,2024-08-01,2024-08-15,Delayed,Textiles,165.93,130.67,14687.22,33245.62
SHP000529,CUST002322,Shanghai Port,Singapore Port,2023-11-03,2023-11-21,Delayed,Vehicles,82.26,307.53,58718.94,138432.23
SHP000530,CUST001508,Shanghai Port,Rotterdam Port,2023-07-25,2023-11-19,Delayed,Food,186.09,319.55,7951.13,145859.82
SHP000531,CUST002410,Dubai Port,Lagos Port,2023-01-19,2022-06-17,Delivered,Oil,61.23,287.44,30275.11,108853.09
SHP000532,CUST001916,Hamburg Port,Lagos Port,2022-06-07,2024-03-23,Delayed,Food,85.44,247.42,107905.46,63229.83
SHP000533,CUST002074,Shanghai Port,Rotterdam Port,2024-09-05,2022-08-18,Delayed,Vehicles,36.52,296.7,11860.39,100162.0
SHP000534,CUST001100,Dubai Port,Durban Port,2023-11-26,2023-11-17,In Transit,Vehicles,161.22,424.44,137723.81,117603.73
SHP000535,CUST001015,Shanghai Port,Durban Port,2024-09-02,2022-08-09,Delivered,Textiles,139.75,194.09,99880.46,77865.92
SHP000536,CUST000593,Los Angeles Port,Hamburg Port,2022-11-21,2022-04-06,Delayed,Vehicles,127.99,90.07,74761.62,30795.84
SHP000537,CUST000050,Rotterdam Port,Lagos Port,2023-06-12,2023-08-17,Delivered,Oil,53.39,497.17,143341.82,101375.24
SHP000538,CUST001673,Rotterdam Port,Lagos Port,2023-12-13,2024-08-15,Delivered,Textiles,198.07,211.73,179027.17,77253.72
SHP000539,CUST000777,Singapore Port,Rotterdam Port,2022-03-07,2023-07-13,Delivered,Electronics,165.55,280.36,149418.79,39729.54
SHP000540,CUST000670,Lagos Port,Durban Port,2022-05-28,2022-10-14,Delivered,Food,91.72,463.74,112339.11,73176.75
SHP000541,CUST000130,Singapore Port,Lagos Port,2023-11-17,2024-10-02,Delivered,Vehicles,196.09,19.95,176022.39,23862.72
SHP000542,CUST002362,Dubai Port,Shanghai Port,2024-09-10,2024-06-30,Delayed,Food,19.92,362.34,101309.67,87675.33
SHP000543,CUST002976,Dubai Port,Rotterdam Port,2023-12-05,2024-02-11,Delayed,Oil,113.85,334.17,155011.75,58957.27
SHP000544,CUST000297,Singapore Port,Hamburg Port,2023-01-27,2022-09-27,Delivered,Food,183.79,413.77,142904.26,83798.32
SHP000545,CUST002056,Singapore Port,Durban Port,2024-03-01,2022-12-14,Delivered,Food,53.06,31.09,169112.74,49317.22
SHP000546,CUST000600,Singapore Port,Hamburg Port,2024-07-22,2024-05-21,Delayed,Food,70.68,186.37,60400.84,7361.81
SHP000547,CUST002703,Hamburg Port,Durban Port,2024-07-09,2023-12-13,Delivered,Food,150.01,195.55,173536.23,64388.13
SHP000548,CUST001508,Rotterdam Port,Los Angeles Port,2024-04-26,2024-07-23,Delayed,Electronics,124.13,233.03,182351.16,119964.32
SHP000549,CUST000922,Singapore Port,Hamburg Port,2024-06-16,2022-04-05,Delivered,Textiles,12.52,464.05,13456.59,43546.42
SHP000550,CUST002413,Singapore Port,Durban Port,2022-02-15,2023-12-27,Delayed,Vehicles,121.83,121.65,92024.58,45360.2
SHP000551,CUST002355,Shanghai Port,Shanghai Port,2024-07-31,2022-04-03,Delayed,Textiles,195.0,263.6,114306.77,81533.8
SHP000552,CUST001131,Shanghai Port,Lagos Port,2023-07-29,2022-02-07,Delivered,Vehicles,81.98,111.46,198977.27,16018.15
SHP000553,CUST001849,Rotterdam Port,Dubai Port,2024-02-14,2022-10-05,In Transit,Electronics,73.39,23.69,107146.02,77368.36
SHP000554,CUST002873,Shanghai Port,Shanghai Port,2022-01-07,2024-06-21,In Transit,Textiles,168.39,124.55,59184.33,49445.8
SHP000555,CUST002993,Los Angeles Port,Hamburg Port,2024-06-06,2023-11-11,Delivered,Vehicles,106.07,71.76,87674.46,5806.53
SHP000556,CUST000362,Dubai Port,Singapore Port,2023-11-29,2024-01-24,Delivered,Food,29.33,338.03,176325.01,105288.89
SHP000557,CUST000724,Singapore Port,Shanghai Port,2022-06-29,2024-06-01,In Transit,Textiles,5.77,380.48,164025.5,82821.5
SHP000558,CUST001916,Durban Port,Rotterdam Port,2023-04-09,2022-03-23,Delivered,Food,151.41,24.83,29862.75,137134.8
SHP000559,CUST000105,Lagos Port,Hamburg Port,2023-11-24,2022-04-10,In Transit,Food,129.74,61.48,50277.89,78701.43
SHP000560,CUST001507,Singapore Port,Lagos Port,2022-12-24,2022-09-13,Delivered,Electronics,157.47,445.64,78395.2,90644.8
SHP000561,CUST000337,Lagos Port,Shanghai Port,2023-05-14,2022-10-14,Delayed,Electronics,192.5,174.97,12671.52,122854.61
SHP000562,CUST000628,Shanghai Port,Singapore Port,2024-05-10,2023-11-05,Delivered,Food,30.69,242.6,37134.67,72849.57
SHP000563,CUST001549,Singapore Port,Singapore Port,2024-01-03,2024-04-21,Delivered,Electronics,192.21,155.43,44741.77,113348.52
SHP000564,CUST000949,Shanghai Port,Durban Port,2023-07-15,2023-10-01,Delivered,Textiles,95.59,87.2,138051.02,92652.42
SHP000565,CUST002423,Lagos Port,Lagos Port,2022-02-14,2022-03-09,Delivered,Food,176.86,395.53,26109.75,11521.7
SHP000566,CUST001124,Rotterdam Port,Rotterdam Port,2022-08-17,2022-01-22,Delayed,Food,169.89,194.26,94314.6,35623.61
SHP000567,CUST002453,Durban Port,Los Angeles Port,2022-10-26,2024-10-02,Delivered,Vehicles,32.24,63.03,140093.11,68802.19
SHP000568,CUST002778,Hamburg Port,Dubai Port,2023-10-20,2023-09-17,In Transit,Oil,125.77,264.78,127532.74,71065.31
SHP000569,CUST002629,Los Angeles Port,Durban Port,2024-11-10,2024-06-07,Delayed,Oil,13.62,483.72,162431.35,19509.86
SHP000570,CUST002153,Lagos Port,Rotterdam Port,2024-05-07,2023-12-26,Delayed,Oil,192.87,115.72,157079.8,112209.18
SHP000571,CUST002135,Durban Port,Durban Port,2024-12-03,2022-06-20,Delivered,Electronics,22.99,284.59,68457.52,112670.51
SHP000572,CUST002469,Shanghai Port,Los Angeles Port,2023-03-14,2024-10-18,In Transit,Vehicles,134.84,497.95,197789.82,147624.28
SHP000573,CUST001326,Rotterdam Port,Hamburg Port,2023-02-14,2024-10-14,Delayed,Oil,157.16,155.54,164485.09,54059.49
SHP000574,CUST002522,Singapore Port,Rotterdam Port,2022-12-13,2023-09-14,In Transit,Vehicles,64.51,218.85,166319.86,4442.49
SHP000575,CUST000457,Durban Port,Durban Port,2024-04-01,2024-08-08,In Transit,Textiles,5.9,193.8,127096.99,133763.86
SHP000576,CUST000285,Rotterdam Port,Durban Port,2024-08-10,2023-11-24,Delayed,Oil,178.66,470.79,99213.93,121717.71
SHP000577,CUST002953,Los Angeles Port,Dubai Port,2024-09-28,2024-03-16,Delivered,Electronics,23.99,445.02,123233.09,88159.22
SHP000578,CUST002277,Lagos Port,Shanghai Port,2023-10-04,2024-03-04,In Transit,Electronics,73.86,421.52,189260.07,86871.15
SHP000579,CUST001701,Hamburg Port,Lagos Port,2022-07-29,2022-02-27,Delayed,Electronics,74.41,137.54,70551.92,36741.27
SHP000580,CUST002843,Hamburg Port,Dubai Port,2022-11-10,2024-07-04,In Transit,Vehicles,184.73,332.44,87375.47,103971.63
SHP000581,CUST000165,Singapore Port,Hamburg Port,2024-05-05,2023-09-01,In Transit,Textiles,15.55,67.74,42042.15,104901.18
SHP000582,CUST001360,Shanghai Port,Singapore Port,2023-02-11,2023-03-20,Delayed,Textiles,51.81,474.56,138040.44,78753.37
SHP000583,CUST000354,Shanghai Port,Durban Port,2022-11-23,2023-05-27,Delayed,Food,93.59,85.88,11057.77,53440.65
SHP000584,CUST002345,Los Angeles Port,Shanghai Port,2024-02-05,2024-08-21,In Transit,Electronics,144.77,483.31,190774.13,76047.75
SHP000585,CUST001620,Los Angeles Port,Dubai Port,2023-03-14,2022-09-18,Delayed,Food,65.19,53.7,107725.27,64010.62
SHP000586,CUST001656,Hamburg Port,Shanghai Port,2023-01-09,2022-03-24,Delivered,Food,187.85,264.14,150707.65,130676.16
SHP000587,CUST001758,Durban Port,Lagos Port,2022-05-24,2023-07-22,In Transit,Oil,110.11,156.09,131002.91,33502.82
SHP000588,CUST001315,Singapore Port,Dubai Port,2024-07-01,2024-01-25,Delivered,Oil,151.41,141.14,65629.49,101342.16
SHP000589,CUST002986,Shanghai Port,Durban Port,2024-06-09,2022-09-08,Delivered,Vehicles,60.29,364.24,39750.25,128737.22
SHP000590,CUST001068,Durban Port,Lagos Port,2024-09-05,2022-10-22,In Transit,Textiles,133.5,241.01,67076.1,67967.71
SHP000591,CUST000800,Los Angeles Port,Rotterdam Port,2023-01-18,2023-07-27,Delivered,Oil,55.88,245.0,27872.59,76000.25
SHP000592,CUST000618,Durban Port,Hamburg Port,2023-07-26,2022-12-01,Delivered,Vehicles,9.69,216.13,177724.35,110761.95
SHP000593,CUST001590,Shanghai Port,Los Angeles Port,2023-01-25,2022-12-13,Delivered,Food,186.79,332.81,168790.36,90630.62
SHP000594,CUST002968,Hamburg Port,Lagos Port,2023-11-20,2024-02-07,In Transit,Electronics,72.92,269.78,120526.26,104824.82
SHP000595,CUST001101,Dubai Port,Hamburg Port,2024-08-17,2024-04-25,Delivered,Vehicles,114.5,145.12,122659.84,67045.71
SHP000596,CUST001142,Rotterdam Port,Shanghai Port,2022-11-03,2022-12-25,Delivered,Textiles,115.33,237.79,54834.25,71662.1
SHP000597,CUST000813,Los Angeles Port,Singapore Port,2023-07-11,2023-03-29,In Transit,Vehicles,147.05,58.24,171983.37,20023.42
SHP000598,CUST000047,Singapore Port,Lagos Port,2024-05-16,2023-05-24,In Transit,Food,165.89,482.42,89263.52,49241.63
SHP000599,CUST000783,Hamburg Port,Singapore Port,2022-10-14,2022-03-27,In Transit,Oil,64.83,320.78,105358.62,144767.57
SHP000600,CUST000728,Singapore Port,Singapore Port,2024-08-03,2022-11-27,In Transit,Electronics,114.21,417.34,167636.95,60729.58
SHP000601,CUST000357,Durban Port,Hamburg Port,2024-05-25,2023-11-12,In Transit,Food,31.72,380.39,86667.0,59099.66
SHP000602,CUST001524,Dubai Port,Lagos Port,2023-03-15,2022-02-03,Delivered,Electronics,21.19,353.35,170848.46,91003.39
SHP000603,CUST002046,Lagos Port,Shanghai Port,2024-10-21,2024-01-02,In Transit,Food,139.61,436.81,49832.84,141013.07
SHP000604,CUST002036,Hamburg Port,Lagos Port,2022-05-17,2022-06-25,In Transit,Electronics,190.25,471.13,149018.66,134773.92
SHP000605,CUST000053,Dubai Port,Lagos Port,2023-10-08,2023-04-22,Delayed,Food,86.52,94.37,141199.35,45189.61
SHP000606,CUST002887,Singapore Port,Los Angeles Port,2023-02-04,2024-07-14,Delivered,Oil,187.03,25.14,122879.06,140983.91
SHP000607,CUST000967,Rotterdam Port,Rotterdam Port,2023-02-07,2024-08-09,Delivered,Electronics,21.53,278.52,47880.15,40914.74
SHP000608,CUST000334,Hamburg Port,Los Angeles Port,2022-01-03,2023-04-02,Delayed,Vehicles,79.27,149.85,154061.3,82879.15
SHP000609,CUST001903,Los Angeles Port,Los Angeles Port,2024-08-27,2022-09-06,Delivered,Vehicles,63.95,429.69,19771.34,16697.63
SHP000610,CUST002359,Lagos Port,Lagos Port,2023-03-23,2024-02-24,In Transit,Vehicles,72.19,398.25,160906.47,88534.28
SHP000611,CUST000866,Hamburg Port,Singapore Port,2023-09-03,2023-12-05,Delayed,Textiles,152.47,92.76,133717.22,10496.84
SHP000612,CUST001477,Los Angeles Port,Durban Port,2024-02-27,2022-04-02,In Transit,Food,95.1,239.71,81510.96,19322.47
SHP000613,CUST002218,Rotterdam Port,Los Angeles Port,2022-05-01,2022-05-24,In Transit,Oil,192.73,189.91,21285.56,136838.62
SHP000614,CUST002267,Dubai Port,Durban Port,2023-11-29,2023-12-17,In Transit,Textiles,122.38,253.33,45452.64,134093.9
SHP000615,CUST002699,Hamburg Port,Durban Port,2024-05-05,2023-01-19,Delayed,Textiles,131.66,289.45,167609.44,99611.78
SHP000616,CUST001572,Hamburg Port,Lagos Port,2023-02-17,2024-07-06,Delivered,Vehicles,187.36,42.94,91043.84,31652.69
SHP000617,CUST000103,Los Angeles Port,Hamburg Port,2023-10-30,2022-07-22,Delayed,Electronics,80.26,479.03,49645.72,80650.01
SHP000618,CUST001043,Singapore Port,Shanghai Port,2024-03-01,2022-09-18,In Transit,Oil,43.38,334.99,168771.98,30283.54
SHP000619,CUST001140,Lagos Port,Hamburg Port,2022-03-02,2024-11-27,In Transit,Oil,169.63,327.86,151628.24,93497.48
SHP000620,CUST002677,Durban Port,Shanghai Port,2023-02-24,2023-04-21,Delivered,Electronics,139.1,181.47,27695.1,4023.99
SHP000621,CUST000731,Durban Port,Lagos Port,2024-07-03,2023-06-28,In Transit,Textiles,191.32,45.38,130230.85,17538.17
SHP000622,CUST000613,Shanghai Port,Durban Port,2023-12-25,2024-09-03,Delivered,Food,110.57,45.6,123788.0,114803.59
SHP000623,CUST000154,Lagos Port,Durban Port,2022-03-02,2024-04-30,In Transit,Textiles,193.81,348.99,47705.96,133313.5
SHP000624,CUST002040,Singapore Port,Lagos Port,2023-05-24,2024-09-12,Delayed,Food,190.98,70.04,37335.73,36573.17
SHP000625,CUST002707,Hamburg Port,Lagos Port,2022-08-12,2022-08-12,Delayed,Oil,46.95,78.03,150940.03,125403.31
SHP000626,CUST000891,Durban Port,Los Angeles Port,2023-11-29,2023-11-26,In Transit,Vehicles,189.69,278.51,108599.89,63547.78
SHP000627,CUST000005,Hamburg Port,Singapore Port,2022-11-14,2023-09-18,In Transit,Vehicles,166.58,342.75,161743.57,114296.29
SHP000628,CUST001300,Durban Port,Shanghai Port,2024-08-17,2024-09-12,Delayed,Electronics,156.96,344.46,86840.02,146419.1
SHP000629,CUST001674,Hamburg Port,Singapore Port,2022-12-18,2024-02-04,In Transit,Electronics,175.07,196.28,171455.36,42307.4
SHP000630,CUST001808,Durban Port,Dubai Port,2024-06-02,2023-08-15,In Transit,Oil,141.27,397.01,114572.67,30071.32
SHP000631,CUST000432,Durban Port,Lagos Port,2022-06-29,2023-07-13,Delivered,Electronics,26.3,345.91,104676.32,109187.41
SHP000632,CUST000946,Shanghai Port,Lagos Port,2024-04-15,2023-12-24,In Transit,Vehicles,191.46,186.66,21242.13,43309.36
SHP000633,CUST002464,Singapore Port,Dubai Port,2024-11-16,2023-06-29,In Transit,Electronics,33.08,153.41,56963.59,94227.26
SHP000634,CUST001099,Dubai Port,Dubai Port,2024-07-16,2022-03-24,Delayed,Textiles,105.73,250.03,86494.35,125240.13
SHP000635,CUST002515,Shanghai Port,Durban Port,2023-01-14,2023-12-17,Delivered,Textiles,76.55,96.44,95168.36,51263.56
SHP000636,CUST002555,Rotterdam Port,Shanghai Port,2023-05-30,2024-11-12,Delayed,Oil,7.33,333.56,92266.91,26255.48
SHP000637,CUST002969,Lagos Port,Singapore Port,2023-09-18,2022-12-09,Delayed,Electronics,177.88,385.0,37435.64,4435.71
SHP000638,CUST002873,Lagos Port,Hamburg Port,2023-03-08,2022-11-14,Delivered,Food,16.76,412.09,192339.48,95032.75
SHP000639,CUST000944,Los Angeles Port,Los Angeles Port,2022-08-07,2024-11-26,Delivered,Food,61.45,396.32,178105.91,96982.45
SHP000640,CUST001509,Shanghai Port,Dubai Port,2022-01-21,2023-10-07,Delayed,Food,100.17,499.26,52589.34,100621.73
SHP000641,CUST002427,Los Angeles Port,Rotterdam Port,2023-04-03,2023-01-24,In Transit,Electronics,177.11,257.43,64783.63,142593.38
SHP000642,CUST000103,Shanghai Port,Hamburg Port,2022-05-18,2023-09-19,Delivered,Oil,165.11,421.56,44277.64,57866.16
SHP000643,CUST001359,Los Angeles Port,Dubai Port,2022-05-24,2022-05-20,Delivered,Textiles,181.25,261.43,121003.02,131445.07
SHP000644,CUST001906,Shanghai Port,Dubai Port,2024-12-17,2024-04-29,Delivered,Textiles,105.74,85.24,183069.84,49220.57
SHP000645,CUST000495,Shanghai Port,Dubai Port,2022-10-16,2023-05-04,Delivered,Textiles,138.67,463.8,145241.87,120443.76
SHP000646,CUST000752,Rotterdam Port,Singapore Port,2024-09-24,2023-03-02,In Transit,Oil,72.9,286.77,171451.32,94423.05
SHP000647,CUST000106,Hamburg Port,Durban Port,2022-11-23,2022-08-18,In Transit,Electronics,110.49,410.35,172627.15,138549.13
SHP000648,CUST002124,Dubai Port,Durban Port,2024-10-18,2023-10-25,Delivered,Electronics,36.66,438.83,48517.17,103256.19
SHP000649,CUST002236,Dubai Port,Shanghai Port,2024-08-29,2023-11-27,Delayed,Vehicles,9.74,247.07,7231.02,117116.25
SHP000650,CUST002972,Rotterdam Port,Lagos Port,2023-01-13,2022-03-31,In Transit,Oil,31.73,138.89,164255.79,140944.62
SHP000651,CUST001308,Rotterdam Port,Hamburg Port,2024-03-19,2022-05-01,Delivered,Food,87.72,439.21,14752.94,78179.58
SHP000652,CUST001490,Dubai Port,Dubai Port,2023-05-27,2023-09-03,Delayed,Textiles,151.37,212.7,31792.71,99363.44
SHP000653,CUST002664,Singapore Port,Durban Port,2024-07-23,2024-08-02,In Transit,Vehicles,98.67,97.71,66671.19,49427.42
SHP000654,CUST001663,Singapore Port,Durban Port,2022-03-22,2024-07-11,In Transit,Oil,32.42,388.22,60721.94,146969.8
SHP000655,CUST000407,Los Angeles Port,Lagos Port,2023-03-09,2023-05-14,Delayed,Electronics,171.72,47.12,12919.68,66323.21
SHP000656,CUST002472,Singapore Port,Los Angeles Port,2022-07-26,2024-07-12,In Transit,Textiles,52.39,20.92,199740.26,90206.0
SHP000657,CUST002369,Durban Port,Los Angeles Port,2022-07-09,2023-06-23,In Transit,Electronics,92.01,212.33,53444.75,131240.43
SHP000658,CUST001306,Shanghai Port,Los Angeles Port,2023-08-04,2022-06-03,Delivered,Vehicles,99.13,139.8,82664.86,143462.51
SHP000659,CUST002390,Dubai Port,Singapore Port,2024-09-08,2024-05-27,In Transit,Oil,116.43,361.6,152138.75,89299.85
SHP000660,CUST002353,Durban Port,Singapore Port,2023-06-11,2023-12-09,Delayed,Electronics,110.07,53.54,113669.88,123054.45
SHP000661,CUST001155,Dubai Port,Dubai Port,2022-08-29,2024-05-04,In Transit,Textiles,114.39,67.59,159043.84,70251.34
SHP000662,CUST002021,Rotterdam Port,Dubai Port,2022-05-14,2023-01-22,In Transit,Vehicles,62.56,476.11,59084.73,8441.24
SHP000663,CUST002645,Durban Port,Shanghai Port,2023-08-19,2022-04-11,In Transit,Oil,180.4,185.3,190514.74,55317.68
SHP000664,CUST000852,Durban Port,Hamburg Port,2022-11-09,2023-01-04,Delivered,Textiles,13.34,144.28,51645.38,87446.88
SHP000665,CUST002737,Singapore Port,Hamburg Port,2023-04-27,2023-08-02,Delivered,Food,191.81,361.12,163603.6,143650.26
SHP000666,CUST000654,Singapore Port,Shanghai Port,2022-08-27,2024-06-03,Delayed,Oil,14.15,146.03,181984.66,46364.37
SHP000667,CUST001486,Shanghai Port,Durban Port,2022-08-04,2023-05-12,Delivered,Oil,128.65,275.49,181555.71,70107.63
SHP000668,CUST000892,Hamburg Port,Los Angeles Port,2024-09-20,2024-04-25,Delayed,Vehicles,192.47,372.43,120188.37,48568.96
SHP000669,CUST000302,Rotterdam Port,Los Angeles Port,2023-12-16,2023-07-15,In Transit,Food,64.08,260.32,183349.43,132677.84
SHP000670,CUST000265,Shanghai Port,Durban Port,2024-08-03,2022-09-21,Delivered,Oil,74.01,295.17,143143.3,72055.38
SHP000671,CUST000106,Rotterdam Port,Los Angeles Port,2023-06-14,2022-03-15,Delivered,Vehicles,152.76,342.95,117425.61,35039.78
SHP000672,CUST000467,Shanghai Port,Lagos Port,2023-04-05,2024-04-12,Delivered,Electronics,130.21,169.04,145537.19,5158.16
SHP000673,CUST001754,Shanghai Port,Rotterdam Port,2023-04-06,2023-02-12,Delivered,Food,70.18,317.88,112375.6,136488.86
SHP000674,CUST000195,Durban Port,Lagos Port,2023-06-20,2024-03-27,Delayed,Textiles,175.51,154.32,177864.7,8267.9
SHP000675,CUST000469,Singapore Port,Los Angeles Port,2024-05-04,2023-09-21,Delivered,Food,125.18,61.64,176755.33,14066.76
SHP000676,CUST000756,Rotterdam Port,Los Angeles Port,2024-07-31,2024-01-13,In Transit,Food,87.86,450.59,155780.19,102403.48
SHP000677,CUST002092,Dubai Port,Los Angeles Port,2023-05-17,2023-10-30,Delivered,Food,89.18,429.44,191013.88,57346.67
SHP000678,CUST001041,Durban Port,Dubai Port,2023-04-05,2024-07-10,In Transit,Vehicles,12.54,434.27,181770.73,60973.96
SHP000679,CUST000832,Durban Port,Hamburg Port,2024-04-07,2023-05-31,In Transit,Textiles,43.0,322.0,166075.27,142166.82
SHP000680,CUST000861,Hamburg Port,Dubai Port,2023-05-02,2023-07-26,Delayed,Textiles,26.19,231.23,109269.41,92518.22
SHP000681,CUST002977,Dubai Port,Shanghai Port,2024-10-16,2022-12-03,Delayed,Textiles,163.27,61.94,133998.25,57341.69
SHP000682,CUST002936,Dubai Port,Dubai Port,2024-10-18,2024-07-28,In Transit,Food,104.52,381.49,36421.21,110015.9
SHP000683,CUST001085,Hamburg Port,Durban Port,2022-04-30,2023-12-04,In Transit,Electronics,115.93,110.18,90736.69,56670.07
SHP000684,CUST002622,Durban Port,Durban Port,2022-03-17,2023-07-07,Delivered,Food,195.8,376.72,54558.04,120973.08
SHP000685,CUST001111,Los Angeles Port,Hamburg Port,2022-10-28,2022-06-15,In Transit,Electronics,18.77,58.85,186576.67,119594.24
SHP000686,CUST000539,Rotterdam Port,Durban Port,2023-04-27,2023-01-31,Delivered,Oil,90.28,442.76,143501.41,73958.33
SHP000687,CUST001414,Dubai Port,Lagos Port,2024-06-22,2024-01-02,Delayed,Food,58.67,174.0,125694.97,148038.2
SHP000688,CUST000302,Los Angeles Port,Dubai Port,2022-11-23,2024-02-01,Delayed,Food,66.78,332.52,165947.27,75820.89
SHP000689,CUST001055,Hamburg Port,Lagos Port,2023-03-01,2023-09-20,In Transit,Vehicles,172.45,135.28,147483.23,52756.95
SHP000690,CUST001126,Lagos Port,Lagos Port,2022-07-07,2022-02-28,Delivered,Oil,112.52,274.81,33706.39,3780.47
SHP000691,CUST000771,Durban Port,Singapore Port,2023-02-12,2022-03-04,Delayed,Vehicles,171.11,64.26,18238.94,110827.29
SHP000692,CUST002875,Rotterdam Port,Lagos Port,2024-02-18,2022-07-07,Delivered,Vehicles,47.1,472.08,94709.21,61927.68
SHP000693,CUST000914,Durban Port,Singapore Port,2024-10-19,2024-04-11,Delayed,Electronics,119.14,320.67,94089.52,101851.83
SHP000694,CUST001915,Shanghai Port,Shanghai Port,2022-07-26,2024-04-20,Delivered,Vehicles,128.79,243.85,168909.38,93044.55
SHP000695,CUST001289,Los Angeles Port,Durban Port,2023-06-22,2024-08-30,In Transit,Electronics,119.4,47.99,96778.27,81243.67
SHP000696,CUST000251,Lagos Port,Rotterdam Port,2022-09-22,2023-01-02,Delayed,Oil,68.92,119.43,29105.4,134146.75
SHP000697,CUST000801,Lagos Port,Rotterdam Port,2023-10-07,2024-01-28,Delayed,Oil,77.14,223.7,125087.99,141717.06
SHP000698,CUST000871,Lagos Port,Rotterdam Port,2023-07-06,2023-09-04,In Transit,Food,38.35,285.93,21121.9,125429.04
SHP000699,CUST002822,Lagos Port,Los Angeles Port,2024-02-16,2024-09-08,Delivered,Textiles,14.82,434.71,61525.26,119812.81
SHP000700,CUST001063,Dubai Port,Durban Port,2022-03-19,2023-12-10,In Transit,Textiles,45.21,98.31,119165.98,91478.52
SHP000701,CUST002041,Durban Port,Durban Port,2023-04-30,2023-02-07,Delivered,Textiles,111.71,106.86,136333.68,105948.85
SHP000702,CUST001238,Shanghai Port,Los Angeles Port,2024-01-21,2024-01-18,Delivered,Vehicles,69.64,132.81,116299.78,43647.63
SHP000703,CUST001490,Lagos Port,Dubai Port,2022-02-06,2024-11-30,Delayed,Textiles,174.06,420.79,172911.39,89847.74
SHP000704,CUST001306,Dubai Port,Durban Port,2024-09-22,2024-12-29,Delivered,Food,85.76,150.58,96439.45,19287.59
SHP000705,CUST000062,Shanghai Port,Durban Port,2022-02-20,2024-04-06,Delayed,Vehicles,65.97,111.99,111189.88,26665.17
SHP000706,CUST002578,Los Angeles Port,Shanghai Port,2023-04-21,2022-06-29,Delivered,Food,183.03,156.14,153082.72,64994.26
SHP000707,CUST000791,Durban Port,Shanghai Port,2023-09-21,2024-06-02,Delivered,Oil,112.9,154.53,19309.79,12946.44
SHP000708,CUST002072,Hamburg Port,Shanghai Port,2023-08-28,2023-03-15,Delayed,Electronics,5.76,319.55,142182.56,97931.39
SHP000709,CUST000741,Rotterdam Port,Durban Port,2022-05-09,2023-05-27,In Transit,Food,159.9,484.14,57004.55,59629.61
SHP000710,CUST001871,Hamburg Port,Shanghai Port,2024-07-02,2024-06-24,Delivered,Textiles,163.39,479.42,75090.49,99114.1
SHP000711,CUST002994,Dubai Port,Los Angeles Port,2024-11-08,2023-04-30,Delayed,Oil,40.18,83.76,44196.42,148458.57
SHP000712,CUST000312,Rotterdam Port,Shanghai Port,2022-11-12,2024-10-09,Delivered,Food,75.11,27.24,136619.21,53341.35
SHP000713,CUST001962,Singapore Port,Durban Port,2024-09-04,2022-05-29,Delayed,Oil,100.12,61.82,64212.87,95494.38
SHP000714,CUST001468,Shanghai Port,Shanghai Port,2023-10-10,2024-12-28,Delayed,Textiles,10.81,464.1,68078.54,124545.59
SHP000715,CUST001575,Shanghai Port,Durban Port,2024-04-01,2023-08-23,In Transit,Vehicles,170.44,90.28,165338.97,137159.42
SHP000716,CUST000260,Hamburg Port,Shanghai Port,2024-06-11,2024-03-06,In Transit,Food,69.12,263.03,43729.21,112506.95
SHP000717,CUST001285,Lagos Port,Shanghai Port,2023-09-12,2024-05-28,In Transit,Food,15.85,297.43,199562.54,32688.49
SHP000718,CUST000043,Durban Port,Los Angeles Port,2023-07-25,2022-09-06,In Transit,Electronics,43.49,470.27,16934.24,135080.61
SHP000719,CUST001656,Durban Port,Durban Port,2023-11-03,2024-05-05,In Transit,Textiles,99.48,473.2,51403.52,114751.08
SHP000720,CUST001303,Dubai Port,Rotterdam Port,2024-07-30,2024-11-30,Delayed,Food,156.47,157.12,180962.73,51552.97
SHP000721,CUST002820,Hamburg Port,Durban Port,2024-07-21,2022-01-21,Delayed,Electronics,5.15,485.61,67892.63,103658.87
SHP000722,CUST002355,Dubai Port,Singapore Port,2023-01-18,2022-05-01,In Transit,Oil,121.24,297.77,61419.99,11735.81
SHP000723,CUST000616,Singapore Port,Singapore Port,2022-04-02,2022-05-27,Delayed,Vehicles,74.21,150.94,86543.31,122126.09
SHP000724,CUST000380,Hamburg Port,Los Angeles Port,2024-08-05,2023-03-06,Delayed,Vehicles,197.61,473.77,35009.94,75483.84
SHP000725,CUST002685,Durban Port,Shanghai Port,2024-11-24,2023-01-17,Delivered,Oil,61.62,476.35,194501.67,110811.77
SHP000726,CUST001774,Durban Port,Lagos Port,2022-09-18,2024-04-18,In Transit,Electronics,122.39,318.62,90541.3,19846.94
SHP000727,CUST000013,Durban Port,Shanghai Port,2023-07-17,2022-07-19,Delayed,Vehicles,76.85,330.8,192360.26,91764.73
SHP000728,CUST002586,Hamburg Port,Dubai Port,2023-11-25,2023-10-07,In Transit,Oil,136.34,289.88,21213.37,51944.37
SHP000729,CUST000918,Shanghai Port,Shanghai Port,2024-04-30,2023-12-03,In Transit,Vehicles,136.57,20.56,42037.19,50231.33
SHP000730,CUST001885,Dubai Port,Durban Port,2022-01-12,2023-03-04,Delivered,Textiles,9.72,432.78,97464.35,21297.22
SHP000731,CUST002896,Los Angeles Port,Hamburg Port,2022-09-01,2022-01-27,In Transit,Vehicles,162.46,35.92,96981.75,3952.33
SHP000732,CUST001761,Hamburg Port,Lagos Port,2024-03-31,2024-08-26,Delivered,Vehicles,196.05,255.48,27250.37,148780.09
SHP000733,CUST000049,Shanghai Port,Los Angeles Port,2022-09-19,2022-05-22,Delayed,Vehicles,27.41,338.07,75619.42,14906.07
SHP000734,CUST002889,Hamburg Port,Dubai Port,2024-08-27,2024-12-27,Delivered,Oil,112.71,321.17,96001.35,54074.12
SHP000735,CUST001476,Hamburg Port,Dubai Port,2024-02-19,2024-04-29,Delivered,Textiles,5.86,28.37,120434.44,33490.07
SHP000736,CUST000157,Singapore Port,Shanghai Port,2024-10-04,2024-06-18,Delayed,Vehicles,46.59,360.76,139071.24,65190.25
SHP000737,CUST001856,Rotterdam Port,Dubai Port,2024-03-23,2024-06-09,In Transit,Food,105.56,358.55,12615.47,54996.48
SHP000738,CUST001292,Hamburg Port,Lagos Port,2022-08-30,2023-03-28,In Transit,Textiles,32.11,405.81,30594.95,121453.58
SHP000739,CUST001075,Durban Port,Durban Port,2023-07-22,2023-10-23,Delayed,Oil,164.79,398.35,19599.32,6731.45
SHP000740,CUST000941,Los Angeles Port,Lagos Port,2023-05-28,2024-11-28,Delivered,Food,19.69,297.24,60887.89,74398.84
SHP000741,CUST001021,Los Angeles Port,Lagos Port,2022-06-22,2024-11-27,In Transit,Food,125.77,65.74,144997.16,44350.99
SHP000742,CUST002851,Dubai Port,Durban Port,2022-05-29,2024-06-24,Delayed,Vehicles,123.37,396.76,45825.49,96356.37
SHP000743,CUST002121,Durban Port,Durban Port,2022-10-30,2024-04-12,Delivered,Oil,9.59,195.75,194967.42,92314.4
SHP000744,CUST001075,Los Angeles Port,Lagos Port,2024-08-04,2022-12-31,Delayed,Electronics,188.49,359.27,169491.51,148785.83
SHP000745,CUST000783,Shanghai Port,Durban Port,2022-03-05,2022-12-01,In Transit,Vehicles,184.53,63.53,116715.95,131123.16
SHP000746,CUST002879,Durban Port,Singapore Port,2023-05-28,2023-03-19,Delayed,Vehicles,146.85,286.07,65892.91,77489.36
SHP000747,CUST000205,Lagos Port,Hamburg Port,2023-04-22,2022-01-10,Delivered,Electronics,134.29,451.99,80494.01,90116.85
SHP000748,CUST002097,Los Angeles Port,Rotterdam Port,2024-06-21,2023-12-29,In Transit,Oil,78.95,176.49,103617.77,23588.65
SHP000749,CUST000001,Durban Port,Lagos Port,2024-01-18,2023-10-18,Delayed,Electronics,46.35,333.3,72906.23,53575.46
SHP000750,CUST001720,Singapore Port,Shanghai Port,2023-06-01,2022-06-08,In Transit,Food,46.16,225.16,108393.06,90222.34
SHP000751,CUST001044,Dubai Port,Los Angeles Port,2023-05-27,2024-01-20,In Transit,Oil,114.08,342.72,105308.92,61429.07
SHP000752,CUST002513,Singapore Port,Hamburg Port,2023-08-16,2023-09-26,Delayed,Electronics,110.45,76.62,120548.36,148198.19
SHP000753,CUST002619,Los Angeles Port,Lagos Port,2022-02-23,2022-12-27,In Transit,Textiles,181.58,284.83,176415.01,112132.75
SHP000754,CUST002487,Hamburg Port,Hamburg Port,2023-02-18,2024-04-29,Delivered,Food,17.37,84.35,198628.89,127320.1
SHP000755,CUST001222,Los Angeles Port,Shanghai Port,2023-11-20,2022-07-17,In Transit,Textiles,171.27,499.44,108071.84,110347.46
SHP000756,CUST001313,Lagos Port,Hamburg Port,2023-11-14,2022-02-27,In Transit,Oil,93.67,262.75,133877.35,130931.21
SHP000757,CUST002849,Lagos Port,Hamburg Port,2023-11-21,2024-04-13,Delayed,Food,152.53,43.43,7925.18,71134.16
SHP000758,CUST000324,Lagos Port,Shanghai Port,2022-06-13,2022-04-28,In Transit,Oil,175.72,455.22,135068.2,134812.85
SHP000759,CUST000810,Shanghai Port,Durban Port,2022-06-23,2024-10-11,Delivered,Electronics,178.87,406.94,184178.12,21313.71
SHP000760,CUST000231,Shanghai Port,Durban Port,2023-09-24,2024-09-18,Delivered,Vehicles,154.04,41.88,73158.06,23054.09
SHP000761,CUST002992,Los Angeles Port,Rotterdam Port,2022-01-17,2023-11-03,Delivered,Food,144.95,275.48,69004.16,119360.44
SHP000762,CUST001337,Dubai Port,Durban Port,2022-10-01,2023-12-06,Delivered,Textiles,172.11,81.14,27317.14,20194.5
SHP000763,CUST001815,Lagos Port,Singapore Port,2024-12-19,2022-01-01,Delayed,Oil,46.53,89.95,87866.23,139058.5
SHP000764,CUST000133,Rotterdam Port,Durban Port,2022-08-27,2024-09-07,Delayed,Oil,95.51,113.06,170219.49,117058.74
SHP000765,CUST002975,Dubai Port,Rotterdam Port,2023-08-28,2023-12-01,Delayed,Oil,50.24,54.86,186633.87,94535.53
SHP000766,CUST000562,Rotterdam Port,Hamburg Port,2022-08-16,2023-10-13,In Transit,Food,67.16,396.15,73148.29,117605.67
SHP000767,CUST002785,Los Angeles Port,Rotterdam Port,2023-04-09,2023-02-12,Delivered,Vehicles,30.72,284.41,89894.08,84823.6
SHP000768,CUST001665,Singapore Port,Rotterdam Port,2024-06-23,2023-12-01,Delayed,Textiles,198.39,201.48,134539.38,65616.65
SHP000769,CUST002727,Dubai Port,Los Angeles Port,2023-12-19,2024-09-22,In Transit,Electronics,8.14,380.68,155542.55,131506.79
SHP000770,CUST000318,Singapore Port,Hamburg Port,2022-07-04,2023-03-29,In Transit,Electronics,57.0,351.75,105291.54,95263.25
SHP000771,CUST002638,Rotterdam Port,Dubai Port,2024-07-17,2024-01-13,Delayed,Food,51.02,89.28,33328.62,52272.36
SHP000772,CUST000841,Rotterdam Port,Singapore Port,2023-02-15,2024-05-20,In Transit,Oil,110.6,343.07,145509.12,54146.07
SHP000773,CUST001784,Durban Port,Singapore Port,2022-09-19,2023-08-21,Delayed,Electronics,14.05,47.09,23010.46,147240.78
SHP000774,CUST001983,Singapore Port,Lagos Port,2022-05-31,2024-12-17,Delivered,Oil,46.89,205.91,175216.15,38537.04
SHP000775,CUST002040,Dubai Port,Hamburg Port,2023-11-01,2024-06-01,Delayed,Oil,198.3,277.1,83722.99,141138.19
SHP000776,CUST002233,Hamburg Port,Shanghai Port,2023-12-02,2022-12-15,Delivered,Oil,194.08,342.81,108987.45,82124.95
SHP000777,CUST002189,Singapore Port,Rotterdam Port,2022-04-14,2024-04-05,Delayed,Oil,7.29,233.85,17068.8,50513.5
SHP000778,CUST001813,Singapore Port,Singapore Port,2023-02-16,2022-03-27,Delayed,Vehicles,97.87,425.86,11807.92,87946.74
SHP000779,CUST001045,Lagos Port,Rotterdam Port,2024-06-02,2024-04-12,Delayed,Food,116.68,173.91,100299.87,113430.25
SHP000780,CUST002371,Hamburg Port,Durban Port,2022-03-28,2023-03-06,In Transit,Electronics,45.27,107.76,146070.76,70981.9
SHP000781,CUST002358,Lagos Port,Shanghai Port,2022-08-04,2023-06-22,In Transit,Oil,182.01,444.96,35427.34,130664.1
SHP000782,CUST000741,Durban Port,Singapore Port,2022-05-11,2024-07-31,Delivered,Vehicles,168.64,245.77,125483.54,71220.36
SHP000783,CUST000891,Shanghai Port,Durban Port,2024-11-29,2022-06-06,In Transit,Electronics,102.7,195.82,152782.62,134038.08
SHP000784,CUST001569,Shanghai Port,Lagos Port,2024-05-16,2023-08-01,In Transit,Food,155.43,453.37,116201.24,144550.32
SHP000785,CUST002077,Lagos Port,Lagos Port,2024-05-06,2022-10-16,Delayed,Food,12.11,164.94,92373.18,60467.41
SHP000786,CUST000933,Rotterdam Port,Hamburg Port,2022-06-13,2024-04-14,Delayed,Vehicles,111.39,21.42,95260.37,91598.34
SHP000787,CUST001746,Rotterdam Port,Rotterdam Port,2024-01-26,2023-12-24,Delivered,Electronics,155.0,433.16,66439.9,43074.65
SHP000788,CUST002058,Shanghai Port,Hamburg Port,2022-01-21,2024-02-27,In Transit,Electronics,47.96,316.95,131433.59,100878.96
SHP000789,CUST002062,Rotterdam Port,Durban Port,2022-12-23,2022-02-20,Delivered,Oil,44.85,480.52,95565.27,50731.48
SHP000790,CUST002791,Shanghai Port,Durban Port,2024-09-24,2023-06-07,Delivered,Oil,96.87,11.63,189781.79,45139.92
SHP000791,CUST001998,Rotterdam Port,Los Angeles Port,2024-01-28,2024-05-11,Delivered,Food,185.05,465.5,42294.9,48914.65
SHP000792,CUST001205,Rotterdam Port,Lagos Port,2024-03-27,2023-07-08,Delivered,Electronics,172.19,192.44,95948.78,38493.47
SHP000793,CUST000593,Hamburg Port,Lagos Port,2023-10-21,2023-12-14,Delayed,Electronics,114.8,139.87,125357.87,130436.63
SHP000794,CUST001746,Rotterdam Port,Rotterdam Port,2022-07-24,2023-04-29,In Transit,Food,21.2,53.33,42664.29,24150.89
SHP000795,CUST001536,Hamburg Port,Durban Port,2024-06-17,2023-06-20,Delivered,Vehicles,158.21,461.48,45721.42,81520.25
SHP000796,CUST002095,Rotterdam Port,Hamburg Port,2023-10-21,2023-04-05,Delivered,Oil,27.97,429.5,142789.26,35021.96
SHP000797,CUST001707,Los Angeles Port,Los Angeles Port,2024-12-17,2024-05-04,Delayed,Oil,82.36,80.14,55493.42,87447.44
SHP000798,CUST000229,Hamburg Port,Hamburg Port,2022-07-19,2023-10-22,Delayed,Textiles,188.27,335.29,37885.87,140495.53
SHP000799,CUST001170,Los Angeles Port,Los Angeles Port,2022-09-21,2024-10-06,Delayed,Vehicles,44.15,256.91,184979.61,127827.0
SHP000800,CUST001308,Los Angeles Port,Durban Port,2022-06-25,2022-10-24,In Transit,Oil,61.28,252.39,99780.85,6556.18
SHP000801,CUST000468,Los Angeles Port,Lagos Port,2024-11-04,2023-07-05,Delayed,Oil,21.85,472.24,176771.81,148657.28
SHP000802,CUST002134,Rotterdam Port,Durban Port,2024-03-02,2024-10-01,Delayed,Vehicles,166.95,227.19,41638.32,64176.56
SHP000803,CUST001854,Hamburg Port,Hamburg Port,2022-09-02,2022-06-17,Delivered,Textiles,26.93,317.23,69795.03,55294.47
SHP000804,CUST001909,Durban Port,Singapore Port,2024-01-11,2024-01-25,Delayed,Electronics,145.92,389.43,158540.8,25840.74
SHP000805,CUST001898,Lagos Port,Shanghai Port,2023-08-20,2023-06-30,Delivered,Oil,103.74,460.39,95365.5,104387.35
SHP000806,CUST000483,Shanghai Port,Shanghai Port,2023-10-21,2023-04-13,Delayed,Vehicles,129.6,396.4,171483.63,16756.25
SHP000807,CUST000959,Rotterdam Port,Dubai Port,2024-05-27,2024-07-09,Delivered,Food,195.21,135.77,38236.96,6608.84
SHP000808,CUST001377,Hamburg Port,Shanghai Port,2022-06-14,2023-12-05,Delivered,Electronics,127.1,109.04,86148.99,14369.77
SHP000809,CUST002248,Dubai Port,Lagos Port,2024-08-12,2023-06-25,Delayed,Vehicles,143.43,132.77,48122.04,4852.57
SHP000810,CUST002135,Rotterdam Port,Rotterdam Port,2024-01-19,2022-05-31,In Transit,Oil,50.52,277.89,166820.12,108397.44
SHP000811,CUST002220,Dubai Port,Rotterdam Port,2024-06-29,2024-04-10,Delayed,Vehicles,43.37,421.9,153320.42,81647.53
SHP000812,CUST001456,Durban Port,Durban Port,2023-11-02,2024-07-21,Delivered,Vehicles,29.69,211.77,116938.89,109373.68
SHP000813,CUST002177,Hamburg Port,Shanghai Port,2022-01-17,2024-03-23,Delayed,Electronics,8.06,125.97,166304.62,11256.88
SHP000814,CUST002580,Durban Port,Lagos Port,2024-06-18,2022-11-18,In Transit,Food,29.15,276.72,90694.6,66991.02
SHP000815,CUST002341,Lagos Port,Hamburg Port,2024-07-15,2024-09-13,Delayed,Vehicles,133.9,85.02,138577.1,103031.87
SHP000816,CUST000881,Dubai Port,Durban Port,2022-01-10,2024-09-26,In Transit,Vehicles,187.57,106.77,173300.28,109027.62
SHP000817,CUST002425,Rotterdam Port,Dubai Port,2023-10-12,2022-04-29,In Transit,Textiles,137.31,347.6,131494.07,109835.8
SHP000818,CUST001268,Hamburg Port,Los Angeles Port,2024-02-06,2024-03-31,Delayed,Electronics,61.41,415.58,7642.77,78950.77
SHP000819,CUST002138,Durban Port,Hamburg Port,2024-02-02,2022-06-22,Delayed,Oil,125.56,239.11,125153.85,32481.43
SHP000820,CUST001119,Rotterdam Port,Los Angeles Port,2022-05-24,2022-10-25,Delayed,Food,11.46,476.21,162965.87,10944.41
SHP000821,CUST001515,Los Angeles Port,Singapore Port,2023-01-17,2023-06-04,Delayed,Oil,187.81,16.0,21601.92,145076.81
SHP000822,CUST000025,Lagos Port,Singapore Port,2022-03-23,2024-04-22,Delayed,Electronics,50.79,334.77,196980.63,137816.83
SHP000823,CUST002869,Los Angeles Port,Rotterdam Port,2023-07-15,2024-02-17,In Transit,Vehicles,174.1,305.49,37029.45,62676.73
SHP000824,CUST000515,Durban Port,Singapore Port,2024-10-02,2024-11-07,Delayed,Electronics,89.83,278.95,96734.08,93093.22
SHP000825,CUST000752,Dubai Port,Dubai Port,2024-01-26,2024-02-06,In Transit,Electronics,188.07,447.17,32414.05,95092.71
SHP000826,CUST002432,Los Angeles Port,Singapore Port,2022-01-04,2024-08-20,Delayed,Oil,164.25,443.97,11035.35,84678.73
SHP000827,CUST001433,Durban Port,Dubai Port,2022-12-01,2023-09-10,In Transit,Textiles,182.09,140.59,23684.93,18430.82
SHP000828,CUST002572,Rotterdam Port,Los Angeles Port,2024-07-05,2024-06-12,Delivered,Electronics,34.01,178.72,69851.08,24587.58
SHP000829,CUST002769,Shanghai Port,Durban Port,2023-11-26,2022-01-27,Delivered,Textiles,148.08,448.3,16403.18,72616.48
SHP000830,CUST001928,Rotterdam Port,Lagos Port,2024-04-03,2022-06-27,Delivered,Oil,109.84,12.36,145517.68,145827.93
SHP000831,CUST001138,Singapore Port,Los Angeles Port,2022-02-11,2023-02-08,In Transit,Textiles,113.11,25.93,96866.4,130561.45
SHP000832,CUST000777,Los Angeles Port,Lagos Port,2022-03-10,2022-04-28,Delayed,Food,157.88,190.86,26418.91,126800.18
SHP000833,CUST000093,Hamburg Port,Hamburg Port,2022-01-01,2022-05-11,Delivered,Vehicles,183.57,192.53,149980.51,126636.95
SHP000834,CUST002110,Singapore Port,Shanghai Port,2024-08-03,2023-05-25,In Transit,Vehicles,156.49,370.89,198939.24,30832.58
SHP000835,CUST000198,Lagos Port,Hamburg Port,2022-11-11,2023-03-08,In Transit,Food,134.87,204.04,157590.41,100214.7
SHP000836,CUST000519,Dubai Port,Los Angeles Port,2023-04-26,2022-07-08,In Transit,Vehicles,5.98,29.58,120818.17,110517.04
SHP000837,CUST001030,Shanghai Port,Lagos Port,2024-09-01,2022-11-21,Delayed,Food,108.6,174.12,40034.14,94932.06
SHP000838,CUST000604,Lagos Port,Los Angeles Port,2024-08-12,2022-09-15,Delivered,Food,58.62,411.63,48171.23,106152.04
SHP000839,CUST001596,Hamburg Port,Lagos Port,2024-08-23,2024-03-07,Delayed,Oil,164.05,151.01,175270.51,79738.67
SHP000840,CUST000507,Los Angeles Port,Shanghai Port,2024-11-13,2024-12-20,Delayed,Electronics,114.7,246.36,137067.8,132726.87
SHP000841,CUST000238,Durban Port,Rotterdam Port,2024-11-02,2023-02-03,In Transit,Vehicles,24.3,36.43,121094.29,24067.9
SHP000842,CUST002486,Lagos Port,Durban Port,2024-12-19,2024-12-17,In Transit,Electronics,171.16,306.98,9110.66,6670.81
SHP000843,CUST001970,Lagos Port,Durban Port,2024-06-26,2024-04-21,In Transit,Food,73.62,257.89,101158.85,92893.52
SHP000844,CUST001119,Hamburg Port,Dubai Port,2024-11-10,2024-05-07,Delayed,Electronics,191.7,248.64,82876.93,129956.55
SHP000845,CUST002514,Hamburg Port,Los Angeles Port,2023-10-17,2022-11-29,Delayed,Electronics,131.2,144.94,101788.35,108548.45
SHP000846,CUST002833,Dubai Port,Singapore Port,2022-08-21,2023-07-16,Delayed,Vehicles,32.44,425.37,75168.82,36120.89
SHP000847,CUST002840,Singapore Port,Lagos Port,2023-02-24,2024-04-19,Delayed,Food,24.16,487.01,28910.28,49565.5
SHP000848,CUST001645,Durban Port,Hamburg Port,2022-12-31,2022-04-07,Delivered,Food,73.8,174.19,111922.23,94444.41
SHP000849,CUST001417,Lagos Port,Los Angeles Port,2023-03-09,2023-03-16,Delivered,Vehicles,12.72,380.69,118587.64,133493.71
SHP000850,CUST002632,Singapore Port,Rotterdam Port,2023-01-25,2022-04-13,Delivered,Textiles,79.45,439.08,78098.06,72275.68
SHP000851,CUST001500,Singapore Port,Rotterdam Port,2022-10-02,2024-01-04,Delivered,Textiles,87.28,467.87,36954.52,9928.02
SHP000852,CUST000816,Shanghai Port,Singapore Port,2024-06-15,2023-07-11,Delivered,Textiles,169.35,14.35,51361.37,33719.45
SHP000853,CUST001090,Rotterdam Port,Lagos Port,2022-07-07,2022-05-27,In Transit,Electronics,95.73,290.58,197461.34,18056.16
SHP000854,CUST000325,Rotterdam Port,Dubai Port,2024-07-25,2023-05-07,Delayed,Electronics,160.03,53.46,77219.09,147235.63
SHP000855,CUST002427,Hamburg Port,Los Angeles Port,2023-02-12,2023-11-03,In Transit,Vehicles,93.45,467.2,174591.0,92808.57
SHP000856,CUST001484,Durban Port,Hamburg Port,2023-07-12,2022-10-16,Delayed,Textiles,182.09,257.7,26163.24,71364.68
SHP000857,CUST001478,Shanghai Port,Dubai Port,2022-05-18,2023-08-28,In Transit,Vehicles,47.7,27.61,139916.64,84419.41
SHP000858,CUST000966,Rotterdam Port,Hamburg Port,2024-04-22,2024-05-01,Delivered,Food,159.2,471.75,72727.75,72542.33
SHP000859,CUST001799,Shanghai Port,Durban Port,2024-09-24,2024-03-16,Delayed,Textiles,41.34,64.49,198404.66,15650.44
SHP000860,CUST002683,Singapore Port,Lagos Port,2022-12-13,2023-03-07,Delivered,Food,51.46,365.22,161750.5,138918.99
SHP000861,CUST002196,Durban Port,Dubai Port,2022-01-19,2024-05-13,Delayed,Oil,176.36,430.23,28572.26,54826.64
SHP000862,CUST001876,Rotterdam Port,Hamburg Port,2022-02-24,2022-03-15,Delayed,Oil,53.6,409.09,107679.22,105265.69
SHP000863,CUST000523,Singapore Port,Los Angeles Port,2022-11-01,2024-04-02,Delivered,Food,78.94,447.23,41782.97,49951.21
SHP000864,CUST002476,Dubai Port,Durban Port,2024-07-16,2024-06-19,Delayed,Food,123.42,302.88,157671.56,62961.47
SHP000865,CUST000591,Rotterdam Port,Lagos Port,2023-06-24,2023-09-21,Delivered,Food,50.42,446.03,11697.0,90427.81
SHP000866,CUST002801,Rotterdam Port,Rotterdam Port,2022-09-19,2024-10-15,Delivered,Vehicles,36.89,161.67,7113.96,112130.34
SHP000867,CUST000482,Singapore Port,Durban Port,2023-04-28,2022-04-23,Delayed,Oil,44.05,179.47,70565.87,21878.54
SHP000868,CUST000011,Dubai Port,Durban Port,2023-02-13,2023-10-07,Delivered,Food,169.06,276.98,9540.81,20819.81
SHP000869,CUST000117,Rotterdam Port,Rotterdam Port,2023-12-15,2022-04-22,Delivered,Oil,149.4,106.9,169668.6,132182.88
SHP000870,CUST001728,Durban Port,Singapore Port,2024-05-14,2024-01-28,Delayed,Oil,89.8,192.27,179961.27,111407.28
SHP000871,CUST002590,Durban Port,Hamburg Port,2024-06-27,2023-01-10,In Transit,Food,83.86,40.54,73835.95,41398.32
SHP000872,CUST002649,Dubai Port,Shanghai Port,2023-05-19,2022-09-28,Delayed,Oil,98.65,172.81,45988.57,86500.21
SHP000873,CUST000247,Hamburg Port,Hamburg Port,2024-04-30,2023-09-11,Delayed,Electronics,21.79,383.16,30823.89,97406.16
SHP000874,CUST001904,Rotterdam Port,Singapore Port,2024-12-17,2024-08-27,In Transit,Oil,63.32,11.22,174726.21,32182.9
SHP000875,CUST000056,Shanghai Port,Rotterdam Port,2022-01-06,2022-12-10,In Transit,Electronics,149.94,371.43,21297.63,123120.41
SHP000876,CUST002825,Los Angeles Port,Singapore Port,2023-02-24,2022-04-15,Delayed,Oil,19.56,370.22,79877.43,29289.65
SHP000877,CUST000465,Durban Port,Singapore Port,2023-05-16,2023-01-29,Delivered,Textiles,117.73,339.08,19357.21,32754.7
SHP000878,CUST000969,Dubai Port,Shanghai Port,2022-11-09,2023-07-29,In Transit,Food,97.91,478.32,17357.19,46736.07
SHP000879,CUST000435,Dubai Port,Los Angeles Port,2022-04-23,2023-12-21,In Transit,Food,106.02,388.45,47985.63,95207.98
SHP000880,CUST001799,Rotterdam Port,Hamburg Port,2023-09-09,2023-05-20,In Transit,Electronics,72.33,107.86,37181.29,77694.45
SHP000881,CUST000080,Rotterdam Port,Durban Port,2024-01-03,2023-10-06,Delayed,Oil,77.84,426.95,146437.08,52384.48
SHP000882,CUST000026,Los Angeles Port,Dubai Port,2024-04-15,2024-12-20,Delayed,Oil,30.87,491.03,113855.87,136077.46
SHP000883,CUST001022,Lagos Port,Hamburg Port,2022-11-19,2022-11-11,Delivered,Oil,186.95,489.67,143008.21,98567.09
SHP000884,CUST002545,Lagos Port,Singapore Port,2022-08-06,2023-04-13,In Transit,Textiles,47.19,194.61,87537.39,70346.76
SHP000885,CUST000159,Los Angeles Port,Durban Port,2023-11-24,2024-06-01,In Transit,Textiles,117.94,386.38,87302.39,65904.61
SHP000886,CUST000310,Rotterdam Port,Los Angeles Port,2024-09-07,2023-08-14,In Transit,Electronics,6.74,183.08,126683.87,9709.06
SHP000887,CUST000649,Singapore Port,Dubai Port,2023-11-15,2022-10-26,Delivered,Electronics,113.2,341.35,181830.97,103133.42
SHP000888,CUST002550,Rotterdam Port,Shanghai Port,2024-02-04,2023-09-28,Delayed,Textiles,63.98,76.76,188183.07,81375.61
SHP000889,CUST000138,Singapore Port,Durban Port,2024-08-17,2024-01-28,In Transit,Oil,157.12,459.33,12300.12,149051.61
SHP000890,CUST001319,Shanghai Port,Durban Port,2024-09-03,2023-11-18,In Transit,Oil,179.94,248.67,68831.06,4087.53
SHP000891,CUST002109,Rotterdam Port,Lagos Port,2023-10-06,2024-10-09,Delayed,Food,139.44,169.9,36791.74,74792.91
SHP000892,CUST001094,Durban Port,Shanghai Port,2023-08-13,2023-03-24,In Transit,Vehicles,147.71,105.53,16951.66,28619.55
SHP000893,CUST001074,Rotterdam Port,Hamburg Port,2023-09-19,2024-06-06,Delivered,Food,176.18,353.4,148015.78,119198.22
SHP000894,CUST002500,Los Angeles Port,Lagos Port,2022-01-14,2024-09-18,In Transit,Vehicles,51.53,490.17,176394.01,25470.41
SHP000895,CUST001999,Singapore Port,Lagos Port,2022-12-29,2024-12-11,Delivered,Oil,124.85,425.84,111387.6,7834.7
SHP000896,CUST001869,Los Angeles Port,Los Angeles Port,2022-07-01,2024-05-12,Delivered,Electronics,198.19,319.32,69366.46,16953.95
SHP000897,CUST002403,Singapore Port,Rotterdam Port,2024-02-10,2022-09-11,In Transit,Oil,117.96,261.16,89530.56,99880.63
SHP000898,CUST002396,Lagos Port,Dubai Port,2022-09-09,2022-07-14,Delivered,Food,73.25,90.99,61377.2,80436.82
SHP000899,CUST000163,Dubai Port,Los Angeles Port,2022-03-28,2022-07-19,Delayed,Vehicles,130.03,444.12,170020.61,25940.03
SHP000900,CUST002447,Lagos Port,Lagos Port,2024-01-22,2023-06-03,Delivered,Oil,118.27,73.03,80528.3,144512.04
SHP000901,CUST002731,Dubai Port,Los Angeles Port,2024-08-20,2024-04-01,Delayed,Food,30.64,316.95,78481.38,141988.09
SHP000902,CUST002610,Dubai Port,Durban Port,2022-03-31,2024-08-07,Delayed,Vehicles,8.48,175.96,22316.8,64055.93
SHP000903,CUST001341,Dubai Port,Los Angeles Port,2024-06-10,2022-09-28,Delayed,Oil,168.34,356.04,119485.55,94971.5
SHP000904,CUST000446,Singapore Port,Shanghai Port,2022-09-10,2024-10-28,Delivered,Electronics,101.28,39.9,83704.6,109586.71
SHP000905,CUST002889,Dubai Port,Lagos Port,2023-02-27,2022-08-30,Delayed,Food,184.67,495.59,133411.37,129876.1
SHP000906,CUST000772,Durban Port,Singapore Port,2024-05-27,2023-04-08,In Transit,Textiles,26.77,238.0,182352.6,73610.26
SHP000907,CUST002016,Los Angeles Port,Durban Port,2023-07-10,2024-07-09,In Transit,Food,68.23,35.24,172584.8,95090.49
SHP000908,CUST000476,Los Angeles Port,Hamburg Port,2022-09-19,2022-04-23,In Transit,Electronics,149.97,406.93,113736.35,111995.2
SHP000909,CUST000554,Hamburg Port,Dubai Port,2023-10-15,2024-08-10,Delivered,Textiles,61.72,113.07,114483.69,11160.58
SHP000910,CUST000786,Hamburg Port,Durban Port,2022-07-12,2022-03-14,Delivered,Textiles,117.76,458.25,91702.77,113681.39
SHP000911,CUST002633,Dubai Port,Los Angeles Port,2024-02-09,2023-01-02,Delivered,Food,14.67,108.8,104001.73,93966.76
SHP000912,CUST002951,Hamburg Port,Durban Port,2023-02-18,2022-02-08,In Transit,Vehicles,111.95,162.21,138238.34,72947.41
SHP000913,CUST001182,Durban Port,Dubai Port,2024-05-31,2022-07-10,In Transit,Textiles,107.12,130.89,152014.92,89377.27
SHP000914,CUST002566,Los Angeles Port,Dubai Port,2024-10-19,2024-09-07,Delayed,Electronics,134.37,77.08,59466.04,26273.6
SHP000915,CUST002490,Rotterdam Port,Dubai Port,2023-07-27,2023-02-28,Delayed,Electronics,63.85,254.92,132161.92,57692.41
SHP000916,CUST002785,Shanghai Port,Shanghai Port,2023-03-04,2022-12-17,Delayed,Electronics,135.38,234.39,41462.01,44393.25
SHP000917,CUST002315,Hamburg Port,Singapore Port,2022-12-18,2023-01-17,Delayed,Food,39.47,258.27,194963.78,78368.52
SHP000918,CUST002377,Durban Port,Rotterdam Port,2022-01-27,2022-02-13,Delivered,Food,101.21,455.47,26887.0,125474.24
SHP000919,CUST002759,Singapore Port,Hamburg Port,2024-03-21,2023-05-02,Delivered,Textiles,142.73,351.42,39650.28,17410.87
SHP000920,CUST001052,Hamburg Port,Singapore Port,2024-07-22,2024-05-17,Delayed,Textiles,164.45,384.86,28411.83,108145.5
SHP000921,CUST002917,Singapore Port,Singapore Port,2022-01-31,2023-05-21,Delivered,Electronics,48.18,121.01,121805.08,41255.14
SHP000922,CUST000893,Los Angeles Port,Rotterdam Port,2022-04-12,2022-10-13,Delivered,Oil,36.26,457.14,11953.15,129642.19
SHP000923,CUST002111,Dubai Port,Durban Port,2024-08-23,2024-01-03,In Transit,Oil,155.94,49.04,33863.71,85267.49
SHP000924,CUST001675,Singapore Port,Hamburg Port,2023-10-05,2022-11-02,Delayed,Electronics,55.57,399.91,25613.69,4864.41
SHP000925,CUST001022,Dubai Port,Lagos Port,2022-08-28,2022-08-31,Delayed,Food,110.01,149.92,90096.7,78476.65
SHP000926,CUST001956,Durban Port,Singapore Port,2023-03-05,2023-07-03,Delayed,Electronics,152.76,114.16,18592.76,14391.99
SHP000927,CUST001865,Lagos Port,Hamburg Port,2023-07-21,2024-04-23,In Transit,Food,47.76,279.75,89421.48,13813.9
SHP000928,CUST001811,Hamburg Port,Hamburg Port,2024-02-16,2024-11-19,Delivered,Textiles,19.74,300.06,50233.73,87069.29
SHP000929,CUST000086,Los Angeles Port,Lagos Port,2024-08-24,2023-08-26,Delivered,Textiles,23.92,372.79,146357.82,28172.72
SHP000930,CUST000598,Lagos Port,Dubai Port,2024-08-27,2023-09-20,Delayed,Electronics,198.01,420.1,137179.03,58747.05
SHP000931,CUST001391,Rotterdam Port,Rotterdam Port,2024-05-12,2024-05-12,Delivered,Oil,198.36,361.74,130836.37,19478.91
SHP000932,CUST000299,Singapore Port,Singapore Port,2024-12-26,2022-05-07,Delivered,Food,79.84,44.93,76337.42,140961.04
SHP000933,CUST000167,Los Angeles Port,Singapore Port,2023-04-27,2022-06-01,Delivered,Oil,50.14,353.85,107868.88,44398.74
SHP000934,CUST001701,Hamburg Port,Shanghai Port,2022-10-08,2023-05-10,Delayed,Oil,174.95,109.82,91251.53,79793.5
SHP000935,CUST002060,Shanghai Port,Singapore Port,2024-08-20,2022-06-04,In Transit,Vehicles,136.48,31.16,43723.45,62169.71
SHP000936,CUST002283,Durban Port,Rotterdam Port,2022-03-21,2022-01-05,Delayed,Oil,53.75,408.85,46501.64,63019.4
SHP000937,CUST000063,Los Angeles Port,Rotterdam Port,2023-02-07,2024-04-12,In Transit,Textiles,119.16,220.66,27113.9,43422.84
SHP000938,CUST001386,Shanghai Port,Shanghai Port,2023-10-10,2024-08-25,Delivered,Vehicles,164.69,116.45,197541.72,118731.93
SHP000939,CUST001334,Lagos Port,Hamburg Port,2023-01-01,2024-10-01,Delayed,Vehicles,161.43,195.82,38981.81,60880.23
SHP000940,CUST000920,Shanghai Port,Rotterdam Port,2022-09-13,2023-09-21,Delayed,Food,175.51,120.63,146959.74,13142.61
SHP000941,CUST000035,Singapore Port,Shanghai Port,2022-10-03,2023-02-02,In Transit,Oil,181.56,107.05,109896.62,36187.41
SHP000942,CUST001637,Shanghai Port,Shanghai Port,2022-11-17,2024-10-28,Delayed,Food,119.65,422.16,191020.19,49109.03
SHP000943,CUST001942,Los Angeles Port,Lagos Port,2022-09-02,2024-10-25,Delivered,Electronics,144.78,108.24,19215.6,122466.51
SHP000944,CUST001552,Shanghai Port,Shanghai Port,2022-02-18,2024-08-11,In Transit,Textiles,152.77,313.6,25116.37,40996.2
SHP000945,CUST000259,Rotterdam Port,Singapore Port,2022-07-31,2024-07-15,In Transit,Food,81.56,359.75,129705.19,65705.77
SHP000946,CUST001001,Hamburg Port,Singapore Port,2024-02-28,2022-02-07,Delivered,Food,123.89,402.04,127610.75,141854.86
SHP000947,CUST002119,Durban Port,Los Angeles Port,2023-03-05,2024-03-24,Delivered,Vehicles,52.67,203.2,183422.97,96205.92
SHP000948,CUST002288,Hamburg Port,Los Angeles Port,2023-01-25,2024-02-15,In Transit,Oil,10.39,459.45,124481.35,43465.69
SHP000949,CUST001629,Shanghai Port,Durban Port,2022-02-08,2024-05-06,Delivered,Vehicles,33.01,388.73,141296.77,140491.34
SHP000950,CUST002665,Lagos Port,Dubai Port,2024-03-24,2024-08-08,Delivered,Oil,149.97,270.93,117093.88,10391.86
SHP000951,CUST001244,Hamburg Port,Rotterdam Port,2024-04-16,2024-03-21,Delivered,Food,17.06,62.34,67401.07,3750.78
SHP000952,CUST001974,Shanghai Port,Shanghai Port,2024-05-29,2023-02-11,In Transit,Textiles,64.39,226.83,70475.14,127639.94
SHP000953,CUST000709,Los Angeles Port,Shanghai Port,2023-06-29,2023-06-21,In Transit,Oil,113.19,274.55,152177.39,83927.95
SHP000954,CUST000055,Los Angeles Port,Rotterdam Port,2022-03-17,2024-08-04,Delayed,Food,130.37,346.35,14125.73,7613.74
SHP000955,CUST002335,Durban Port,Hamburg Port,2022-08-11,2023-07-04,Delivered,Electronics,118.37,175.9,14498.2,139705.33
SHP000956,CUST002215,Dubai Port,Hamburg Port,2022-06-19,2022-04-26,In Transit,Textiles,75.86,443.61,67314.29,76729.37
SHP000957,CUST000081,Durban Port,Los Angeles Port,2024-04-28,2024-08-27,Delivered,Electronics,162.68,443.25,153978.74,89895.07
SHP000958,CUST000644,Shanghai Port,Los Angeles Port,2024-07-21,2023-01-28,In Transit,Electronics,22.94,462.89,150486.48,63967.98
SHP000959,CUST002794,Rotterdam Port,Lagos Port,2022-01-10,2024-10-08,Delivered,Vehicles,7.58,388.33,82912.75,88187.46
SHP000960,CUST000885,Hamburg Port,Dubai Port,2024-04-17,2024-05-14,Delivered,Food,156.28,371.17,64088.9,91757.8
SHP000961,CUST001641,Dubai Port,Rotterdam Port,2023-06-15,2023-07-19,In Transit,Oil,46.51,137.92,143004.59,106855.0
SHP000962,CUST000038,Durban Port,Los Angeles Port,2022-04-19,2023-12-01,Delivered,Food,136.85,449.26,10674.31,93710.01
SHP000963,CUST002139,Durban Port,Durban Port,2023-07-01,2022-06-20,Delayed,Textiles,17.52,304.87,155777.71,95450.2
SHP000964,CUST000541,Rotterdam Port,Singapore Port,2022-08-14,2024-12-14,Delayed,Textiles,92.93,403.1,24198.52,81206.54
SHP000965,CUST002489,Singapore Port,Los Angeles Port,2024-05-04,2024-08-03,Delayed,Electronics,93.13,403.71,105071.83,68300.13
SHP000966,CUST002475,Shanghai Port,Los Angeles Port,2024-08-15,2024-05-21,Delivered,Electronics,147.07,454.13,9143.61,22526.42
SHP000967,CUST000714,Durban Port,Durban Port,2023-01-22,2024-06-29,In Transit,Vehicles,106.8,225.76,95080.55,81080.77
SHP000968,CUST000131,Hamburg Port,Dubai Port,2023-09-16,2022-05-14,Delayed,Oil,21.32,292.85,99575.85,97347.38
SHP000969,CUST000267,Lagos Port,Shanghai Port,2023-09-26,2024-03-22,Delayed,Oil,106.48,415.96,129707.51,20696.62
SHP000970,CUST002690,Los Angeles Port,Dubai Port,2023-11-13,2023-10-31,Delivered,Oil,172.89,119.35,173763.0,67366.0
SHP000971,CUST000611,Dubai Port,Los Angeles Port,2024-09-09,2024-05-20,In Transit,Food,158.05,226.62,148182.23,107944.38
SHP000972,CUST001532,Durban Port,Dubai Port,2023-06-21,2022-01-25,Delivered,Oil,52.5,205.4,72899.53,27269.28
SHP000973,CUST000853,Shanghai Port,Shanghai Port,2023-01-09,2024-02-05,Delivered,Vehicles,26.33,490.41,179542.66,110079.37
SHP000974,CUST001322,Singapore Port,Dubai Port,2024-07-05,2022-12-24,In Transit,Oil,163.03,464.14,196164.5,58087.55
SHP000975,CUST000854,Hamburg Port,Lagos Port,2023-08-20,2023-09-23,In Transit,Food,122.14,217.53,124312.54,115760.28
SHP000976,CUST001341,Los Angeles Port,Shanghai Port,2022-05-20,2022-12-01,Delayed,Textiles,111.89,339.26,116595.7,11948.99
SHP000977,CUST000472,Lagos Port,Los Angeles Port,2024-10-21,2024-01-31,Delivered,Oil,154.5,100.32,130514.44,71139.89
SHP000978,CUST002003,Singapore Port,Rotterdam Port,2022-04-23,2023-04-09,Delivered,Vehicles,111.97,295.87,87872.5,71914.22
SHP000979,CUST000663,Hamburg Port,Lagos Port,2023-10-01,2024-05-07,In Transit,Electronics,174.46,403.99,188254.25,35251.81
SHP000980,CUST002725,Shanghai Port,Singapore Port,2022-07-06,2023-06-04,In Transit,Vehicles,17.73,292.42,62435.41,96758.81
SHP000981,CUST001591,Singapore Port,Durban Port,2023-03-13,2024-12-02,Delayed,Textiles,45.38,438.08,134374.2,40900.93
SHP000982,CUST002890,Singapore Port,Lagos Port,2024-10-29,2022-09-17,Delayed,Food,59.32,251.73,196302.93,37565.32
SHP000983,CUST001846,Rotterdam Port,Shanghai Port,2023-10-12,2022-12-05,Delayed,Food,15.01,152.12,25204.6,149532.0
SHP000984,CUST000037,Singapore Port,Durban Port,2022-11-16,2022-01-13,Delayed,Food,159.7,200.2,151217.17,3786.75
SHP000985,CUST001177,Singapore Port,Dubai Port,2022-03-18,2024-07-21,Delayed,Food,160.09,121.95,15947.15,121383.95
SHP000986,CUST002404,Rotterdam Port,Dubai Port,2022-10-11,2024-11-19,Delayed,Textiles,66.21,409.25,37891.14,48994.3
SHP000987,CUST002556,Shanghai Port,Hamburg Port,2023-12-24,2023-05-14,Delayed,Vehicles,61.92,434.25,26812.01,18783.87
SHP000988,CUST001744,Los Angeles Port,Singapore Port,2022-12-09,2022-02-23,Delayed,Vehicles,158.7,247.9,99791.8,50649.55
SHP000989,CUST000733,Singapore Port,Durban Port,2023-01-19,2024-09-13,In Transit,Food,12.34,445.96,98815.94,108850.6
SHP000990,CUST000610,Lagos Port,Lagos Port,2024-11-10,2022-10-03,Delivered,Oil,77.32,454.86,6838.35,137140.53
SHP000991,CUST001602,Shanghai Port,Los Angeles Port,2022-06-26,2022-10-16,In Transit,Oil,37.53,208.61,149932.19,100338.55
SHP000992,CUST001278,Dubai Port,Dubai Port,2024-05-02,2023-11-17,In Transit,Food,10.44,268.28,121953.79,110099.49
SHP000993,CUST001604,Durban Port,Hamburg Port,2024-05-02,2022-10-13,Delivered,Textiles,5.73,48.66,33898.73,55785.46
SHP000994,CUST002745,Los Angeles Port,Lagos Port,2022-12-30,2022-06-08,Delivered,Textiles,31.33,467.33,110032.23,132933.84
SHP000995,CUST001836,Lagos Port,Dubai Port,2024-01-29,2023-09-09,In Transit,Textiles,61.69,112.29,133861.55,141091.24
SHP000996,CUST002074,Shanghai Port,Durban Port,2023-09-25,2022-11-19,Delivered,Electronics,188.31,465.87,72614.45,54527.8
SHP000997,CUST000760,Lagos Port,Durban Port,2023-01-24,2024-04-05,Delivered,Electronics,129.19,133.86,136064.24,134104.51
SHP000998,CUST002853,Singapore Port,Dubai Port,2022-09-20,2024-01-26,Delayed,Textiles,71.59,11.49,168680.78,87961.3
SHP000999,CUST002857,Lagos Port,Los Angeles Port,2022-06-17,2023-03-10,Delayed,Food,36.85,435.44,43430.8,30736.18
SHP001000,CUST001773,Rotterdam Port,Hamburg Port,2023-03-17,2024-03-05,In Transit,Oil,96.05,458.6,130903.76,67516.44
SHP001001,CUST000369,Los Angeles Port,Hamburg Port,2024-04-10,2023-04-01,Delivered,Electronics,175.53,41.15,142478.62,93237.42
SHP001002,CUST001137,Rotterdam Port,Hamburg Port,2022-07-16,2022-08-02,In Transit,Vehicles,194.23,321.43,99542.27,95415.89
SHP001003,CUST002231,Lagos Port,Lagos Port,2024-02-07,2022-06-09,Delayed,Oil,145.76,226.07,164725.34,59184.57
SHP001004,CUST001040,Durban Port,Durban Port,2022-02-07,2023-11-02,Delayed,Textiles,83.46,339.24,10857.72,55794.71
SHP001005,CUST000170,Dubai Port,Hamburg Port,2022-11-28,2023-04-02,In Transit,Vehicles,138.32,133.3,73722.97,121727.26
SHP001006,CUST001151,Lagos Port,Rotterdam Port,2022-08-21,2023-11-12,Delivered,Food,115.03,421.98,117267.72,70881.35
SHP001007,CUST001073,Lagos Port,Dubai Port,2024-08-29,2024-06-14,In Transit,Vehicles,58.13,272.51,150200.84,116173.79
SHP001008,CUST002998,Hamburg Port,Dubai Port,2022-10-19,2022-02-02,In Transit,Electronics,130.78,55.94,85303.97,133775.93
SHP001009,CUST002767,Hamburg Port,Los Angeles Port,2023-12-18,2023-07-11,Delivered,Food,139.3,404.08,165486.39,143285.93
SHP001010,CUST000204,Singapore Port,Hamburg Port,2023-07-19,2023-08-24,Delivered,Food,162.54,346.72,56993.46,74749.38
SHP001011,CUST001010,Dubai Port,Dubai Port,2024-08-25,2022-05-16,In Transit,Food,17.73,444.64,132081.19,136115.25
SHP001012,CUST002289,Hamburg Port,Durban Port,2022-11-16,2022-06-05,In Transit,Food,188.11,416.31,89486.33,116478.91
SHP001013,CUST002831,Durban Port,Hamburg Port,2024-10-07,2023-03-12,Delivered,Electronics,53.15,314.48,31457.96,141758.66
SHP001014,CUST002376,Rotterdam Port,Durban Port,2022-05-04,2023-03-29,In Transit,Food,61.74,263.02,72872.7,15314.46
SHP001015,CUST002657,Hamburg Port,Hamburg Port,2023-02-05,2024-10-21,Delivered,Textiles,185.4,371.5,128397.36,6041.9
SHP001016,CUST000038,Shanghai Port,Dubai Port,2024-01-07,2023-01-27,Delayed,Textiles,93.82,334.25,183309.25,22014.57
SHP001017,CUST001383,Rotterdam Port,Dubai Port,2022-10-18,2022-10-03,Delayed,Vehicles,160.57,261.72,102989.81,111155.7
SHP001018,CUST000902,Dubai Port,Shanghai Port,2023-03-16,2022-12-12,Delayed,Vehicles,109.67,157.02,131731.33,137133.94
SHP001019,CUST002464,Shanghai Port,Hamburg Port,2024-09-21,2024-04-29,In Transit,Food,187.58,239.18,72306.54,41412.06
SHP001020,CUST002600,Los Angeles Port,Durban Port,2022-08-16,2024-05-31,Delivered,Vehicles,112.06,110.0,104215.62,124119.21
SHP001021,CUST000147,Shanghai Port,Durban Port,2022-05-19,2022-04-29,In Transit,Textiles,14.27,492.43,73230.71,98816.24
SHP001022,CUST001385,Singapore Port,Hamburg Port,2024-07-07,2023-12-20,Delayed,Electronics,184.16,180.17,181321.88,107141.18
SHP001023,CUST000281,Shanghai Port,Hamburg Port,2024-12-02,2023-08-28,Delayed,Food,76.55,294.4,30293.38,15815.52
SHP001024,CUST001976,Hamburg Port,Durban Port,2024-06-01,2024-08-30,In Transit,Textiles,89.55,153.1,164628.5,96341.15
SHP001025,CUST001722,Hamburg Port,Los Angeles Port,2023-02-01,2022-10-04,In Transit,Vehicles,28.98,52.66,149064.42,141425.89
SHP001026,CUST002534,Los Angeles Port,Singapore Port,2024-02-06,2023-07-13,Delayed,Electronics,198.38,77.82,92463.51,119036.14
SHP001027,CUST002848,Singapore Port,Dubai Port,2022-06-11,2023-03-26,Delayed,Vehicles,49.28,400.74,160049.05,57759.09
SHP001028,CUST002767,Shanghai Port,Shanghai Port,2023-02-05,2022-06-16,Delivered,Textiles,116.32,224.03,11310.91,19894.95
SHP001029,CUST000453,Hamburg Port,Durban Port,2023-09-11,2022-11-10,Delayed,Textiles,12.95,161.14,73690.18,62044.13
SHP001030,CUST002730,Durban Port,Rotterdam Port,2023-02-07,2024-04-07,Delivered,Food,60.78,342.97,110793.41,25534.38
SHP001031,CUST001915,Durban Port,Dubai Port,2023-10-08,2022-12-28,Delivered,Electronics,96.58,62.65,67731.72,90514.23
SHP001032,CUST001147,Rotterdam Port,Rotterdam Port,2024-07-27,2022-02-13,In Transit,Oil,69.51,195.73,70073.22,13110.64
SHP001033,CUST002416,Durban Port,Durban Port,2024-12-09,2022-06-07,Delayed,Food,35.9,362.0,36639.92,120632.06
SHP001034,CUST000658,Los Angeles Port,Rotterdam Port,2022-11-02,2022-01-26,In Transit,Food,138.47,202.69,45851.47,81771.17
SHP001035,CUST002338,Dubai Port,Durban Port,2022-07-27,2024-10-17,Delivered,Vehicles,152.52,111.24,17047.6,69650.92
SHP001036,CUST000635,Durban Port,Dubai Port,2022-06-02,2022-04-19,Delayed,Oil,78.32,170.01,197963.03,138495.86
SHP001037,CUST002939,Shanghai Port,Dubai Port,2024-07-30,2023-09-10,Delayed,Textiles,130.48,46.38,34823.93,53417.12
SHP001038,CUST002440,Hamburg Port,Lagos Port,2024-04-26,2023-06-09,Delayed,Food,65.83,227.65,22476.11,88360.66
SHP001039,CUST001819,Singapore Port,Lagos Port,2024-10-12,2022-07-26,Delivered,Food,49.01,193.47,144791.52,91712.31
SHP001040,CUST002740,Shanghai Port,Lagos Port,2024-02-16,2024-02-10,In Transit,Textiles,155.0,251.2,155274.46,68465.04
SHP001041,CUST001759,Lagos Port,Singapore Port,2024-12-01,2022-10-10,In Transit,Oil,110.4,263.04,182601.64,88978.47
SHP001042,CUST000016,Durban Port,Durban Port,2022-06-22,2023-04-09,In Transit,Electronics,142.32,436.68,75258.25,137640.87
SHP001043,CUST002730,Singapore Port,Lagos Port,2023-12-11,2022-06-05,In Transit,Vehicles,157.01,180.01,192872.63,52585.41
SHP001044,CUST001850,Shanghai Port,Hamburg Port,2024-10-13,2023-02-19,In Transit,Vehicles,139.4,13.82,168954.64,22562.71
SHP001045,CUST002824,Lagos Port,Lagos Port,2024-03-13,2023-04-02,In Transit,Oil,90.41,493.1,173481.39,23147.94
SHP001046,CUST001411,Rotterdam Port,Los Angeles Port,2022-02-04,2024-11-25,In Transit,Food,180.87,199.09,45090.74,65256.03
SHP001047,CUST001859,Dubai Port,Durban Port,2022-12-01,2024-08-29,Delayed,Textiles,181.93,445.18,64890.57,46943.7
SHP001048,CUST002013,Singapore Port,Dubai Port,2024-12-28,2023-06-26,Delayed,Vehicles,113.29,400.92,86550.26,138970.7
SHP001049,CUST002097,Singapore Port,Los Angeles Port,2023-08-07,2022-06-01,In Transit,Vehicles,178.37,231.16,43433.58,79400.16
SHP001050,CUST002254,Dubai Port,Hamburg Port,2022-02-20,2024-08-25,Delivered,Textiles,79.26,170.76,62294.8,117315.62
SHP001051,CUST001968,Durban Port,Los Angeles Port,2024-07-30,2022-03-06,In Transit,Electronics,148.95,42.32,79859.75,21648.81
SHP001052,CUST000323,Dubai Port,Shanghai Port,2023-11-07,2023-11-21,In Transit,Oil,112.57,59.1,165958.83,30202.22
SHP001053,CUST002382,Durban Port,Durban Port,2022-09-23,2024-12-30,Delayed,Textiles,85.72,218.8,99644.29,34575.23
SHP001054,CUST002331,Shanghai Port,Rotterdam Port,2023-02-01,2023-01-11,Delivered,Oil,167.06,494.56,16909.54,62589.9
SHP001055,CUST000112,Rotterdam Port,Durban Port,2024-09-21,2023-10-14,Delivered,Electronics,151.44,20.45,17088.7,68617.53
SHP001056,CUST000306,Durban Port,Singapore Port,2022-07-13,2023-01-26,Delayed,Vehicles,87.36,11.18,97787.81,108561.28
SHP001057,CUST000071,Dubai Port,Dubai Port,2024-02-13,2024-06-26,Delivered,Textiles,19.26,358.13,110757.29,140595.0
SHP001058,CUST001893,Shanghai Port,Shanghai Port,2023-04-23,2023-10-27,Delayed,Food,41.87,321.95,82698.14,133054.32
SHP001059,CUST001184,Singapore Port,Dubai Port,2022-11-17,2022-09-27,Delivered,Vehicles,31.64,374.04,154692.62,85363.04
SHP001060,CUST001375,Los Angeles Port,Dubai Port,2024-06-14,2024-06-06,In Transit,Oil,150.63,435.18,129165.1,135553.78
SHP001061,CUST002765,Singapore Port,Shanghai Port,2023-12-28,2024-06-26,Delivered,Textiles,12.25,121.69,98986.75,88451.99
SHP001062,CUST001893,Dubai Port,Los Angeles Port,2023-03-01,2023-11-17,In Transit,Electronics,195.37,283.72,127891.37,63198.0
SHP001063,CUST002318,Singapore Port,Los Angeles Port,2024-07-11,2022-04-14,In Transit,Electronics,73.05,222.55,147068.36,100100.03
SHP001064,CUST000702,Dubai Port,Lagos Port,2022-11-26,2023-06-04,Delayed,Oil,16.77,476.34,178920.66,104596.91
SHP001065,CUST001479,Hamburg Port,Shanghai Port,2022-03-14,2023-11-23,Delayed,Oil,20.12,329.12,86547.03,118201.16
SHP001066,CUST001649,Singapore Port,Lagos Port,2022-03-27,2024-12-21,Delivered,Textiles,33.68,109.64,149959.1,63350.76
SHP001067,CUST001420,Hamburg Port,Los Angeles Port,2024-05-04,2022-06-14,In Transit,Textiles,19.86,381.45,149757.76,93860.65
SHP001068,CUST002043,Rotterdam Port,Shanghai Port,2023-02-26,2023-10-26,Delayed,Oil,65.46,451.27,178057.17,49317.23
SHP001069,CUST002701,Rotterdam Port,Rotterdam Port,2022-10-28,2024-08-19,In Transit,Vehicles,158.82,312.19,47406.76,78184.19
SHP001070,CUST001881,Rotterdam Port,Lagos Port,2022-07-31,2024-07-20,Delivered,Oil,65.19,205.48,187722.41,28264.65
SHP001071,CUST002292,Durban Port,Dubai Port,2024-07-29,2023-09-16,Delivered,Electronics,22.77,287.42,30578.6,105125.18
SHP001072,CUST002910,Hamburg Port,Rotterdam Port,2024-12-04,2024-11-03,In Transit,Vehicles,81.17,154.04,181037.83,15428.65
SHP001073,CUST002676,Hamburg Port,Rotterdam Port,2022-01-31,2022-10-26,Delayed,Textiles,16.93,32.13,184785.56,50078.23
SHP001074,CUST000632,Los Angeles Port,Hamburg Port,2023-10-24,2023-08-23,Delayed,Oil,53.96,15.25,114155.61,88912.44
SHP001075,CUST000379,Shanghai Port,Shanghai Port,2023-09-24,2024-11-12,Delayed,Vehicles,116.28,478.13,159514.04,135328.8
SHP001076,CUST002954,Lagos Port,Los Angeles Port,2024-11-24,2024-04-24,In Transit,Food,172.61,467.75,190144.49,58792.55
SHP001077,CUST002823,Shanghai Port,Shanghai Port,2023-02-27,2023-12-02,Delayed,Vehicles,195.7,277.63,14241.63,15915.91
SHP001078,CUST002069,Dubai Port,Singapore Port,2022-05-17,2023-03-23,In Transit,Oil,97.75,194.04,156123.13,34293.08
SHP001079,CUST001479,Shanghai Port,Lagos Port,2023-12-11,2024-05-30,Delayed,Vehicles,194.03,77.0,7252.15,47020.57
SHP001080,CUST002986,Shanghai Port,Durban Port,2022-12-06,2022-11-28,Delivered,Textiles,24.6,145.76,97079.11,48244.29
SHP001081,CUST000075,Hamburg Port,Hamburg Port,2024-06-09,2022-03-08,In Transit,Electronics,116.76,242.36,177981.79,72346.04
SHP001082,CUST002815,Dubai Port,Dubai Port,2023-10-15,2022-09-06,Delayed,Oil,99.44,295.31,185248.59,52475.11
SHP001083,CUST001186,Hamburg Port,Hamburg Port,2022-12-18,2022-09-04,In Transit,Oil,149.04,137.03,150186.9,8370.4
SHP001084,CUST002986,Los Angeles Port,Shanghai Port,2022-12-08,2024-05-18,Delayed,Food,121.49,114.48,65769.07,77661.89
SHP001085,CUST001148,Singapore Port,Los Angeles Port,2024-08-11,2024-05-08,In Transit,Vehicles,187.21,382.67,46096.48,102195.25
SHP001086,CUST000579,Hamburg Port,Singapore Port,2022-03-15,2024-10-20,In Transit,Electronics,189.5,237.54,56456.97,65672.81
SHP001087,CUST001650,Hamburg Port,Durban Port,2023-02-07,2022-10-06,Delayed,Food,120.48,296.59,126192.01,11773.78
SHP001088,CUST002067,Lagos Port,Shanghai Port,2024-03-25,2024-09-27,Delivered,Food,59.12,128.71,149279.1,137310.04
SHP001089,CUST002513,Rotterdam Port,Rotterdam Port,2023-08-25,2023-09-13,Delayed,Food,65.64,34.51,26682.5,119535.78
SHP001090,CUST001148,Dubai Port,Los Angeles Port,2023-01-22,2022-04-29,Delayed,Food,50.55,210.42,141137.08,68952.89
SHP001091,CUST002543,Durban Port,Los Angeles Port,2024-04-02,2024-03-24,Delivered,Vehicles,142.94,215.85,34940.76,94317.85
SHP001092,CUST001017,Singapore Port,Dubai Port,2022-08-02,2024-02-05,Delivered,Textiles,152.56,129.15,143321.5,132298.51
SHP001093,CUST000820,Rotterdam Port,Durban Port,2024-10-09,2023-06-24,Delivered,Textiles,26.92,170.83,160300.34,75447.98
SHP001094,CUST001358,Durban Port,Rotterdam Port,2024-02-15,2024-02-17,Delivered,Electronics,11.87,447.93,160918.3,10738.28
SHP001095,CUST001816,Rotterdam Port,Los Angeles Port,2024-10-14,2023-03-14,In Transit,Textiles,11.51,453.3,42189.06,57058.68
SHP001096,CUST000701,Rotterdam Port,Rotterdam Port,2024-01-23,2024-02-28,Delivered,Electronics,175.12,489.92,97922.99,72745.83
SHP001097,CUST001813,Singapore Port,Dubai Port,2022-11-13,2023-03-07,Delayed,Oil,79.89,312.03,56362.04,31918.95
SHP001098,CUST000881,Dubai Port,Shanghai Port,2023-05-24,2024-09-11,Delayed,Electronics,54.72,397.38,162840.36,3087.01
SHP001099,CUST001096,Shanghai Port,Los Angeles Port,2024-06-04,2023-12-01,In Transit,Electronics,133.03,277.68,116730.69,72579.33
SHP001100,CUST002184,Durban Port,Shanghai Port,2023-03-26,2023-03-02,Delayed,Textiles,61.57,34.91,76110.74,46328.63
SHP001101,CUST002879,Los Angeles Port,Rotterdam Port,2022-04-15,2024-06-07,Delayed,Vehicles,86.46,480.45,116913.35,40584.16
SHP001102,CUST001654,Hamburg Port,Singapore Port,2024-07-17,2023-07-10,Delivered,Vehicles,94.21,303.82,130018.4,118661.88
SHP001103,CUST002619,Lagos Port,Dubai Port,2023-07-17,2023-08-25,In Transit,Electronics,173.14,112.79,176490.36,107224.56
SHP001104,CUST000583,Los Angeles Port,Los Angeles Port,2022-08-05,2023-02-23,In Transit,Food,191.69,111.83,175655.7,92260.25
SHP001105,CUST001000,Dubai Port,Dubai Port,2022-09-17,2022-12-26,In Transit,Electronics,121.57,218.65,75119.9,13614.18
SHP001106,CUST000788,Los Angeles Port,Rotterdam Port,2022-09-10,2024-06-30,In Transit,Oil,149.99,390.05,102539.07,35641.26
SHP001107,CUST002719,Hamburg Port,Dubai Port,2023-05-19,2024-08-30,Delayed,Electronics,119.09,433.46,90111.55,133623.61
SHP001108,CUST002373,Shanghai Port,Dubai Port,2022-08-24,2022-03-09,Delayed,Vehicles,57.73,12.96,148764.79,51877.34
SHP001109,CUST001681,Rotterdam Port,Singapore Port,2024-10-31,2024-01-14,Delivered,Oil,141.38,311.56,110441.17,69575.06
SHP001110,CUST000952,Hamburg Port,Dubai Port,2024-02-03,2022-01-02,Delivered,Food,93.54,186.42,13835.99,39529.32
SHP001111,CUST000962,Lagos Port,Hamburg Port,2023-05-31,2024-09-26,In Transit,Electronics,45.52,111.59,151207.08,84988.27
SHP001112,CUST000019,Lagos Port,Lagos Port,2022-01-07,2022-02-06,Delivered,Oil,98.88,403.42,176680.52,69462.15
SHP001113,CUST000265,Hamburg Port,Rotterdam Port,2022-06-17,2024-11-15,Delayed,Food,56.06,316.73,126254.96,64766.88
SHP001114,CUST002669,Dubai Port,Durban Port,2024-07-23,2024-06-23,Delivered,Electronics,139.64,356.41,147120.16,16361.5
SHP001115,CUST001794,Durban Port,Los Angeles Port,2023-08-10,2024-02-04,Delayed,Food,171.86,150.84,38219.67,135590.53
SHP001116,CUST002982,Singapore Port,Lagos Port,2024-05-13,2023-03-24,Delivered,Oil,52.49,91.21,161648.01,43101.0
SHP001117,CUST000309,Lagos Port,Shanghai Port,2024-06-30,2022-08-12,Delivered,Oil,62.8,362.32,46805.15,145901.24
SHP001118,CUST000644,Singapore Port,Lagos Port,2022-10-19,2022-07-14,In Transit,Oil,13.24,37.41,139124.46,104565.46
SHP001119,CUST000575,Los Angeles Port,Singapore Port,2024-08-15,2024-10-14,Delivered,Electronics,107.14,482.33,96744.5,48899.66
SHP001120,CUST001520,Shanghai Port,Hamburg Port,2022-11-06,2023-02-04,In Transit,Electronics,111.09,32.02,26064.93,11246.57
SHP001121,CUST002120,Los Angeles Port,Shanghai Port,2022-06-13,2022-06-24,Delivered,Food,142.73,345.97,144802.62,12813.77
SHP001122,CUST002501,Dubai Port,Lagos Port,2023-08-06,2024-07-17,Delayed,Vehicles,58.91,356.69,123880.6,59721.12
SHP001123,CUST002467,Rotterdam Port,Lagos Port,2023-10-17,2022-04-17,Delivered,Oil,64.85,235.92,18875.19,66816.4
SHP001124,CUST002980,Lagos Port,Dubai Port,2024-04-10,2022-02-26,Delivered,Oil,141.13,83.82,15408.28,28822.95
SHP001125,CUST001258,Singapore Port,Durban Port,2022-06-14,2023-05-07,In Transit,Oil,93.4,154.37,179423.92,104250.65
SHP001126,CUST000237,Lagos Port,Singapore Port,2023-02-18,2022-07-30,Delayed,Food,165.81,161.34,59855.7,86053.6
SHP001127,CUST000881,Shanghai Port,Shanghai Port,2024-05-18,2024-05-07,Delayed,Food,193.23,180.41,79776.3,26122.47
SHP001128,CUST000884,Dubai Port,Durban Port,2023-06-21,2022-04-18,In Transit,Electronics,193.31,307.2,38795.9,123252.37
SHP001129,CUST002734,Singapore Port,Dubai Port,2024-11-01,2023-11-08,Delayed,Oil,197.58,428.55,165355.08,61956.28
SHP001130,CUST001341,Rotterdam Port,Dubai Port,2022-12-17,2023-01-24,Delivered,Electronics,142.83,271.0,92519.5,141705.11
SHP001131,CUST002082,Dubai Port,Shanghai Port,2022-12-19,2024-08-14,Delivered,Vehicles,93.12,293.11,80545.3,144981.89
SHP001132,CUST000680,Los Angeles Port,Singapore Port,2022-03-01,2024-05-07,Delivered,Textiles,63.15,279.55,122154.51,77500.8
SHP001133,CUST001995,Hamburg Port,Dubai Port,2023-09-22,2023-11-24,Delayed,Textiles,139.43,314.53,78008.73,61578.31
SHP001134,CUST001021,Rotterdam Port,Shanghai Port,2022-12-15,2024-12-14,Delivered,Food,125.38,355.95,15003.58,104668.04
SHP001135,CUST002060,Singapore Port,Durban Port,2023-01-11,2022-06-28,In Transit,Vehicles,61.99,434.52,68000.81,47922.62
SHP001136,CUST000736,Los Angeles Port,Rotterdam Port,2024-12-14,2022-01-12,In Transit,Electronics,36.24,141.4,179916.1,46049.25
SHP001137,CUST000851,Lagos Port,Durban Port,2023-06-28,2024-12-20,In Transit,Vehicles,124.71,179.82,193113.72,7470.33
SHP001138,CUST000250,Rotterdam Port,Lagos Port,2023-05-28,2024-11-30,Delayed,Oil,158.62,187.3,171139.0,87052.67
SHP001139,CUST002463,Durban Port,Singapore Port,2024-04-12,2022-01-05,Delivered,Vehicles,199.16,64.68,183814.35,13150.39
SHP001140,CUST002654,Lagos Port,Hamburg Port,2022-07-23,2023-10-15,Delivered,Food,56.47,256.28,125702.07,105827.79
SHP001141,CUST001359,Singapore Port,Shanghai Port,2023-01-15,2023-09-02,Delayed,Electronics,194.99,452.16,22966.37,92837.7
SHP001142,CUST001679,Durban Port,Shanghai Port,2024-08-17,2022-06-14,In Transit,Textiles,134.98,117.83,59075.64,84885.98
SHP001143,CUST000067,Singapore Port,Lagos Port,2023-12-18,2024-12-23,In Transit,Vehicles,49.7,371.15,25872.6,59968.23
SHP001144,CUST001519,Shanghai Port,Hamburg Port,2022-05-15,2022-11-28,Delayed,Textiles,85.4,65.0,63290.94,110839.23
SHP001145,CUST001723,Hamburg Port,Dubai Port,2023-12-23,2023-05-19,In Transit,Electronics,103.95,348.58,124869.44,89912.37
SHP001146,CUST000659,Lagos Port,Dubai Port,2022-03-19,2024-03-25,Delivered,Electronics,13.17,411.98,107471.57,35679.84
SHP001147,CUST002515,Lagos Port,Rotterdam Port,2024-11-23,2022-08-25,Delayed,Oil,115.79,31.51,140433.96,98120.45
SHP001148,CUST001601,Los Angeles Port,Singapore Port,2023-07-14,2023-02-12,Delivered,Oil,138.27,170.37,59592.65,17622.33
SHP001149,CUST002366,Rotterdam Port,Lagos Port,2024-09-11,2022-01-22,In Transit,Oil,157.55,419.06,145150.13,122533.99
SHP001150,CUST001734,Lagos Port,Lagos Port,2023-06-29,2023-03-25,Delayed,Textiles,60.69,252.23,156073.0,138749.83
SHP001151,CUST000668,Shanghai Port,Durban Port,2024-07-28,2022-01-17,Delivered,Electronics,20.06,312.29,152059.8,69903.05
SHP001152,CUST001063,Hamburg Port,Rotterdam Port,2022-08-16,2024-09-10,In Transit,Textiles,14.24,69.55,91587.62,149034.61
SHP001153,CUST001463,Singapore Port,Los Angeles Port,2024-03-10,2022-10-09,Delayed,Oil,44.64,456.48,36342.79,89592.97
SHP001154,CUST001317,Lagos Port,Lagos Port,2023-03-22,2023-03-24,In Transit,Food,132.09,315.59,46493.3,137136.77
SHP001155,CUST002546,Singapore Port,Rotterdam Port,2024-11-08,2023-10-14,In Transit,Vehicles,114.17,352.76,158304.03,37761.71
SHP001156,CUST002971,Singapore Port,Durban Port,2023-11-04,2024-06-06,Delivered,Oil,128.75,459.68,47188.38,102627.93
SHP001157,CUST002415,Los Angeles Port,Los Angeles Port,2023-12-12,2024-12-23,Delivered,Vehicles,109.48,44.07,95007.91,81078.64
SHP001158,CUST002295,Rotterdam Port,Shanghai Port,2022-03-05,2024-05-09,Delayed,Vehicles,169.41,439.45,6524.39,67603.0
SHP001159,CUST001484,Rotterdam Port,Rotterdam Port,2022-04-07,2023-10-26,Delivered,Oil,51.09,197.45,95536.16,131203.29
SHP001160,CUST002786,Durban Port,Durban Port,2022-12-31,2023-07-09,Delivered,Vehicles,182.65,488.8,88325.7,135994.09
SHP001161,CUST000444,Singapore Port,Rotterdam Port,2023-01-27,2024-12-31,Delivered,Food,184.79,427.61,133617.33,117247.19
SHP001162,CUST000512,Dubai Port,Los Angeles Port,2024-10-11,2022-07-30,Delivered,Food,113.33,430.72,61702.43,139053.23
SHP001163,CUST002422,Shanghai Port,Durban Port,2023-08-03,2022-12-03,Delayed,Vehicles,133.1,197.48,69523.14,107297.47
SHP001164,CUST002851,Rotterdam Port,Hamburg Port,2022-01-13,2022-04-09,Delivered,Vehicles,167.76,281.92,53969.97,59312.56
SHP001165,CUST000250,Shanghai Port,Lagos Port,2024-05-27,2024-02-22,Delivered,Food,120.87,447.84,193459.67,140675.04
SHP001166,CUST000177,Los Angeles Port,Rotterdam Port,2022-03-10,2023-10-01,Delayed,Textiles,50.1,307.12,189189.53,83848.53
SHP001167,CUST001783,Shanghai Port,Hamburg Port,2023-04-26,2024-02-02,Delivered,Textiles,150.21,116.45,23079.56,14351.21
SHP001168,CUST001895,Los Angeles Port,Lagos Port,2023-08-12,2022-07-18,Delivered,Textiles,126.22,235.31,7897.33,24438.42
SHP001169,CUST001139,Shanghai Port,Singapore Port,2022-04-09,2022-12-18,In Transit,Food,93.11,363.91,170716.51,143356.61
SHP001170,CUST000093,Dubai Port,Rotterdam Port,2022-12-16,2023-11-27,In Transit,Textiles,94.02,247.98,181184.64,23449.47
SHP001171,CUST001106,Shanghai Port,Singapore Port,2022-05-07,2024-02-07,Delivered,Oil,28.55,91.86,114582.73,13995.52
SHP001172,CUST000333,Durban Port,Lagos Port,2024-11-24,2023-10-03,In Transit,Electronics,155.19,184.6,21836.73,21671.19
SHP001173,CUST002941,Lagos Port,Los Angeles Port,2022-12-31,2024-04-04,In Transit,Food,163.44,481.22,13656.12,45354.26
SHP001174,CUST002948,Hamburg Port,Rotterdam Port,2022-07-20,2022-10-10,In Transit,Food,19.82,32.99,86294.6,93738.36
SHP001175,CUST000413,Hamburg Port,Dubai Port,2024-02-17,2022-09-06,Delivered,Textiles,158.07,129.43,57266.81,76238.05
SHP001176,CUST002132,Shanghai Port,Shanghai Port,2023-04-05,2023-03-01,Delivered,Food,114.88,294.14,186953.92,121067.19
SHP001177,CUST000919,Lagos Port,Singapore Port,2022-01-10,2024-03-04,In Transit,Food,189.45,113.96,79969.41,141399.49
SHP001178,CUST000685,Hamburg Port,Dubai Port,2022-11-14,2024-12-13,Delivered,Food,50.89,354.27,181337.26,22266.4
SHP001179,CUST001286,Hamburg Port,Hamburg Port,2024-01-06,2023-05-15,In Transit,Vehicles,111.41,278.05,98562.04,13866.07
SHP001180,CUST000014,Lagos Port,Lagos Port,2024-02-12,2024-03-26,Delayed,Food,57.94,228.0,53483.59,47793.52
SHP001181,CUST001195,Dubai Port,Rotterdam Port,2023-06-25,2023-08-18,Delayed,Textiles,130.59,220.3,153040.3,98350.61
SHP001182,CUST002262,Lagos Port,Lagos Port,2024-08-03,2024-07-14,In Transit,Food,106.26,415.32,172992.54,4297.87
SHP001183,CUST000784,Rotterdam Port,Los Angeles Port,2024-06-22,2022-06-16,Delayed,Oil,120.4,297.47,48801.31,101113.73
SHP001184,CUST001547,Dubai Port,Los Angeles Port,2022-06-05,2022-01-08,In Transit,Electronics,78.91,247.46,187761.44,117873.9
SHP001185,CUST000933,Los Angeles Port,Rotterdam Port,2022-06-14,2022-07-15,In Transit,Oil,46.09,95.01,98353.64,86986.72
SHP001186,CUST001328,Durban Port,Durban Port,2023-07-11,2023-10-06,In Transit,Food,184.59,473.01,117252.85,26061.36
SHP001187,CUST001364,Singapore Port,Shanghai Port,2022-08-03,2024-07-04,Delayed,Oil,24.79,309.38,82301.47,73243.44
SHP001188,CUST001618,Dubai Port,Durban Port,2023-09-06,2023-10-17,Delivered,Food,87.28,345.71,155674.47,101339.93
SHP001189,CUST002097,Shanghai Port,Hamburg Port,2024-12-22,2024-10-07,In Transit,Electronics,110.0,453.87,162750.6,100502.3
SHP001190,CUST001256,Singapore Port,Rotterdam Port,2023-07-25,2022-12-03,Delayed,Oil,103.52,255.69,137885.46,109813.99
SHP001191,CUST002505,Los Angeles Port,Rotterdam Port,2022-10-12,2022-05-11,Delivered,Electronics,44.25,42.07,71241.35,146368.65
SHP001192,CUST002578,Dubai Port,Rotterdam Port,2022-04-16,2022-10-20,In Transit,Food,168.66,290.29,20931.46,107629.79
SHP001193,CUST000877,Durban Port,Los Angeles Port,2023-05-12,2023-07-18,Delivered,Food,105.56,145.03,142746.56,39260.83
SHP001194,CUST000673,Lagos Port,Lagos Port,2024-09-12,2024-07-27,Delivered,Electronics,114.27,30.22,97127.4,21226.75
SHP001195,CUST001835,Rotterdam Port,Los Angeles Port,2023-05-14,2024-07-26,In Transit,Vehicles,134.72,344.35,197493.53,116328.83
SHP001196,CUST002261,Dubai Port,Hamburg Port,2024-11-29,2023-05-22,Delayed,Textiles,110.06,230.1,113171.38,8438.63
SHP001197,CUST001396,Lagos Port,Dubai Port,2022-11-18,2023-08-12,Delayed,Vehicles,47.33,317.27,142455.54,89469.71
SHP001198,CUST001937,Lagos Port,Dubai Port,2023-10-20,2023-07-24,Delivered,Electronics,134.04,238.87,171728.88,73003.65
SHP001199,CUST001965,Singapore Port,Lagos Port,2022-02-21,2023-08-24,In Transit,Food,140.48,208.35,42542.1,45926.48
SHP001200,CUST002385,Lagos Port,Los Angeles Port,2024-08-04,2023-01-18,In Transit,Food,16.62,462.54,82889.0,99415.19
SHP001201,CUST002017,Lagos Port,Los Angeles Port,2023-02-01,2022-10-17,In Transit,Electronics,34.81,300.21,121755.95,43309.06
SHP001202,CUST002537,Dubai Port,Rotterdam Port,2022-07-10,2022-10-19,Delivered,Vehicles,15.67,477.69,187438.85,93783.98
SHP001203,CUST002839,Singapore Port,Dubai Port,2024-12-20,2023-08-09,Delayed,Oil,65.86,376.54,153719.4,33641.06
SHP001204,CUST002898,Lagos Port,Rotterdam Port,2023-10-07,2023-06-18,In Transit,Vehicles,183.71,280.51,39601.77,12303.54
SHP001205,CUST002484,Rotterdam Port,Dubai Port,2024-12-09,2024-11-15,Delivered,Oil,23.82,56.32,169284.76,61830.94
SHP001206,CUST001144,Dubai Port,Singapore Port,2024-11-28,2024-03-21,Delayed,Vehicles,136.03,182.55,111090.28,12606.72
SHP001207,CUST001865,Rotterdam Port,Lagos Port,2022-08-02,2022-07-27,Delayed,Oil,10.94,275.89,27559.27,57225.96
SHP001208,CUST002548,Singapore Port,Hamburg Port,2023-07-01,2024-09-02,In Transit,Food,136.54,428.3,115569.25,93016.33
SHP001209,CUST002995,Singapore Port,Durban Port,2024-03-01,2022-12-10,Delivered,Oil,173.33,42.66,110013.81,121986.36
SHP001210,CUST000445,Hamburg Port,Shanghai Port,2024-02-01,2023-01-22,Delivered,Food,94.69,284.72,73542.47,24181.26
SHP001211,CUST002180,Rotterdam Port,Singapore Port,2023-03-16,2023-09-25,Delayed,Electronics,151.75,339.01,156227.7,29124.15
SHP001212,CUST000148,Shanghai Port,Hamburg Port,2023-12-28,2022-11-28,In Transit,Food,119.18,281.38,90568.54,138189.63
SHP001213,CUST001725,Rotterdam Port,Los Angeles Port,2023-06-08,2023-04-18,In Transit,Oil,5.22,56.1,6799.18,59354.29
SHP001214,CUST000918,Hamburg Port,Lagos Port,2023-06-22,2023-10-29,In Transit,Electronics,139.75,114.39,166642.8,68957.96
SHP001215,CUST001926,Lagos Port,Shanghai Port,2023-03-13,2024-11-03,In Transit,Electronics,161.46,449.14,26928.14,90837.15
SHP001216,CUST002135,Lagos Port,Singapore Port,2022-03-23,2023-07-10,In Transit,Vehicles,36.02,380.79,95034.81,114189.85
SHP001217,CUST000197,Shanghai Port,Shanghai Port,2024-03-20,2024-05-27,In Transit,Oil,14.18,69.68,28135.08,109247.42
SHP001218,CUST000129,Singapore Port,Los Angeles Port,2022-05-08,2022-06-10,Delayed,Oil,193.65,27.17,73847.74,83284.15
SHP001219,CUST000823,Singapore Port,Lagos Port,2022-01-23,2023-09-03,In Transit,Vehicles,22.43,68.5,159065.32,116921.19
SHP001220,CUST000696,Lagos Port,Los Angeles Port,2022-05-31,2022-09-12,Delivered,Textiles,86.77,385.76,46292.26,110914.0
SHP001221,CUST002891,Los Angeles Port,Durban Port,2022-09-11,2022-09-18,Delivered,Oil,118.1,86.18,183592.51,112504.03
SHP001222,CUST001039,Hamburg Port,Rotterdam Port,2024-08-23,2023-03-07,Delayed,Oil,60.61,12.88,24269.47,15581.54
SHP001223,CUST001662,Dubai Port,Dubai Port,2023-09-28,2024-05-28,In Transit,Electronics,94.7,55.42,86631.42,57554.31
SHP001224,CUST002783,Dubai Port,Hamburg Port,2024-07-02,2024-04-25,In Transit,Textiles,29.03,488.06,166947.48,11015.24
SHP001225,CUST001115,Shanghai Port,Lagos Port,2022-05-20,2022-12-10,Delivered,Vehicles,83.37,149.77,26883.67,65173.2
SHP001226,CUST000744,Dubai Port,Rotterdam Port,2024-07-11,2024-05-30,In Transit,Electronics,157.56,473.91,186813.99,86033.2
SHP001227,CUST001646,Shanghai Port,Durban Port,2022-08-10,2024-08-02,Delayed,Textiles,58.78,302.97,191895.58,106103.06
SHP001228,CUST000245,Singapore Port,Hamburg Port,2022-07-31,2024-11-29,Delivered,Oil,64.23,318.6,112079.76,132461.47
SHP001229,CUST000585,Hamburg Port,Rotterdam Port,2024-02-15,2022-05-24,In Transit,Vehicles,61.73,475.02,77055.87,89374.99
SHP001230,CUST002002,Singapore Port,Shanghai Port,2023-07-10,2024-12-07,Delivered,Vehicles,132.75,277.39,195233.35,6940.77
SHP001231,CUST001472,Durban Port,Dubai Port,2024-02-19,2023-11-01,In Transit,Food,193.7,437.61,72546.29,9221.6
SHP001232,CUST002620,Singapore Port,Shanghai Port,2022-11-22,2023-02-15,Delayed,Vehicles,83.71,396.08,27824.89,88179.24
SHP001233,CUST001855,Hamburg Port,Lagos Port,2022-10-11,2022-06-15,Delayed,Electronics,128.17,281.85,100668.79,44942.71
SHP001234,CUST000985,Los Angeles Port,Dubai Port,2022-07-02,2022-10-20,In Transit,Oil,89.82,105.05,53205.3,83050.57
SHP001235,CUST000791,Shanghai Port,Shanghai Port,2024-04-01,2024-01-24,In Transit,Vehicles,174.84,430.37,196284.36,93458.68
SHP001236,CUST000823,Dubai Port,Lagos Port,2024-04-23,2023-08-15,Delivered,Oil,12.1,45.09,172302.34,58009.63
SHP001237,CUST000151,Dubai Port,Durban Port,2023-04-04,2022-08-19,In Transit,Food,160.76,51.18,148522.65,79421.19
SHP001238,CUST000364,Los Angeles Port,Rotterdam Port,2024-08-22,2023-07-18,In Transit,Electronics,168.61,293.22,97563.07,130517.4
SHP001239,CUST000206,Durban Port,Rotterdam Port,2024-05-03,2022-03-05,In Transit,Food,36.81,332.42,102182.2,119477.35
SHP001240,CUST001979,Lagos Port,Los Angeles Port,2022-01-28,2023-03-01,Delayed,Vehicles,156.16,234.17,10254.51,142137.1
SHP001241,CUST002677,Shanghai Port,Singapore Port,2023-08-22,2024-02-26,In Transit,Food,155.22,307.13,25997.6,30885.26
SHP001242,CUST002742,Singapore Port,Singapore Port,2023-04-22,2022-03-17,Delayed,Food,37.24,458.96,88531.96,132871.48
SHP001243,CUST000170,Rotterdam Port,Singapore Port,2024-11-16,2022-04-18,Delivered,Textiles,25.37,286.54,54341.78,114239.13
SHP001244,CUST001877,Shanghai Port,Durban Port,2022-08-06,2024-09-27,In Transit,Electronics,25.13,207.69,13315.11,102768.93
SHP001245,CUST000836,Durban Port,Rotterdam Port,2024-02-09,2022-01-18,In Transit,Food,47.77,444.25,77264.55,52841.68
SHP001246,CUST001273,Hamburg Port,Lagos Port,2024-09-15,2023-10-20,Delayed,Electronics,78.29,272.69,71441.08,126644.17
SHP001247,CUST000253,Dubai Port,Shanghai Port,2023-12-10,2023-08-31,In Transit,Electronics,28.79,169.98,123456.35,46657.97
SHP001248,CUST000615,Los Angeles Port,Hamburg Port,2023-07-01,2024-02-20,Delayed,Electronics,36.96,277.15,59235.0,147284.91
SHP001249,CUST000745,Lagos Port,Rotterdam Port,2022-01-12,2023-08-15,In Transit,Electronics,88.91,177.62,8293.67,110066.91
SHP001250,CUST000702,Singapore Port,Shanghai Port,2023-07-05,2024-03-24,Delivered,Textiles,36.93,219.05,190256.59,130721.85
SHP001251,CUST000445,Los Angeles Port,Singapore Port,2023-09-11,2022-05-15,Delayed,Electronics,131.46,398.5,24013.46,65739.29
SHP001252,CUST000156,Los Angeles Port,Lagos Port,2023-08-03,2023-11-04,Delivered,Electronics,11.26,408.51,39102.48,130566.71
SHP001253,CUST002182,Los Angeles Port,Lagos Port,2022-03-18,2023-05-04,In Transit,Food,94.83,340.33,134441.18,66481.77
SHP001254,CUST002916,Los Angeles Port,Singapore Port,2023-06-25,2024-12-24,Delivered,Electronics,50.73,214.69,173922.71,109757.29
SHP001255,CUST002545,Los Angeles Port,Rotterdam Port,2024-12-25,2024-11-26,In Transit,Food,149.56,198.17,81151.94,37692.83
SHP001256,CUST000543,Dubai Port,Dubai Port,2024-04-06,2024-06-01,Delayed,Food,59.02,494.94,78273.04,139386.6
SHP001257,CUST002266,Hamburg Port,Shanghai Port,2023-02-18,2023-04-10,In Transit,Oil,88.27,474.29,66422.74,139459.86
SHP001258,CUST002327,Rotterdam Port,Lagos Port,2022-09-25,2023-06-02,Delayed,Food,196.92,465.92,195043.82,65377.85
SHP001259,CUST001204,Lagos Port,Dubai Port,2024-10-16,2023-10-30,Delayed,Oil,112.36,391.85,198858.02,125963.84
SHP001260,CUST001479,Hamburg Port,Hamburg Port,2024-04-07,2024-12-03,Delivered,Electronics,171.46,359.82,120632.39,98620.97
SHP001261,CUST002263,Shanghai Port,Shanghai Port,2022-05-30,2024-09-06,Delivered,Textiles,45.8,169.94,101665.29,85908.46
SHP001262,CUST001946,Hamburg Port,Lagos Port,2023-08-26,2022-07-24,Delivered,Textiles,105.0,233.1,73015.0,114544.97
SHP001263,CUST001135,Dubai Port,Shanghai Port,2023-07-29,2023-09-13,Delivered,Vehicles,36.05,454.27,113660.97,139532.26
SHP001264,CUST001489,Lagos Port,Dubai Port,2022-04-12,2023-06-28,In Transit,Food,167.83,303.94,59475.1,52875.12
SHP001265,CUST001058,Hamburg Port,Los Angeles Port,2024-07-31,2022-06-09,In Transit,Oil,38.0,421.48,164014.69,108468.22
SHP001266,CUST002029,Shanghai Port,Durban Port,2022-08-18,2023-04-15,Delivered,Oil,184.72,435.63,199598.66,106881.86
SHP001267,CUST001868,Lagos Port,Dubai Port,2022-09-29,2022-06-04,Delivered,Textiles,30.81,177.24,199434.76,77525.37
SHP001268,CUST002976,Rotterdam Port,Singapore Port,2022-09-15,2023-04-25,Delivered,Electronics,128.11,226.86,113631.46,52004.47
SHP001269,CUST000298,Lagos Port,Los Angeles Port,2024-06-23,2023-01-29,In Transit,Vehicles,110.46,396.75,120868.88,103543.19
SHP001270,CUST001706,Los Angeles Port,Durban Port,2024-05-02,2022-01-12,Delayed,Textiles,103.38,311.87,22563.29,107589.25
SHP001271,CUST001882,Rotterdam Port,Shanghai Port,2023-12-10,2022-06-13,Delivered,Food,33.39,372.14,192872.24,101676.05
SHP001272,CUST001030,Hamburg Port,Durban Port,2024-02-03,2023-02-11,Delivered,Textiles,49.56,37.75,56659.39,124411.72
SHP001273,CUST000170,Dubai Port,Lagos Port,2023-12-11,2023-11-16,In Transit,Food,87.28,250.67,113054.48,9425.76
SHP001274,CUST002262,Hamburg Port,Dubai Port,2024-12-12,2022-09-17,Delivered,Vehicles,18.75,171.29,150340.67,109106.19
SHP001275,CUST002341,Rotterdam Port,Hamburg Port,2023-06-18,2023-06-03,Delivered,Oil,193.79,301.42,98280.56,67683.38
SHP001276,CUST001120,Durban Port,Singapore Port,2024-01-18,2023-08-28,Delivered,Textiles,43.5,335.49,134206.66,91905.62
SHP001277,CUST000764,Shanghai Port,Los Angeles Port,2023-12-02,2024-05-26,Delayed,Oil,125.31,145.1,169446.44,68348.17
SHP001278,CUST000984,Durban Port,Dubai Port,2022-05-25,2022-12-17,Delivered,Vehicles,19.0,399.17,185513.45,116797.52
SHP001279,CUST000676,Dubai Port,Lagos Port,2022-02-19,2022-07-27,In Transit,Vehicles,12.06,125.56,69814.91,68901.05
SHP001280,CUST000729,Durban Port,Shanghai Port,2024-09-10,2022-06-09,Delivered,Electronics,89.47,436.18,114587.34,32967.24
SHP001281,CUST002818,Durban Port,Singapore Port,2023-12-12,2023-02-14,Delayed,Vehicles,89.21,395.03,165190.05,57267.06
SHP001282,CUST002771,Hamburg Port,Singapore Port,2023-12-10,2023-08-29,In Transit,Oil,134.95,89.57,81498.14,117502.07
SHP001283,CUST000532,Singapore Port,Hamburg Port,2023-09-11,2022-01-09,Delayed,Electronics,156.51,88.59,93307.28,29724.36
SHP001284,CUST002315,Rotterdam Port,Los Angeles Port,2024-06-26,2024-08-24,Delivered,Oil,115.12,202.94,15531.89,94097.32
SHP001285,CUST000367,Durban Port,Rotterdam Port,2022-10-23,2023-03-19,Delayed,Electronics,74.4,236.85,5522.97,102704.49
SHP001286,CUST001811,Durban Port,Lagos Port,2023-12-27,2023-11-28,Delivered,Vehicles,32.63,193.17,137099.03,37024.59
SHP001287,CUST000876,Los Angeles Port,Dubai Port,2024-04-17,2023-09-18,Delivered,Food,151.67,83.86,16061.13,18006.85
SHP001288,CUST002796,Rotterdam Port,Rotterdam Port,2024-05-09,2024-06-29,Delayed,Textiles,91.18,122.04,93221.64,34375.23
SHP001289,CUST001497,Los Angeles Port,Lagos Port,2023-04-21,2022-04-27,Delivered,Food,101.98,286.47,69768.14,44772.78
SHP001290,CUST001180,Los Angeles Port,Shanghai Port,2022-05-09,2023-01-15,Delivered,Food,125.58,386.55,197963.29,131058.35
SHP001291,CUST001944,Durban Port,Singapore Port,2022-06-23,2023-01-27,Delivered,Textiles,169.91,294.88,38066.44,126026.92
SHP001292,CUST002832,Hamburg Port,Hamburg Port,2023-06-02,2022-02-05,In Transit,Oil,130.17,460.38,135027.19,18527.88
SHP001293,CUST000404,Los Angeles Port,Los Angeles Port,2022-10-05,2022-07-09,In Transit,Textiles,146.93,44.0,97060.39,115753.01
SHP001294,CUST000856,Hamburg Port,Rotterdam Port,2022-12-12,2022-12-25,Delivered,Vehicles,79.66,282.99,137665.39,6775.92
SHP001295,CUST001411,Hamburg Port,Rotterdam Port,2022-08-31,2024-10-20,Delivered,Oil,44.5,463.6,135522.86,7782.36
SHP001296,CUST002049,Los Angeles Port,Rotterdam Port,2024-12-02,2024-07-20,Delayed,Oil,31.18,51.17,90025.04,34710.74
SHP001297,CUST000855,Durban Port,Durban Port,2023-03-10,2023-11-29,Delayed,Food,100.69,108.16,31589.17,21356.39
SHP001298,CUST002440,Lagos Port,Shanghai Port,2024-08-03,2022-02-15,Delivered,Oil,142.93,134.43,124764.83,4428.42
SHP001299,CUST000271,Dubai Port,Dubai Port,2023-12-31,2023-07-25,Delivered,Food,190.87,404.29,18385.64,4058.44
SHP001300,CUST000637,Lagos Port,Shanghai Port,2022-01-08,2024-05-18,Delayed,Textiles,105.18,498.03,130442.91,116892.0
SHP001301,CUST002580,Lagos Port,Rotterdam Port,2023-04-24,2024-08-26,Delayed,Oil,22.27,82.66,45185.4,55723.04
SHP001302,CUST000430,Los Angeles Port,Lagos Port,2023-07-29,2024-11-26,In Transit,Oil,28.28,49.09,55305.14,80262.32
SHP001303,CUST002146,Hamburg Port,Shanghai Port,2024-07-02,2023-08-07,In Transit,Oil,195.46,161.9,38762.66,81043.62
SHP001304,CUST000839,Singapore Port,Singapore Port,2023-09-15,2023-04-06,Delayed,Vehicles,155.58,259.11,137033.1,80053.41
SHP001305,CUST002062,Hamburg Port,Lagos Port,2024-06-29,2024-12-28,In Transit,Textiles,90.96,20.54,178820.02,92289.38
SHP001306,CUST001729,Singapore Port,Singapore Port,2023-10-04,2022-05-14,In Transit,Oil,164.06,108.81,80254.1,15626.64
SHP001307,CUST000950,Hamburg Port,Los Angeles Port,2023-03-05,2024-10-16,Delayed,Food,52.25,231.51,35774.74,121939.12
SHP001308,CUST002539,Hamburg Port,Rotterdam Port,2024-06-21,2022-09-02,In Transit,Food,119.13,389.67,67194.18,80071.22
SHP001309,CUST002910,Hamburg Port,Los Angeles Port,2023-09-10,2022-11-13,Delayed,Textiles,117.06,288.64,78904.85,81455.35
SHP001310,CUST002937,Rotterdam Port,Dubai Port,2022-12-05,2022-12-04,Delivered,Food,25.55,185.43,171409.48,10635.69
SHP001311,CUST001424,Durban Port,Rotterdam Port,2024-04-12,2024-11-01,Delivered,Electronics,61.38,485.57,138809.86,26347.92
SHP001312,CUST000265,Hamburg Port,Los Angeles Port,2023-01-27,2022-04-25,Delivered,Textiles,46.15,12.55,149883.16,65945.57
SHP001313,CUST001977,Lagos Port,Lagos Port,2024-07-18,2023-05-16,Delivered,Food,107.15,43.61,10865.09,133533.78
SHP001314,CUST001586,Singapore Port,Los Angeles Port,2023-04-09,2024-06-01,In Transit,Oil,27.11,278.5,198065.84,45174.16
SHP001315,CUST002947,Durban Port,Singapore Port,2022-10-22,2023-08-11,Delivered,Vehicles,192.65,317.31,196278.23,120765.95
SHP001316,CUST002136,Singapore Port,Shanghai Port,2023-01-08,2022-09-26,Delivered,Food,173.32,75.14,60920.22,133257.56
SHP001317,CUST000669,Los Angeles Port,Shanghai Port,2024-08-30,2022-06-05,In Transit,Electronics,105.67,276.85,175090.78,90788.8
SHP001318,CUST000603,Durban Port,Lagos Port,2022-12-10,2022-12-07,In Transit,Vehicles,155.7,395.3,121109.79,58962.22
SHP001319,CUST000880,Singapore Port,Shanghai Port,2024-05-22,2023-01-22,Delayed,Food,135.0,355.05,102667.72,98594.74
SHP001320,CUST000963,Rotterdam Port,Shanghai Port,2022-04-26,2023-10-23,Delivered,Electronics,155.78,407.18,74250.41,70349.55
SHP001321,CUST000871,Durban Port,Shanghai Port,2023-04-16,2022-10-12,Delivered,Oil,140.79,17.93,175048.76,74178.66
SHP001322,CUST001062,Rotterdam Port,Singapore Port,2024-01-20,2024-11-06,Delayed,Electronics,86.63,222.5,15802.64,134317.28
SHP001323,CUST002379,Singapore Port,Los Angeles Port,2024-05-22,2024-05-25,In Transit,Vehicles,193.86,202.35,55471.74,143059.7
SHP001324,CUST000268,Hamburg Port,Singapore Port,2024-08-30,2023-04-14,Delivered,Electronics,55.52,475.85,96090.69,48966.69
SHP001325,CUST000411,Singapore Port,Lagos Port,2023-04-17,2023-06-02,Delivered,Oil,36.97,233.44,39517.81,120905.69
SHP001326,CUST001715,Shanghai Port,Hamburg Port,2022-10-11,2024-08-08,In Transit,Vehicles,108.64,294.83,191347.86,9561.27
SHP001327,CUST002351,Singapore Port,Lagos Port,2023-04-13,2024-09-01,In Transit,Textiles,96.58,183.82,163277.51,21753.39
SHP001328,CUST000688,Los Angeles Port,Los Angeles Port,2024-09-19,2022-06-07,Delivered,Food,77.75,43.2,92227.37,35555.47
SHP001329,CUST002034,Hamburg Port,Rotterdam Port,2022-03-15,2022-12-16,Delayed,Textiles,40.89,280.69,157258.37,30196.47
SHP001330,CUST002760,Rotterdam Port,Lagos Port,2022-04-14,2024-09-05,Delayed,Food,104.72,106.87,36419.95,57760.75
SHP001331,CUST001759,Los Angeles Port,Durban Port,2024-11-24,2024-12-13,Delivered,Textiles,53.3,321.86,17431.67,136612.34
SHP001332,CUST002161,Hamburg Port,Durban Port,2023-09-08,2023-05-27,Delivered,Electronics,158.49,265.78,145553.1,56017.0
SHP001333,CUST000320,Dubai Port,Dubai Port,2023-04-19,2023-02-25,In Transit,Textiles,125.92,312.72,81215.79,61066.25
SHP001334,CUST000205,Dubai Port,Singapore Port,2024-03-16,2022-08-21,Delivered,Oil,156.39,206.15,96310.05,111015.1
SHP001335,CUST001481,Rotterdam Port,Hamburg Port,2024-07-30,2023-10-09,In Transit,Vehicles,131.8,129.6,27403.81,91142.64
SHP001336,CUST000782,Shanghai Port,Hamburg Port,2024-02-02,2022-05-10,Delayed,Electronics,85.18,48.68,106390.24,49813.69
SHP001337,CUST001635,Dubai Port,Dubai Port,2024-11-30,2023-02-12,Delayed,Textiles,83.14,445.7,103873.31,40257.9
SHP001338,CUST001064,Durban Port,Hamburg Port,2024-01-17,2022-04-26,Delayed,Vehicles,160.68,413.9,119457.93,17760.29
SHP001339,CUST002915,Los Angeles Port,Dubai Port,2024-01-04,2023-03-12,In Transit,Vehicles,40.97,426.61,167302.48,11021.48
SHP001340,CUST001744,Los Angeles Port,Shanghai Port,2022-03-29,2023-09-28,In Transit,Electronics,44.75,21.6,103175.28,47385.63
SHP001341,CUST000487,Rotterdam Port,Los Angeles Port,2024-10-23,2024-06-10,In Transit,Vehicles,131.59,228.23,80350.1,24643.03
SHP001342,CUST002716,Shanghai Port,Singapore Port,2022-02-18,2024-05-23,In Transit,Textiles,185.12,222.09,42475.39,27671.94
SHP001343,CUST002934,Lagos Port,Durban Port,2022-09-12,2022-04-11,Delivered,Oil,78.91,421.18,178007.56,117989.07
SHP001344,CUST000525,Shanghai Port,Dubai Port,2023-05-24,2024-10-28,In Transit,Vehicles,151.19,412.15,109705.85,118588.41
SHP001345,CUST000858,Los Angeles Port,Los Angeles Port,2024-10-18,2024-01-14,Delayed,Textiles,58.54,470.59,88602.5,116487.28
SHP001346,CUST002082,Lagos Port,Durban Port,2024-03-10,2022-08-04,Delivered,Electronics,45.43,362.87,93452.19,22873.68
SHP001347,CUST002602,Shanghai Port,Hamburg Port,2022-09-05,2022-06-11,Delayed,Vehicles,18.55,282.21,157158.69,121106.53
SHP001348,CUST000711,Singapore Port,Los Angeles Port,2023-11-17,2023-08-15,Delivered,Vehicles,16.15,119.02,61487.78,29409.25
SHP001349,CUST000236,Dubai Port,Dubai Port,2023-12-24,2022-07-30,Delivered,Food,48.61,292.72,43430.02,98209.3
SHP001350,CUST000261,Hamburg Port,Shanghai Port,2022-06-30,2024-05-06,Delivered,Electronics,52.56,292.22,98196.58,21032.52
SHP001351,CUST000582,Singapore Port,Los Angeles Port,2022-12-12,2022-10-21,In Transit,Oil,166.71,182.62,67908.13,117074.7
SHP001352,CUST001500,Lagos Port,Los Angeles Port,2022-12-17,2023-10-22,Delayed,Electronics,95.24,400.02,174539.89,39636.72
SHP001353,CUST001599,Dubai Port,Singapore Port,2024-07-18,2024-10-30,In Transit,Electronics,51.37,204.08,6463.11,23820.1
SHP001354,CUST002655,Rotterdam Port,Dubai Port,2024-12-12,2023-12-28,Delayed,Textiles,145.54,68.0,102055.79,86943.8
SHP001355,CUST000337,Los Angeles Port,Lagos Port,2023-05-25,2022-01-09,Delayed,Textiles,109.26,25.01,196346.0,86602.27
SHP001356,CUST001352,Rotterdam Port,Los Angeles Port,2023-07-04,2024-12-20,In Transit,Vehicles,105.97,410.54,26499.83,128235.08
SHP001357,CUST002657,Rotterdam Port,Lagos Port,2022-10-13,2024-03-04,Delivered,Textiles,20.04,396.23,12821.92,109646.9
SHP001358,CUST002286,Hamburg Port,Shanghai Port,2024-12-17,2023-05-24,In Transit,Vehicles,197.33,455.65,30353.56,93666.83
SHP001359,CUST002817,Hamburg Port,Dubai Port,2023-07-28,2023-04-03,Delayed,Vehicles,11.32,431.84,152585.7,84171.38
SHP001360,CUST000617,Lagos Port,Rotterdam Port,2022-05-20,2022-01-25,Delayed,Textiles,75.1,465.88,81367.4,145144.74
SHP001361,CUST000547,Shanghai Port,Los Angeles Port,2023-07-17,2023-12-24,In Transit,Electronics,127.27,289.91,126879.4,8164.73
SHP001362,CUST001603,Hamburg Port,Durban Port,2023-06-02,2023-09-08,Delayed,Electronics,98.36,46.13,36172.52,129439.86
SHP001363,CUST002307,Hamburg Port,Hamburg Port,2022-07-16,2023-03-22,Delivered,Food,16.81,391.71,72757.68,97282.86
SHP001364,CUST001000,Hamburg Port,Rotterdam Port,2022-06-15,2024-09-29,Delivered,Oil,167.25,359.87,114791.68,106014.11
SHP001365,CUST002387,Durban Port,Rotterdam Port,2022-11-27,2023-12-30,Delayed,Textiles,27.85,277.98,22887.07,109665.34
SHP001366,CUST001561,Durban Port,Los Angeles Port,2022-10-09,2024-11-09,Delayed,Oil,74.46,323.86,184652.96,138411.15
SHP001367,CUST001829,Rotterdam Port,Los Angeles Port,2022-09-07,2023-09-08,Delivered,Oil,121.73,303.2,63329.86,69487.38
SHP001368,CUST000058,Singapore Port,Singapore Port,2022-02-20,2024-03-13,In Transit,Food,168.5,378.01,178668.06,131049.5
SHP001369,CUST000325,Hamburg Port,Singapore Port,2024-06-11,2024-01-07,Delivered,Vehicles,17.96,51.91,164832.86,5321.83
SHP001370,CUST000052,Rotterdam Port,Dubai Port,2023-11-01,2023-07-31,Delayed,Electronics,90.84,318.2,174472.15,100857.78
SHP001371,CUST000906,Singapore Port,Dubai Port,2024-10-11,2022-12-26,Delivered,Electronics,151.04,345.08,83351.81,120922.59
SHP001372,CUST000983,Rotterdam Port,Hamburg Port,2023-07-05,2022-06-11,In Transit,Electronics,189.4,185.62,177447.32,87534.39
SHP001373,CUST000582,Shanghai Port,Lagos Port,2024-01-23,2023-10-16,In Transit,Vehicles,91.71,197.03,168229.25,57140.35
SHP001374,CUST000635,Los Angeles Port,Dubai Port,2024-11-11,2024-12-06,In Transit,Oil,92.95,244.04,149793.93,36310.38
SHP001375,CUST001657,Hamburg Port,Los Angeles Port,2024-10-03,2023-05-28,Delivered,Textiles,165.96,43.23,116733.45,129987.93
SHP001376,CUST000504,Rotterdam Port,Dubai Port,2022-09-20,2024-12-16,Delayed,Electronics,199.4,261.19,124485.26,17098.8
SHP001377,CUST000268,Rotterdam Port,Durban Port,2023-12-03,2022-04-30,In Transit,Electronics,132.8,293.85,194534.7,37094.76
SHP001378,CUST000494,Rotterdam Port,Los Angeles Port,2023-05-25,2024-01-24,In Transit,Vehicles,98.86,153.53,105734.62,96850.87
SHP001379,CUST000262,Singapore Port,Durban Port,2022-10-02,2024-08-24,Delivered,Oil,186.47,163.45,189389.4,46273.35
SHP001380,CUST000689,Los Angeles Port,Rotterdam Port,2023-11-17,2024-06-28,In Transit,Food,143.97,228.84,76427.32,5409.33
SHP001381,CUST002789,Singapore Port,Dubai Port,2024-06-19,2023-06-13,Delayed,Oil,41.05,446.76,38481.7,140552.97
SHP001382,CUST000946,Lagos Port,Rotterdam Port,2023-07-24,2023-04-02,Delivered,Textiles,143.16,265.23,106621.37,123564.19
SHP001383,CUST002215,Los Angeles Port,Hamburg Port,2022-06-08,2024-02-09,Delivered,Food,45.37,412.59,90450.01,106386.41
SHP001384,CUST001644,Dubai Port,Dubai Port,2024-03-10,2024-12-16,In Transit,Textiles,47.72,215.69,186369.45,43550.79
SHP001385,CUST000603,Rotterdam Port,Hamburg Port,2024-08-11,2023-12-07,In Transit,Textiles,110.12,473.53,125409.51,7195.39
SHP001386,CUST002687,Hamburg Port,Rotterdam Port,2023-03-03,2024-05-13,Delayed,Textiles,7.41,223.9,18537.29,5106.47
SHP001387,CUST001929,Los Angeles Port,Lagos Port,2024-01-06,2024-07-30,Delivered,Food,55.84,315.48,49036.15,110610.7
SHP001388,CUST002366,Shanghai Port,Shanghai Port,2023-10-30,2022-09-03,In Transit,Vehicles,118.35,361.62,20786.26,24961.1
SHP001389,CUST000122,Rotterdam Port,Lagos Port,2024-11-29,2023-01-01,Delayed,Food,13.65,118.69,9323.82,25225.73
SHP001390,CUST001686,Lagos Port,Hamburg Port,2023-03-09,2022-08-28,Delayed,Electronics,125.61,200.63,31294.5,93048.15
SHP001391,CUST002677,Durban Port,Lagos Port,2024-12-27,2023-03-06,Delayed,Vehicles,118.57,209.69,133198.31,118260.13
SHP001392,CUST000112,Rotterdam Port,Rotterdam Port,2024-06-23,2024-07-06,In Transit,Textiles,154.5,44.81,42724.17,111108.77
SHP001393,CUST000866,Shanghai Port,Durban Port,2022-02-01,2022-08-28,In Transit,Food,17.21,300.82,14024.25,18203.01
SHP001394,CUST001808,Lagos Port,Lagos Port,2024-09-12,2024-05-27,Delayed,Vehicles,101.22,301.4,189842.41,24349.48
SHP001395,CUST002402,Singapore Port,Lagos Port,2023-12-31,2024-07-11,Delivered,Electronics,185.47,422.51,140924.85,141579.69
SHP001396,CUST001184,Los Angeles Port,Dubai Port,2023-07-07,2024-12-27,Delivered,Oil,101.5,314.63,154471.59,119880.07
SHP001397,CUST002298,Lagos Port,Singapore Port,2024-06-29,2022-11-16,In Transit,Vehicles,170.67,155.02,45315.86,4678.5
SHP001398,CUST000925,Lagos Port,Singapore Port,2024-12-04,2023-05-27,Delivered,Electronics,45.66,287.53,61212.91,88099.18
SHP001399,CUST001759,Shanghai Port,Shanghai Port,2024-02-29,2022-03-24,Delivered,Vehicles,179.97,384.1,30686.71,79380.75
SHP001400,CUST001167,Rotterdam Port,Shanghai Port,2023-04-08,2024-03-06,Delayed,Vehicles,94.64,68.3,174253.6,39487.9
SHP001401,CUST001862,Shanghai Port,Lagos Port,2022-05-23,2024-01-13,In Transit,Oil,58.52,387.01,154979.75,60205.92
SHP001402,CUST002982,Lagos Port,Rotterdam Port,2023-05-17,2023-06-17,In Transit,Vehicles,76.94,315.64,93856.31,41018.91
SHP001403,CUST001498,Rotterdam Port,Rotterdam Port,2024-03-22,2023-01-06,Delivered,Electronics,190.63,321.06,39971.57,57641.85
SHP001404,CUST000715,Lagos Port,Dubai Port,2022-07-11,2024-04-12,In Transit,Oil,97.36,237.33,84095.42,43703.67
SHP001405,CUST000064,Los Angeles Port,Hamburg Port,2024-12-11,2022-05-01,In Transit,Food,167.15,220.21,35798.71,103087.52
SHP001406,CUST000741,Lagos Port,Durban Port,2024-12-14,2023-02-11,In Transit,Textiles,11.95,315.69,194831.54,99490.21
SHP001407,CUST002014,Rotterdam Port,Hamburg Port,2022-09-05,2023-05-29,Delivered,Textiles,196.43,495.3,96307.49,54730.56
SHP001408,CUST002711,Dubai Port,Rotterdam Port,2024-05-31,2024-04-18,In Transit,Oil,194.76,124.83,197675.47,3767.44
SHP001409,CUST002079,Hamburg Port,Los Angeles Port,2024-09-22,2024-01-09,Delayed,Textiles,122.74,92.53,24980.46,120255.37
SHP001410,CUST002859,Shanghai Port,Singapore Port,2023-07-15,2024-10-21,Delivered,Oil,54.2,241.0,98810.84,65199.98
SHP001411,CUST000884,Shanghai Port,Durban Port,2023-10-19,2022-09-07,Delivered,Textiles,8.67,244.15,85909.41,7106.27
SHP001412,CUST000661,Los Angeles Port,Lagos Port,2022-11-29,2022-03-15,Delivered,Oil,64.38,481.86,42808.99,39840.03
SHP001413,CUST000077,Hamburg Port,Los Angeles Port,2024-03-09,2023-03-11,In Transit,Vehicles,198.25,66.35,26854.6,55142.17
SHP001414,CUST000731,Los Angeles Port,Durban Port,2024-02-02,2023-06-22,In Transit,Electronics,76.83,118.1,15828.27,111381.4
SHP001415,CUST000818,Durban Port,Lagos Port,2022-04-17,2022-03-28,Delivered,Food,114.54,355.18,185094.06,104810.78
SHP001416,CUST002840,Singapore Port,Rotterdam Port,2024-05-12,2024-05-21,Delayed,Oil,183.48,384.73,167759.15,131204.08
SHP001417,CUST000539,Los Angeles Port,Durban Port,2022-07-30,2024-09-20,In Transit,Electronics,33.94,385.3,125584.34,86938.77
SHP001418,CUST000884,Rotterdam Port,Lagos Port,2022-06-11,2024-02-06,Delivered,Textiles,183.61,362.22,83086.32,77328.88
SHP001419,CUST000883,Hamburg Port,Singapore Port,2023-12-18,2023-05-14,Delayed,Vehicles,141.61,267.83,38937.77,62986.89
SHP001420,CUST001810,Durban Port,Hamburg Port,2022-03-30,2023-05-01,Delayed,Textiles,179.6,35.69,96519.06,60038.93
SHP001421,CUST000754,Hamburg Port,Dubai Port,2023-11-19,2024-07-12,Delivered,Textiles,185.38,168.17,40138.06,72416.26
SHP001422,CUST001648,Los Angeles Port,Singapore Port,2022-10-18,2022-12-28,Delayed,Food,184.08,491.39,58751.38,145235.6
SHP001423,CUST002894,Shanghai Port,Hamburg Port,2023-06-09,2022-07-29,Delivered,Textiles,42.87,258.69,19800.79,144001.76
SHP001424,CUST001719,Rotterdam Port,Los Angeles Port,2024-08-12,2022-08-08,In Transit,Food,32.87,271.55,170383.01,55588.36
SHP001425,CUST002150,Rotterdam Port,Shanghai Port,2023-08-01,2023-01-19,In Transit,Food,158.02,130.55,14797.89,17633.17
SHP001426,CUST000117,Singapore Port,Rotterdam Port,2022-03-25,2024-10-07,Delayed,Food,44.11,239.39,36768.11,62478.32
SHP001427,CUST002511,Shanghai Port,Shanghai Port,2024-05-12,2023-07-13,Delayed,Food,170.65,193.9,167173.18,135968.55
SHP001428,CUST001253,Hamburg Port,Durban Port,2024-02-25,2022-12-06,Delayed,Electronics,177.57,361.04,171588.79,22815.84
SHP001429,CUST001870,Los Angeles Port,Lagos Port,2022-10-21,2022-05-27,In Transit,Vehicles,101.45,58.36,164671.31,28893.7
SHP001430,CUST000878,Los Angeles Port,Lagos Port,2023-05-19,2022-03-18,Delayed,Oil,165.48,336.54,139464.57,104834.66
SHP001431,CUST000029,Singapore Port,Singapore Port,2022-07-26,2022-09-06,Delivered,Textiles,167.02,163.56,78982.68,70106.47
SHP001432,CUST002304,Los Angeles Port,Shanghai Port,2024-09-29,2024-02-03,In Transit,Textiles,138.61,168.02,111481.51,101701.62
SHP001433,CUST000991,Los Angeles Port,Lagos Port,2022-03-06,2022-01-02,In Transit,Vehicles,71.76,29.5,128648.25,92982.86
SHP001434,CUST000412,Los Angeles Port,Durban Port,2022-05-29,2023-09-03,Delivered,Electronics,151.01,486.37,62373.45,85418.21
SHP001435,CUST002294,Dubai Port,Singapore Port,2023-02-05,2023-06-29,Delayed,Food,60.45,33.92,179762.08,102396.97
SHP001436,CUST001845,Lagos Port,Shanghai Port,2023-04-26,2024-09-01,Delayed,Oil,19.1,66.86,41173.61,105817.27
SHP001437,CUST000038,Dubai Port,Shanghai Port,2023-01-21,2022-02-13,Delivered,Oil,50.36,372.55,59269.33,15241.9
SHP001438,CUST000063,Lagos Port,Hamburg Port,2023-01-12,2022-12-21,Delivered,Vehicles,92.01,355.98,15504.69,130076.86
SHP001439,CUST000175,Durban Port,Durban Port,2023-05-21,2023-02-17,Delayed,Textiles,64.9,70.75,49880.9,71058.24
SHP001440,CUST001464,Hamburg Port,Lagos Port,2023-11-03,2023-02-26,In Transit,Vehicles,154.2,201.54,176890.68,37334.66
SHP001441,CUST001023,Lagos Port,Los Angeles Port,2023-07-14,2022-02-25,Delivered,Vehicles,180.01,49.53,192534.51,78769.11
SHP001442,CUST002669,Singapore Port,Rotterdam Port,2024-10-01,2024-05-28,Delivered,Textiles,87.69,99.49,65793.35,144511.68
SHP001443,CUST002126,Lagos Port,Singapore Port,2022-03-31,2024-03-27,Delayed,Electronics,101.22,216.38,42667.41,49158.0
SHP001444,CUST002189,Hamburg Port,Los Angeles Port,2024-06-05,2023-01-05,Delivered,Food,114.08,224.85,33512.16,85008.02
SHP001445,CUST000236,Lagos Port,Dubai Port,2023-08-03,2022-08-10,Delayed,Textiles,92.78,226.41,132716.1,129858.79
SHP001446,CUST001390,Singapore Port,Durban Port,2022-09-19,2024-06-04,Delivered,Oil,96.76,395.12,73137.51,37172.43
SHP001447,CUST000569,Durban Port,Lagos Port,2022-04-05,2024-09-24,In Transit,Textiles,148.63,202.78,13756.35,149232.77
SHP001448,CUST002458,Shanghai Port,Dubai Port,2022-12-05,2024-04-29,Delivered,Electronics,93.37,90.02,175574.18,43814.4
SHP001449,CUST001528,Rotterdam Port,Lagos Port,2022-05-17,2023-03-17,In Transit,Food,46.1,379.33,36329.49,81847.68
SHP001450,CUST000973,Rotterdam Port,Durban Port,2022-06-01,2022-12-21,Delivered,Food,191.23,298.5,153594.85,141942.84
SHP001451,CUST001110,Singapore Port,Lagos Port,2022-07-24,2022-09-25,Delayed,Oil,81.56,290.86,122712.13,37682.39
SHP001452,CUST001677,Durban Port,Durban Port,2022-02-19,2024-05-02,Delivered,Textiles,99.01,294.76,101899.62,34440.89
SHP001453,CUST001551,Hamburg Port,Rotterdam Port,2022-08-11,2022-07-15,Delayed,Textiles,47.63,123.5,110342.29,47118.05
SHP001454,CUST002426,Durban Port,Lagos Port,2023-11-26,2023-11-07,Delivered,Textiles,66.67,280.9,14613.6,32382.02
SHP001455,CUST002268,Singapore Port,Los Angeles Port,2022-12-13,2024-11-14,Delayed,Oil,98.44,286.32,29239.97,121107.64
SHP001456,CUST002834,Lagos Port,Singapore Port,2024-05-25,2024-05-01,Delayed,Electronics,43.32,467.06,61215.39,61882.92
SHP001457,CUST000439,Shanghai Port,Dubai Port,2022-01-04,2023-09-13,Delivered,Food,191.49,11.88,167796.88,29393.13
SHP001458,CUST002201,Los Angeles Port,Durban Port,2023-12-27,2022-03-12,Delivered,Vehicles,26.69,328.52,91253.91,117259.82
SHP001459,CUST001798,Shanghai Port,Lagos Port,2023-03-01,2022-04-19,In Transit,Oil,117.53,287.57,11836.24,121481.52
SHP001460,CUST001491,Los Angeles Port,Singapore Port,2023-11-19,2023-05-08,In Transit,Electronics,145.83,228.1,177971.76,70060.37
SHP001461,CUST001309,Lagos Port,Rotterdam Port,2022-05-30,2023-03-21,In Transit,Vehicles,105.85,112.97,122173.33,133853.61
SHP001462,CUST001385,Dubai Port,Dubai Port,2022-05-25,2023-12-13,In Transit,Textiles,103.18,137.29,17324.06,111346.78
SHP001463,CUST000734,Rotterdam Port,Los Angeles Port,2022-11-16,2022-02-19,Delayed,Electronics,96.07,90.15,30333.85,29402.29
SHP001464,CUST001348,Durban Port,Lagos Port,2022-10-19,2023-10-23,Delayed,Textiles,10.75,286.2,180150.67,100615.94
SHP001465,CUST001193,Lagos Port,Lagos Port,2024-11-30,2023-04-13,Delayed,Food,28.31,306.28,118363.91,92838.42
SHP001466,CUST000395,Los Angeles Port,Shanghai Port,2023-11-13,2024-11-03,Delayed,Vehicles,21.81,317.24,100528.57,148985.01
SHP001467,CUST000548,Singapore Port,Rotterdam Port,2022-11-15,2024-01-27,Delayed,Oil,26.58,161.15,177022.22,28453.96
SHP001468,CUST001603,Rotterdam Port,Dubai Port,2024-10-25,2023-03-31,Delivered,Food,152.5,250.11,157543.77,62938.06
SHP001469,CUST000628,Durban Port,Shanghai Port,2024-07-12,2022-03-20,In Transit,Electronics,60.26,121.56,26082.26,89550.0
SHP001470,CUST001519,Rotterdam Port,Shanghai Port,2022-11-15,2022-02-04,In Transit,Food,54.82,229.01,134931.61,17368.11
SHP001471,CUST002654,Singapore Port,Rotterdam Port,2024-09-26,2023-11-30,Delayed,Electronics,195.63,487.46,140547.42,69481.97
SHP001472,CUST001609,Singapore Port,Los Angeles Port,2024-04-03,2022-10-26,Delayed,Oil,164.01,206.32,24589.63,17500.21
SHP001473,CUST000148,Los Angeles Port,Lagos Port,2023-07-10,2022-03-12,In Transit,Oil,174.57,168.31,191143.2,43356.18
SHP001474,CUST000621,Singapore Port,Hamburg Port,2022-06-02,2023-02-22,In Transit,Electronics,24.23,351.97,102802.89,88121.17
SHP001475,CUST002535,Dubai Port,Dubai Port,2022-09-26,2022-07-20,Delivered,Electronics,31.71,466.19,101504.47,110272.57
SHP001476,CUST002658,Hamburg Port,Rotterdam Port,2022-03-20,2024-11-23,In Transit,Textiles,5.02,112.63,50474.05,142916.88
SHP001477,CUST000391,Singapore Port,Los Angeles Port,2022-05-03,2022-10-11,Delayed,Electronics,48.26,307.59,11992.94,85778.3
SHP001478,CUST002404,Singapore Port,Singapore Port,2023-05-12,2023-08-07,Delayed,Food,50.13,11.87,147892.73,100635.54
SHP001479,CUST002926,Singapore Port,Lagos Port,2022-08-01,2023-04-28,Delayed,Vehicles,35.87,317.81,71061.55,55882.27
SHP001480,CUST001422,Lagos Port,Durban Port,2024-12-28,2022-05-23,In Transit,Food,47.7,263.49,126893.22,125595.57
SHP001481,CUST002683,Los Angeles Port,Lagos Port,2023-03-12,2024-04-22,Delayed,Textiles,20.41,147.53,141420.28,96195.43
SHP001482,CUST000359,Lagos Port,Durban Port,2024-04-17,2022-03-08,In Transit,Oil,189.92,390.42,153668.41,119651.09
SHP001483,CUST001748,Shanghai Port,Lagos Port,2023-01-13,2023-05-18,Delayed,Oil,32.03,371.05,37211.68,32505.17
SHP001484,CUST001355,Shanghai Port,Hamburg Port,2023-12-03,2023-09-16,In Transit,Food,96.17,491.64,156523.76,62822.81
SHP001485,CUST000455,Hamburg Port,Hamburg Port,2023-10-27,2023-02-14,Delayed,Food,176.28,310.66,77074.91,127748.1
SHP001486,CUST000244,Shanghai Port,Singapore Port,2023-03-11,2022-04-25,Delivered,Vehicles,77.67,255.48,137315.69,5389.06
SHP001487,CUST001568,Lagos Port,Singapore Port,2022-12-27,2022-07-31,In Transit,Electronics,100.72,316.83,68910.77,16768.87
SHP001488,CUST002722,Lagos Port,Rotterdam Port,2023-09-19,2024-01-22,Delivered,Textiles,196.12,131.07,189709.89,124454.11
SHP001489,CUST000321,Rotterdam Port,Hamburg Port,2024-03-06,2023-12-26,Delayed,Textiles,66.01,458.26,19452.64,20371.41
SHP001490,CUST002513,Singapore Port,Shanghai Port,2024-01-29,2024-12-07,In Transit,Vehicles,162.19,290.7,8313.24,44545.72
SHP001491,CUST000118,Singapore Port,Durban Port,2024-11-25,2023-12-17,In Transit,Oil,141.0,329.44,89809.22,50943.21
SHP001492,CUST002214,Rotterdam Port,Dubai Port,2024-05-26,2024-07-14,Delivered,Oil,33.91,222.91,174461.57,104270.71
SHP001493,CUST002330,Rotterdam Port,Los Angeles Port,2023-07-24,2023-12-12,Delivered,Vehicles,6.21,275.33,158892.54,98724.95
SHP001494,CUST000807,Shanghai Port,Rotterdam Port,2022-09-19,2024-03-23,In Transit,Vehicles,67.84,417.52,93893.01,12696.06
SHP001495,CUST000379,Rotterdam Port,Dubai Port,2022-10-06,2024-03-30,Delivered,Vehicles,54.26,425.0,162213.07,85553.88
SHP001496,CUST001525,Dubai Port,Singapore Port,2024-02-14,2023-01-11,Delivered,Electronics,186.36,431.69,181409.63,148445.98
SHP001497,CUST000796,Dubai Port,Hamburg Port,2022-02-06,2023-06-28,In Transit,Food,131.55,481.36,104534.45,141154.28
SHP001498,CUST000310,Durban Port,Shanghai Port,2023-12-15,2023-01-01,In Transit,Vehicles,132.46,14.44,197127.16,136854.17
SHP001499,CUST000807,Durban Port,Rotterdam Port,2022-08-14,2024-09-04,In Transit,Vehicles,195.69,63.14,137231.19,31886.35
SHP001500,CUST001767,Hamburg Port,Durban Port,2023-01-02,2022-11-09,Delivered,Food,35.49,382.21,7397.55,124060.26
SHP001501,CUST000449,Dubai Port,Singapore Port,2023-07-26,2023-12-30,Delivered,Vehicles,58.11,74.3,105635.16,72001.8
SHP001502,CUST002175,Lagos Port,Rotterdam Port,2022-07-11,2023-02-02,Delivered,Vehicles,116.29,159.55,128925.02,83695.09
SHP001503,CUST000124,Shanghai Port,Shanghai Port,2024-10-23,2023-04-25,Delivered,Oil,104.05,133.0,197772.1,8022.12
SHP001504,CUST000238,Los Angeles Port,Lagos Port,2022-05-17,2024-11-07,In Transit,Textiles,14.58,179.64,74053.14,3023.19
SHP001505,CUST000363,Singapore Port,Rotterdam Port,2024-01-11,2022-02-19,Delivered,Food,42.89,246.42,42830.88,80413.17
SHP001506,CUST002724,Shanghai Port,Shanghai Port,2024-06-24,2024-04-05,Delivered,Vehicles,45.2,118.07,127548.41,23064.94
SHP001507,CUST001123,Durban Port,Shanghai Port,2023-01-29,2023-02-20,Delivered,Food,97.7,118.62,11136.62,120475.99
SHP001508,CUST000783,Hamburg Port,Hamburg Port,2024-03-20,2022-10-01,In Transit,Textiles,194.89,196.6,127332.66,63423.68
SHP001509,CUST002794,Durban Port,Dubai Port,2023-03-10,2024-10-30,Delivered,Vehicles,46.33,423.65,34265.18,40761.69
SHP001510,CUST001513,Rotterdam Port,Rotterdam Port,2023-06-21,2024-08-06,In Transit,Food,57.41,318.46,19164.07,135442.2
SHP001511,CUST000131,Singapore Port,Rotterdam Port,2024-04-16,2024-05-05,Delivered,Electronics,44.79,251.77,107343.6,119367.1
SHP001512,CUST002523,Singapore Port,Dubai Port,2023-10-29,2022-02-12,In Transit,Food,22.72,340.24,121228.7,141543.74
SHP001513,CUST001516,Dubai Port,Singapore Port,2022-02-08,2023-07-06,Delayed,Textiles,75.48,351.64,24340.28,71161.18
SHP001514,CUST000995,Shanghai Port,Hamburg Port,2024-08-13,2022-06-08,Delayed,Oil,24.44,463.01,77715.39,37452.79
SHP001515,CUST000752,Hamburg Port,Lagos Port,2022-01-17,2023-07-01,Delivered,Textiles,189.4,216.18,10690.16,110908.53
SHP001516,CUST001613,Lagos Port,Hamburg Port,2022-09-11,2024-02-01,Delivered,Electronics,165.37,216.66,144556.97,129245.8
SHP001517,CUST002593,Shanghai Port,Shanghai Port,2023-01-26,2022-03-06,Delayed,Vehicles,24.09,251.87,47686.09,74462.58
SHP001518,CUST002256,Durban Port,Los Angeles Port,2022-03-24,2024-01-16,In Transit,Vehicles,142.93,464.17,36237.88,47254.66
SHP001519,CUST002227,Singapore Port,Los Angeles Port,2024-01-11,2022-06-23,Delivered,Electronics,183.51,354.3,145332.83,3131.89
SHP001520,CUST002340,Dubai Port,Dubai Port,2023-06-19,2023-07-12,In Transit,Textiles,31.31,294.26,10884.74,67462.22
SHP001521,CUST000405,Singapore Port,Singapore Port,2024-02-27,2022-09-19,Delivered,Textiles,120.02,36.58,79041.72,58547.8
SHP001522,CUST001799,Rotterdam Port,Durban Port,2024-04-17,2024-04-19,In Transit,Food,164.88,194.86,72391.51,75006.84
SHP001523,CUST002264,Hamburg Port,Lagos Port,2023-09-22,2022-04-27,Delayed,Electronics,23.42,117.27,58787.0,20361.12
SHP001524,CUST002397,Lagos Port,Rotterdam Port,2024-02-09,2023-12-24,Delivered,Vehicles,31.28,158.85,197933.53,117381.79
SHP001525,CUST001145,Rotterdam Port,Singapore Port,2022-04-14,2022-12-26,Delayed,Food,40.04,412.31,64090.52,15869.67
SHP001526,CUST002868,Lagos Port,Hamburg Port,2024-09-18,2023-01-07,In Transit,Food,151.04,467.99,184232.16,93638.64
SHP001527,CUST002680,Shanghai Port,Rotterdam Port,2023-03-29,2023-01-01,In Transit,Vehicles,181.73,82.55,118586.3,100380.24
SHP001528,CUST000131,Dubai Port,Rotterdam Port,2023-03-15,2022-12-04,Delivered,Electronics,133.26,300.56,176530.31,49742.65
SHP001529,CUST002633,Dubai Port,Hamburg Port,2023-01-01,2024-02-01,In Transit,Textiles,65.42,362.47,17643.23,58249.59
SHP001530,CUST000693,Lagos Port,Dubai Port,2022-10-18,2023-10-05,Delivered,Electronics,144.2,117.02,165447.82,114437.43
SHP001531,CUST001182,Lagos Port,Rotterdam Port,2022-06-30,2022-07-16,Delivered,Vehicles,169.73,291.43,111503.41,96632.62
SHP001532,CUST000646,Lagos Port,Rotterdam Port,2023-02-15,2023-01-26,In Transit,Vehicles,131.05,286.99,42414.47,16147.42
SHP001533,CUST002062,Los Angeles Port,Rotterdam Port,2022-09-21,2024-10-04,Delivered,Oil,93.26,33.11,112027.42,91097.96
SHP001534,CUST001974,Singapore Port,Lagos Port,2024-03-21,2022-03-29,In Transit,Vehicles,191.23,143.61,24943.77,38483.56
SHP001535,CUST000266,Shanghai Port,Shanghai Port,2023-06-04,2023-04-13,In Transit,Vehicles,82.38,462.99,47797.92,58938.69
SHP001536,CUST000641,Dubai Port,Lagos Port,2024-11-08,2022-09-01,In Transit,Vehicles,39.29,163.4,76883.6,58525.14
SHP001537,CUST001907,Los Angeles Port,Shanghai Port,2024-10-14,2022-06-26,In Transit,Oil,32.57,402.34,89528.61,69070.67
SHP001538,CUST000330,Dubai Port,Rotterdam Port,2023-10-17,2024-03-17,In Transit,Textiles,197.37,326.49,135339.9,39180.4
SHP001539,CUST000088,Dubai Port,Durban Port,2023-05-03,2023-05-26,In Transit,Electronics,149.93,41.2,16852.03,68913.75
SHP001540,CUST000296,Hamburg Port,Rotterdam Port,2024-09-20,2023-06-07,Delayed,Oil,73.42,427.95,156527.15,147085.01
SHP001541,CUST001110,Shanghai Port,Hamburg Port,2024-01-02,2023-07-26,Delivered,Vehicles,164.51,74.68,23228.32,132804.65
SHP001542,CUST001223,Los Angeles Port,Dubai Port,2022-03-26,2024-03-09,In Transit,Vehicles,125.78,112.13,55533.29,14570.25
SHP001543,CUST002934,Hamburg Port,Rotterdam Port,2022-06-24,2024-06-16,Delayed,Textiles,199.59,414.43,122155.58,131626.25
SHP001544,CUST002496,Dubai Port,Rotterdam Port,2024-03-02,2022-09-16,In Transit,Vehicles,158.71,338.4,149551.54,149314.21
SHP001545,CUST002557,Hamburg Port,Dubai Port,2022-05-10,2022-05-29,Delivered,Food,67.18,180.28,195373.34,60747.69
SHP001546,CUST000158,Hamburg Port,Rotterdam Port,2024-01-21,2023-08-20,Delivered,Textiles,82.68,124.12,178047.63,25723.86
SHP001547,CUST001229,Hamburg Port,Los Angeles Port,2022-10-18,2024-05-12,Delayed,Oil,35.09,19.95,49372.06,39305.07
SHP001548,CUST001837,Shanghai Port,Shanghai Port,2024-02-09,2023-01-16,In Transit,Electronics,134.94,38.42,149264.16,104297.93
SHP001549,CUST000702,Rotterdam Port,Los Angeles Port,2024-07-20,2022-09-01,Delivered,Oil,67.16,13.4,97207.75,109536.06
SHP001550,CUST000233,Rotterdam Port,Rotterdam Port,2024-03-25,2022-10-09,Delayed,Electronics,58.62,57.62,28180.6,87073.85
SHP001551,CUST002425,Dubai Port,Shanghai Port,2024-01-22,2022-01-20,Delivered,Electronics,56.67,493.19,142999.31,116580.23
SHP001552,CUST000793,Hamburg Port,Durban Port,2023-02-12,2023-05-14,In Transit,Vehicles,177.18,278.14,152925.21,39346.84
SHP001553,CUST000682,Dubai Port,Shanghai Port,2024-04-26,2022-05-07,In Transit,Food,166.45,41.2,146989.33,103981.8
SHP001554,CUST002622,Lagos Port,Rotterdam Port,2023-03-23,2024-02-14,Delivered,Textiles,36.05,299.59,164694.58,90218.4
SHP001555,CUST001348,Hamburg Port,Rotterdam Port,2023-05-31,2023-08-10,Delivered,Textiles,26.48,138.65,101452.02,39810.53
SHP001556,CUST000522,Hamburg Port,Los Angeles Port,2024-03-12,2022-07-17,In Transit,Oil,124.15,232.8,161609.95,25060.15
SHP001557,CUST002521,Hamburg Port,Los Angeles Port,2022-07-25,2024-04-21,In Transit,Vehicles,99.91,89.1,36243.87,65213.18
SHP001558,CUST001965,Rotterdam Port,Los Angeles Port,2022-02-03,2022-10-19,In Transit,Vehicles,16.29,168.43,85336.93,43346.83
SHP001559,CUST000539,Lagos Port,Rotterdam Port,2024-03-01,2022-09-04,Delivered,Vehicles,93.17,296.49,33499.12,29703.25
SHP001560,CUST002044,Hamburg Port,Shanghai Port,2024-01-09,2022-06-07,Delayed,Vehicles,145.59,348.86,166894.22,77338.31
SHP001561,CUST002094,Hamburg Port,Durban Port,2023-09-10,2023-12-12,In Transit,Textiles,112.06,301.84,122185.49,104061.5
SHP001562,CUST001511,Hamburg Port,Lagos Port,2024-06-10,2024-06-20,Delivered,Electronics,12.82,458.39,159779.43,49374.89
SHP001563,CUST002945,Hamburg Port,Rotterdam Port,2024-10-05,2024-09-24,In Transit,Food,136.81,150.18,100205.18,42508.49
SHP001564,CUST000470,Rotterdam Port,Dubai Port,2022-01-08,2024-03-20,In Transit,Vehicles,23.21,176.91,61157.79,66621.24
SHP001565,CUST001212,Singapore Port,Durban Port,2022-02-05,2024-09-29,Delayed,Vehicles,28.81,463.86,31077.6,124826.41
SHP001566,CUST001784,Los Angeles Port,Durban Port,2023-10-23,2022-08-31,In Transit,Food,58.3,463.54,186120.25,145825.64
SHP001567,CUST001099,Shanghai Port,Singapore Port,2024-02-07,2022-01-09,In Transit,Oil,89.53,18.91,36021.4,80291.03
SHP001568,CUST001607,Shanghai Port,Dubai Port,2022-08-23,2024-06-19,In Transit,Vehicles,43.57,38.52,197930.34,84886.14
SHP001569,CUST001926,Shanghai Port,Lagos Port,2023-04-17,2022-02-26,In Transit,Vehicles,87.82,277.32,128255.29,139606.9
SHP001570,CUST001100,Rotterdam Port,Durban Port,2024-02-26,2022-02-27,Delivered,Electronics,23.5,401.4,173348.79,103598.32
SHP001571,CUST000702,Singapore Port,Lagos Port,2024-06-16,2023-01-07,Delayed,Vehicles,53.6,144.52,174729.98,133961.95
SHP001572,CUST002994,Singapore Port,Los Angeles Port,2023-06-03,2023-07-17,In Transit,Vehicles,160.01,93.23,155554.25,94930.47
SHP001573,CUST001561,Hamburg Port,Rotterdam Port,2024-06-07,2022-08-14,In Transit,Food,72.88,35.81,11578.21,67657.12
SHP001574,CUST001023,Shanghai Port,Singapore Port,2022-11-08,2022-12-07,Delivered,Food,168.3,357.69,159508.17,113132.19
SHP001575,CUST002104,Lagos Port,Shanghai Port,2022-10-13,2024-03-12,In Transit,Textiles,5.74,184.46,33329.67,45057.78
SHP001576,CUST002610,Hamburg Port,Los Angeles Port,2023-10-08,2023-07-10,Delayed,Vehicles,71.67,44.92,117981.87,74393.88
SHP001577,CUST001595,Shanghai Port,Rotterdam Port,2022-03-04,2022-12-06,Delivered,Vehicles,159.44,21.54,28855.2,33787.73
SHP001578,CUST001273,Hamburg Port,Rotterdam Port,2022-08-18,2023-08-19,Delayed,Oil,132.89,291.57,91726.66,23860.89
SHP001579,CUST001563,Lagos Port,Lagos Port,2023-04-05,2023-03-07,Delayed,Electronics,56.66,75.34,12577.79,11417.94
SHP001580,CUST000060,Singapore Port,Rotterdam Port,2024-03-23,2022-01-11,Delivered,Vehicles,155.91,246.45,76193.78,69777.97
SHP001581,CUST000366,Singapore Port,Singapore Port,2022-12-26,2024-09-30,In Transit,Textiles,121.96,61.63,197869.02,100522.76
SHP001582,CUST001381,Dubai Port,Durban Port,2023-05-06,2022-03-18,Delivered,Vehicles,104.22,62.17,104366.92,57287.39
SHP001583,CUST001090,Lagos Port,Los Angeles Port,2023-12-07,2022-06-17,In Transit,Food,9.88,81.45,176425.8,68563.21
SHP001584,CUST002906,Shanghai Port,Rotterdam Port,2023-06-02,2024-01-28,Delivered,Oil,9.41,270.91,48487.0,56335.02
SHP001585,CUST000748,Hamburg Port,Shanghai Port,2023-04-18,2024-02-16,Delivered,Electronics,127.04,173.38,112755.03,18392.0
SHP001586,CUST001206,Los Angeles Port,Rotterdam Port,2023-05-20,2022-10-12,Delivered,Textiles,166.63,393.6,67178.85,72200.42
SHP001587,CUST001845,Los Angeles Port,Shanghai Port,2024-11-18,2022-11-19,Delayed,Oil,74.31,176.51,113253.53,40354.6
SHP001588,CUST001340,Los Angeles Port,Shanghai Port,2024-10-10,2022-10-14,In Transit,Vehicles,35.24,435.71,49739.26,124000.73
SHP001589,CUST000852,Shanghai Port,Shanghai Port,2023-10-05,2024-10-30,Delivered,Textiles,168.08,494.87,174621.85,66189.84
SHP001590,CUST002753,Shanghai Port,Rotterdam Port,2023-09-08,2022-05-05,Delivered,Textiles,130.77,467.51,58472.64,30629.98
SHP001591,CUST001523,Dubai Port,Shanghai Port,2024-05-12,2023-12-23,In Transit,Oil,172.96,275.75,166096.39,130414.9
SHP001592,CUST000652,Shanghai Port,Hamburg Port,2024-09-11,2022-10-27,Delivered,Food,166.16,465.88,116065.26,105837.95
SHP001593,CUST002311,Lagos Port,Lagos Port,2024-07-15,2024-10-29,Delivered,Vehicles,122.42,428.63,68454.78,7076.63
SHP001594,CUST002203,Hamburg Port,Lagos Port,2023-05-02,2022-11-08,Delivered,Electronics,68.99,480.2,101496.37,14594.1
SHP001595,CUST002544,Durban Port,Lagos Port,2024-07-24,2024-06-29,Delivered,Oil,196.29,72.84,194894.48,53221.6
SHP001596,CUST002469,Dubai Port,Lagos Port,2024-03-14,2023-10-15,Delayed,Electronics,62.85,475.29,177152.28,114959.59
SHP001597,CUST002099,Singapore Port,Shanghai Port,2023-05-14,2024-03-27,In Transit,Textiles,61.21,195.59,143497.27,109687.07
SHP001598,CUST001661,Hamburg Port,Singapore Port,2023-11-09,2023-09-10,Delayed,Vehicles,183.3,93.28,185738.26,43374.14
SHP001599,CUST001777,Singapore Port,Singapore Port,2024-09-04,2023-01-25,Delayed,Textiles,90.79,295.04,107398.1,82849.61
SHP001600,CUST002288,Los Angeles Port,Rotterdam Port,2023-09-06,2023-08-31,Delayed,Textiles,53.57,405.73,181856.2,47922.6
SHP001601,CUST002019,Lagos Port,Shanghai Port,2023-11-22,2024-04-24,In Transit,Electronics,101.49,141.5,25305.96,94151.14
SHP001602,CUST000672,Lagos Port,Durban Port,2024-07-27,2022-08-12,In Transit,Vehicles,138.96,460.12,157729.15,107033.44
SHP001603,CUST000090,Rotterdam Port,Los Angeles Port,2024-08-17,2024-01-31,In Transit,Food,85.53,26.59,17772.76,46984.12
SHP001604,CUST002368,Lagos Port,Shanghai Port,2024-11-30,2023-04-23,In Transit,Oil,82.31,97.32,194902.03,125502.81
SHP001605,CUST002340,Singapore Port,Dubai Port,2024-05-10,2024-04-18,Delivered,Vehicles,136.58,28.48,151289.59,115551.19
SHP001606,CUST002270,Rotterdam Port,Hamburg Port,2024-01-05,2024-08-25,Delayed,Food,19.4,481.19,45459.08,36840.88
SHP001607,CUST002345,Lagos Port,Shanghai Port,2024-11-08,2024-11-17,In Transit,Electronics,150.73,318.27,162179.43,143096.87
SHP001608,CUST002963,Los Angeles Port,Los Angeles Port,2023-05-03,2023-05-08,Delivered,Textiles,58.36,388.73,151456.51,75019.41
SHP001609,CUST001117,Shanghai Port,Dubai Port,2023-12-15,2022-10-16,Delayed,Textiles,90.68,191.22,36820.82,77924.49
SHP001610,CUST000636,Rotterdam Port,Shanghai Port,2024-01-01,2023-01-05,In Transit,Textiles,69.63,274.63,175305.07,47127.98
SHP001611,CUST000068,Los Angeles Port,Los Angeles Port,2022-04-13,2024-07-06,In Transit,Food,123.41,45.6,95925.98,77850.47
SHP001612,CUST001152,Shanghai Port,Los Angeles Port,2023-03-11,2022-04-07,Delayed,Vehicles,64.65,453.78,55818.45,31046.5
SHP001613,CUST001426,Lagos Port,Hamburg Port,2022-11-28,2022-01-13,Delayed,Vehicles,136.39,348.14,12229.08,25216.54
SHP001614,CUST001792,Rotterdam Port,Singapore Port,2024-07-19,2022-05-19,Delivered,Vehicles,117.64,377.12,127545.92,17269.95
SHP001615,CUST001069,Lagos Port,Los Angeles Port,2022-04-09,2022-02-07,In Transit,Textiles,146.45,424.45,28450.15,144937.86
SHP001616,CUST002802,Rotterdam Port,Lagos Port,2022-07-11,2024-07-30,Delayed,Textiles,26.58,126.8,73773.13,60059.09
SHP001617,CUST001323,Dubai Port,Dubai Port,2023-06-25,2022-02-19,In Transit,Food,37.77,307.77,48410.06,74729.92
SHP001618,CUST001959,Durban Port,Hamburg Port,2023-08-30,2023-09-08,In Transit,Vehicles,5.24,473.8,98780.68,122852.95
SHP001619,CUST002025,Lagos Port,Shanghai Port,2022-05-20,2024-06-10,In Transit,Electronics,199.38,282.83,69972.64,14248.43
SHP001620,CUST002443,Hamburg Port,Lagos Port,2023-10-21,2022-01-10,Delivered,Food,23.25,265.93,103058.76,95441.88
SHP001621,CUST001638,Dubai Port,Dubai Port,2022-02-27,2023-11-16,Delayed,Vehicles,25.62,190.8,54801.29,72250.37
SHP001622,CUST001150,Durban Port,Hamburg Port,2023-10-04,2023-06-24,In Transit,Textiles,84.31,354.16,150198.3,23479.4
SHP001623,CUST002581,Singapore Port,Shanghai Port,2024-04-24,2022-02-14,In Transit,Food,55.99,466.74,151028.44,137769.16
SHP001624,CUST002151,Dubai Port,Rotterdam Port,2022-10-28,2024-09-10,In Transit,Vehicles,93.08,373.93,43942.82,37350.8
SHP001625,CUST000038,Lagos Port,Hamburg Port,2022-02-18,2023-06-07,In Transit,Textiles,163.98,301.08,182859.0,18974.5
SHP001626,CUST002003,Dubai Port,Lagos Port,2024-12-19,2023-01-21,Delayed,Food,104.83,425.96,38063.14,68500.58
SHP001627,CUST000347,Dubai Port,Los Angeles Port,2024-10-05,2024-08-24,In Transit,Textiles,145.58,192.91,154781.77,3212.5
SHP001628,CUST001083,Singapore Port,Los Angeles Port,2024-12-22,2024-03-14,Delayed,Food,33.36,327.0,11279.22,10124.19
SHP001629,CUST001587,Rotterdam Port,Hamburg Port,2022-09-05,2023-10-04,In Transit,Oil,193.28,174.32,27435.01,28473.03
SHP001630,CUST002838,Lagos Port,Durban Port,2022-05-28,2024-06-07,In Transit,Electronics,28.17,32.64,26764.3,37049.98
SHP001631,CUST002940,Singapore Port,Dubai Port,2024-04-15,2022-10-10,In Transit,Electronics,36.76,424.87,163041.33,126861.67
SHP001632,CUST000573,Rotterdam Port,Rotterdam Port,2024-02-03,2024-04-15,Delivered,Oil,185.38,312.81,53396.02,96761.86
SHP001633,CUST000833,Hamburg Port,Rotterdam Port,2022-10-03,2022-12-07,Delivered,Electronics,61.14,406.8,46534.57,40345.73
SHP001634,CUST000467,Singapore Port,Dubai Port,2023-01-10,2022-10-05,Delivered,Oil,175.26,485.11,131187.54,53446.59
SHP001635,CUST001554,Rotterdam Port,Singapore Port,2023-04-28,2022-01-01,Delivered,Food,159.7,423.6,94086.54,38405.45
SHP001636,CUST002809,Rotterdam Port,Los Angeles Port,2023-07-15,2022-03-05,Delayed,Electronics,99.12,362.64,65281.6,67429.11
SHP001637,CUST001423,Singapore Port,Durban Port,2022-02-22,2022-05-06,Delayed,Textiles,114.87,356.4,57435.35,100018.46
SHP001638,CUST002574,Los Angeles Port,Singapore Port,2023-01-11,2024-05-01,Delayed,Electronics,135.23,471.44,199628.75,38152.34
SHP001639,CUST000236,Lagos Port,Shanghai Port,2022-06-08,2022-01-25,Delivered,Electronics,92.3,25.28,169432.83,14886.86
SHP001640,CUST000022,Shanghai Port,Los Angeles Port,2023-12-29,2024-04-12,In Transit,Food,85.9,212.57,127773.44,50250.72
SHP001641,CUST000051,Shanghai Port,Singapore Port,2024-09-14,2023-01-25,Delivered,Food,133.48,39.64,69548.94,124491.47
SHP001642,CUST000529,Hamburg Port,Rotterdam Port,2024-04-09,2023-08-03,Delayed,Oil,56.82,74.69,61947.33,146179.99
SHP001643,CUST000418,Rotterdam Port,Durban Port,2023-01-10,2023-05-28,Delivered,Textiles,8.83,72.84,44441.15,80212.71
SHP001644,CUST002761,Dubai Port,Rotterdam Port,2023-02-27,2024-05-04,Delayed,Food,15.79,277.91,79127.92,98363.62
SHP001645,CUST000277,Lagos Port,Dubai Port,2022-03-29,2024-07-23,In Transit,Textiles,95.03,393.31,118851.64,73889.36
SHP001646,CUST001485,Hamburg Port,Los Angeles Port,2024-12-12,2023-05-04,In Transit,Food,27.12,203.52,101240.28,39925.69
SHP001647,CUST001652,Hamburg Port,Los Angeles Port,2022-08-04,2024-09-12,Delivered,Food,85.89,411.69,199744.27,53048.8
SHP001648,CUST002376,Lagos Port,Singapore Port,2022-08-21,2022-02-23,In Transit,Electronics,130.94,290.52,130698.3,38597.25
SHP001649,CUST000789,Durban Port,Shanghai Port,2023-05-01,2023-12-25,Delayed,Food,7.25,149.64,137802.64,53458.21
SHP001650,CUST002713,Rotterdam Port,Los Angeles Port,2023-06-13,2024-08-24,Delivered,Textiles,161.53,276.94,82317.68,102319.64
SHP001651,CUST000684,Singapore Port,Hamburg Port,2023-04-12,2023-05-03,Delivered,Vehicles,53.91,302.1,150472.38,7662.97
SHP001652,CUST000055,Hamburg Port,Shanghai Port,2022-09-02,2022-10-15,Delayed,Oil,15.38,228.45,28780.98,106111.43
SHP001653,CUST001900,Dubai Port,Rotterdam Port,2024-02-15,2024-08-30,Delayed,Textiles,154.74,329.43,100556.86,18486.04
SHP001654,CUST001387,Singapore Port,Dubai Port,2024-06-01,2022-01-15,In Transit,Vehicles,116.0,33.32,176612.78,27224.15
SHP001655,CUST000499,Los Angeles Port,Los Angeles Port,2024-08-08,2024-01-23,Delayed,Oil,199.22,126.33,159991.87,113244.59
SHP001656,CUST002056,Shanghai Port,Shanghai Port,2022-12-06,2024-06-07,In Transit,Electronics,123.77,256.49,99907.35,86576.29
SHP001657,CUST002881,Dubai Port,Singapore Port,2024-04-12,2022-04-03,Delivered,Food,59.71,496.27,175701.35,140181.95
SHP001658,CUST001520,Dubai Port,Lagos Port,2022-08-02,2022-08-05,Delayed,Electronics,109.86,397.51,88271.35,81427.56
SHP001659,CUST001660,Hamburg Port,Los Angeles Port,2022-01-14,2024-03-04,Delayed,Textiles,147.11,39.79,175747.33,115860.33
SHP001660,CUST001225,Singapore Port,Dubai Port,2022-08-24,2024-08-08,In Transit,Oil,90.66,447.53,90513.71,34021.96
SHP001661,CUST000771,Los Angeles Port,Singapore Port,2022-12-07,2024-09-07,Delivered,Food,154.73,308.8,112268.77,82677.42
SHP001662,CUST000963,Lagos Port,Shanghai Port,2023-08-06,2023-07-14,Delivered,Food,51.72,46.61,90401.88,117905.19
SHP001663,CUST001543,Shanghai Port,Durban Port,2024-04-24,2023-04-01,Delayed,Textiles,88.67,368.93,128136.03,53160.06
SHP001664,CUST001373,Rotterdam Port,Dubai Port,2024-02-16,2022-03-06,Delayed,Vehicles,139.22,415.75,180123.1,145838.21
SHP001665,CUST001355,Durban Port,Shanghai Port,2022-12-16,2024-12-14,Delivered,Oil,128.31,171.34,151321.11,5029.9
SHP001666,CUST002113,Dubai Port,Lagos Port,2022-01-19,2022-10-27,Delivered,Vehicles,90.13,430.55,96352.17,105081.61
SHP001667,CUST001412,Hamburg Port,Hamburg Port,2023-12-21,2023-11-12,Delivered,Vehicles,30.74,35.43,109595.11,9799.97
SHP001668,CUST002453,Hamburg Port,Durban Port,2022-01-29,2024-12-15,Delayed,Vehicles,28.56,268.06,25406.93,28238.43
SHP001669,CUST001930,Hamburg Port,Hamburg Port,2024-01-01,2024-06-28,Delayed,Textiles,22.14,110.09,142321.62,10358.0
SHP001670,CUST002754,Lagos Port,Lagos Port,2024-05-09,2024-11-07,In Transit,Vehicles,167.12,296.08,130546.47,140984.54
SHP001671,CUST002650,Singapore Port,Rotterdam Port,2022-12-29,2024-07-06,Delivered,Oil,194.82,131.59,25780.19,138102.23
SHP001672,CUST001556,Lagos Port,Singapore Port,2023-04-04,2023-11-02,In Transit,Vehicles,79.95,176.11,34576.29,8534.89
SHP001673,CUST001738,Hamburg Port,Hamburg Port,2024-10-15,2023-08-28,Delivered,Electronics,100.92,94.11,146579.35,99466.76
SHP001674,CUST000097,Singapore Port,Los Angeles Port,2022-07-13,2023-08-01,In Transit,Food,96.96,234.6,102418.47,94506.54
SHP001675,CUST001632,Durban Port,Rotterdam Port,2023-08-22,2023-07-23,In Transit,Textiles,107.29,433.29,188355.47,106520.68
SHP001676,CUST001134,Los Angeles Port,Shanghai Port,2024-03-05,2023-06-07,In Transit,Oil,170.73,491.03,129636.87,92607.64
SHP001677,CUST001182,Lagos Port,Los Angeles Port,2023-03-03,2023-12-18,In Transit,Oil,195.36,123.83,116652.65,147552.9
SHP001678,CUST000657,Lagos Port,Lagos Port,2022-06-14,2022-05-18,In Transit,Vehicles,24.51,168.33,33257.97,51692.77
SHP001679,CUST001092,Durban Port,Singapore Port,2022-03-11,2023-12-13,Delivered,Oil,130.69,32.64,134598.16,132749.94
SHP001680,CUST002038,Hamburg Port,Rotterdam Port,2023-11-30,2022-11-09,Delayed,Food,79.93,151.87,70845.64,83342.83
SHP001681,CUST002846,Singapore Port,Durban Port,2022-01-08,2024-04-05,Delivered,Oil,182.25,433.18,93326.24,35818.91
SHP001682,CUST002407,Hamburg Port,Singapore Port,2022-04-03,2023-08-07,In Transit,Textiles,10.81,219.58,153926.41,143446.6
SHP001683,CUST000423,Shanghai Port,Shanghai Port,2024-05-04,2023-05-06,Delayed,Textiles,74.69,491.39,60690.59,132049.11
SHP001684,CUST002717,Lagos Port,Shanghai Port,2023-01-01,2024-04-22,In Transit,Textiles,23.3,319.4,16022.25,65845.85
SHP001685,CUST001398,Rotterdam Port,Los Angeles Port,2022-06-18,2022-10-12,In Transit,Oil,31.17,193.78,28788.28,19572.49
SHP001686,CUST001358,Rotterdam Port,Lagos Port,2023-11-14,2022-05-27,Delayed,Textiles,152.16,332.11,59550.61,6915.1
SHP001687,CUST001145,Durban Port,Lagos Port,2023-12-08,2024-06-21,Delivered,Oil,9.36,144.58,106889.16,53165.19
SHP001688,CUST002791,Shanghai Port,Shanghai Port,2022-12-03,2022-07-15,Delivered,Oil,78.74,411.63,115317.07,5675.95
SHP001689,CUST000510,Rotterdam Port,Singapore Port,2022-11-30,2023-07-27,Delayed,Vehicles,112.06,405.26,26441.69,118035.08
SHP001690,CUST002151,Singapore Port,Lagos Port,2024-01-31,2023-10-09,Delivered,Food,49.08,172.55,167321.22,145894.78
SHP001691,CUST002793,Hamburg Port,Rotterdam Port,2022-10-16,2022-03-23,Delayed,Electronics,49.93,303.42,134198.89,95191.27
SHP001692,CUST000878,Lagos Port,Hamburg Port,2023-06-14,2023-12-19,Delivered,Electronics,54.75,268.05,51252.57,117804.89
SHP001693,CUST002175,Rotterdam Port,Durban Port,2022-08-18,2022-05-28,In Transit,Electronics,53.3,466.99,180579.7,128845.48
SHP001694,CUST002426,Durban Port,Los Angeles Port,2023-06-18,2022-06-22,Delivered,Oil,105.86,286.7,62195.91,147870.62
SHP001695,CUST001681,Hamburg Port,Singapore Port,2022-05-31,2023-08-20,Delayed,Vehicles,48.75,419.38,199222.49,141520.46
SHP001696,CUST001938,Hamburg Port,Rotterdam Port,2023-05-02,2024-04-05,In Transit,Food,145.74,400.3,142301.47,122848.62
SHP001697,CUST000879,Rotterdam Port,Shanghai Port,2024-01-19,2023-10-02,Delayed,Oil,191.64,190.33,196362.97,45866.9
SHP001698,CUST000714,Durban Port,Dubai Port,2022-12-21,2024-05-07,In Transit,Vehicles,77.46,291.77,185846.73,66198.0
SHP001699,CUST002611,Dubai Port,Shanghai Port,2022-06-26,2022-02-17,Delayed,Electronics,6.97,307.81,58104.02,106574.84
SHP001700,CUST002046,Durban Port,Hamburg Port,2024-02-22,2022-08-21,Delivered,Food,148.06,475.99,43245.75,120711.5
SHP001701,CUST002535,Durban Port,Singapore Port,2023-03-10,2022-12-07,Delivered,Vehicles,13.65,285.45,196457.68,136340.76
SHP001702,CUST000996,Dubai Port,Hamburg Port,2023-06-28,2024-11-14,Delivered,Vehicles,180.35,146.83,132235.88,143414.66
SHP001703,CUST000672,Lagos Port,Durban Port,2024-04-09,2024-12-10,Delayed,Electronics,159.52,169.01,87370.82,6034.08
SHP001704,CUST000769,Hamburg Port,Lagos Port,2024-05-31,2024-05-12,In Transit,Vehicles,193.79,187.57,115568.46,4401.59
SHP001705,CUST001510,Hamburg Port,Hamburg Port,2024-12-18,2022-11-28,Delivered,Vehicles,39.64,331.91,193021.64,4195.64
SHP001706,CUST000317,Shanghai Port,Lagos Port,2022-11-29,2022-08-12,Delivered,Electronics,68.51,340.44,172004.67,71641.92
SHP001707,CUST000381,Durban Port,Rotterdam Port,2023-07-08,2023-03-29,Delayed,Textiles,20.79,121.84,56350.96,96297.21
SHP001708,CUST002199,Lagos Port,Dubai Port,2022-02-14,2023-02-20,In Transit,Vehicles,30.05,113.59,75127.74,109310.23
SHP001709,CUST002570,Singapore Port,Dubai Port,2024-01-01,2023-05-17,Delayed,Oil,182.88,320.27,167007.2,133163.73
SHP001710,CUST001002,Hamburg Port,Rotterdam Port,2022-04-11,2023-11-06,Delivered,Vehicles,39.49,211.96,34875.28,89938.22
SHP001711,CUST000428,Dubai Port,Shanghai Port,2023-08-06,2022-11-24,Delivered,Vehicles,84.45,130.76,183542.75,119408.58
SHP001712,CUST001844,Singapore Port,Rotterdam Port,2023-06-14,2023-08-09,In Transit,Oil,30.19,152.1,70742.25,106590.53
SHP001713,CUST002041,Hamburg Port,Hamburg Port,2024-06-17,2022-05-17,In Transit,Electronics,47.38,93.34,117543.65,27720.79
SHP001714,CUST002079,Shanghai Port,Lagos Port,2023-02-21,2024-11-24,In Transit,Electronics,19.5,404.56,63945.17,134780.85
SHP001715,CUST001173,Durban Port,Dubai Port,2023-02-04,2023-10-20,Delayed,Oil,185.84,301.56,52399.42,15693.31
SHP001716,CUST000663,Shanghai Port,Shanghai Port,2022-03-29,2023-08-07,Delivered,Vehicles,80.47,60.96,85179.52,31510.12
SHP001717,CUST001724,Rotterdam Port,Durban Port,2024-02-21,2024-11-23,Delayed,Vehicles,150.46,224.52,25783.79,101309.44
SHP001718,CUST002162,Los Angeles Port,Rotterdam Port,2023-05-30,2022-11-29,Delivered,Electronics,65.04,62.02,100727.74,102416.03
SHP001719,CUST001834,Rotterdam Port,Hamburg Port,2023-07-19,2022-09-06,Delayed,Textiles,38.75,409.51,154478.72,129595.3
SHP001720,CUST001811,Singapore Port,Singapore Port,2023-10-02,2024-05-11,Delivered,Electronics,25.94,15.31,14441.27,6832.7
SHP001721,CUST000641,Dubai Port,Rotterdam Port,2022-03-25,2023-01-31,Delayed,Electronics,63.22,36.98,88037.78,89448.84
SHP001722,CUST001771,Lagos Port,Hamburg Port,2024-01-18,2023-09-22,Delayed,Textiles,161.82,297.7,52169.8,40213.81
SHP001723,CUST000368,Rotterdam Port,Rotterdam Port,2023-01-10,2023-07-08,Delivered,Textiles,157.16,295.08,194872.66,16613.0
SHP001724,CUST001228,Dubai Port,Rotterdam Port,2022-12-04,2024-11-26,In Transit,Food,111.85,19.52,42827.92,44028.22
SHP001725,CUST002440,Durban Port,Shanghai Port,2022-08-11,2024-11-11,Delivered,Textiles,146.19,109.9,165297.72,71366.98
SHP001726,CUST002213,Los Angeles Port,Durban Port,2023-04-16,2022-01-23,In Transit,Electronics,90.09,416.03,88980.27,107862.7
SHP001727,CUST001648,Los Angeles Port,Shanghai Port,2023-07-03,2024-11-20,Delayed,Oil,27.16,62.28,96501.64,29152.8
SHP001728,CUST002931,Hamburg Port,Los Angeles Port,2024-03-28,2023-03-05,Delivered,Textiles,129.71,314.08,110152.01,115466.62
SHP001729,CUST001735,Dubai Port,Rotterdam Port,2024-07-15,2024-04-15,In Transit,Textiles,49.06,170.75,189574.59,45822.03
SHP001730,CUST001576,Shanghai Port,Shanghai Port,2022-12-22,2024-10-17,Delayed,Textiles,111.42,19.43,171737.94,113445.88
SHP001731,CUST002759,Rotterdam Port,Los Angeles Port,2023-01-27,2023-07-05,In Transit,Vehicles,26.89,197.99,181154.26,34301.48
SHP001732,CUST000272,Durban Port,Durban Port,2023-01-24,2023-01-04,In Transit,Textiles,86.57,69.42,137806.24,6262.55
SHP001733,CUST000093,Singapore Port,Lagos Port,2023-05-27,2023-08-17,Delayed,Vehicles,194.14,11.31,42440.38,105454.74
SHP001734,CUST002682,Durban Port,Los Angeles Port,2023-06-16,2023-07-19,In Transit,Electronics,140.58,370.35,176389.66,123321.33
SHP001735,CUST002447,Hamburg Port,Durban Port,2023-05-11,2023-07-02,Delivered,Vehicles,142.14,342.45,18632.1,94026.46
SHP001736,CUST002761,Lagos Port,Singapore Port,2024-07-12,2023-09-10,Delivered,Oil,19.57,281.4,184453.31,87397.15
SHP001737,CUST000844,Lagos Port,Hamburg Port,2022-03-02,2022-10-01,Delivered,Oil,127.81,22.89,159613.89,117010.37
SHP001738,CUST002340,Durban Port,Hamburg Port,2022-06-24,2024-08-10,In Transit,Electronics,146.12,92.89,12517.67,35987.02
SHP001739,CUST001042,Shanghai Port,Durban Port,2024-02-16,2023-05-09,Delivered,Food,111.87,351.7,93366.04,130600.93
SHP001740,CUST002244,Singapore Port,Singapore Port,2022-02-06,2024-11-24,Delayed,Food,187.06,65.99,100470.25,34395.02
SHP001741,CUST000136,Los Angeles Port,Shanghai Port,2023-11-28,2023-11-03,Delayed,Textiles,38.54,362.74,85114.04,108552.85
SHP001742,CUST002991,Hamburg Port,Hamburg Port,2023-09-13,2023-03-31,Delayed,Textiles,10.23,79.27,181343.21,22512.07
SHP001743,CUST000846,Hamburg Port,Durban Port,2024-03-28,2022-05-19,Delayed,Electronics,44.63,380.67,182980.96,82074.93
SHP001744,CUST001335,Durban Port,Rotterdam Port,2023-12-13,2024-03-10,Delivered,Oil,145.57,294.93,144688.1,11030.0
SHP001745,CUST001667,Lagos Port,Singapore Port,2024-01-23,2022-03-14,In Transit,Oil,8.2,190.57,176956.38,101272.36
SHP001746,CUST001650,Singapore Port,Lagos Port,2022-01-07,2023-02-25,Delivered,Vehicles,86.48,363.42,149212.86,27957.67
SHP001747,CUST000246,Hamburg Port,Rotterdam Port,2023-08-14,2023-10-07,Delayed,Food,144.58,13.76,160784.61,123409.47
SHP001748,CUST000590,Rotterdam Port,Rotterdam Port,2024-09-04,2024-08-28,Delivered,Oil,169.92,326.72,76952.3,32651.35
SHP001749,CUST001311,Dubai Port,Los Angeles Port,2022-08-01,2022-09-15,Delayed,Electronics,162.46,236.27,137777.69,75668.63
SHP001750,CUST001378,Shanghai Port,Singapore Port,2022-06-24,2022-02-20,Delivered,Electronics,81.88,424.23,143664.86,116391.19
SHP001751,CUST002171,Dubai Port,Hamburg Port,2024-04-24,2022-08-30,Delayed,Oil,12.82,441.28,91014.84,146639.43
SHP001752,CUST002906,Lagos Port,Hamburg Port,2024-07-19,2023-12-30,Delayed,Textiles,163.31,484.09,43690.73,125725.79
SHP001753,CUST002320,Lagos Port,Rotterdam Port,2023-05-19,2024-01-15,In Transit,Electronics,20.88,485.66,99521.43,78346.98
SHP001754,CUST002432,Lagos Port,Lagos Port,2022-10-16,2023-05-31,Delivered,Food,56.91,146.66,111154.5,136229.27
SHP001755,CUST001337,Los Angeles Port,Dubai Port,2022-07-19,2023-02-09,In Transit,Textiles,87.28,349.31,99852.62,6532.17
SHP001756,CUST000250,Los Angeles Port,Dubai Port,2022-03-31,2023-07-29,Delayed,Textiles,169.39,221.07,94743.88,98129.1
SHP001757,CUST001412,Hamburg Port,Dubai Port,2023-05-15,2023-03-05,Delivered,Food,43.36,317.68,48987.32,28176.86
SHP001758,CUST002604,Hamburg Port,Rotterdam Port,2024-05-07,2023-09-30,Delivered,Oil,99.97,33.9,90720.5,124605.25
SHP001759,CUST000383,Hamburg Port,Singapore Port,2024-11-03,2022-10-05,Delivered,Vehicles,45.69,322.67,7123.19,106585.38
SHP001760,CUST002418,Lagos Port,Los Angeles Port,2024-10-13,2023-12-13,Delayed,Oil,7.44,330.87,94995.85,117530.8
SHP001761,CUST000530,Shanghai Port,Hamburg Port,2024-07-23,2023-02-08,In Transit,Electronics,48.9,405.88,101079.67,70954.09
SHP001762,CUST000689,Durban Port,Hamburg Port,2022-03-07,2024-09-27,In Transit,Electronics,115.11,189.94,166689.58,93050.2
SHP001763,CUST002537,Dubai Port,Lagos Port,2023-08-24,2022-02-21,In Transit,Oil,146.14,321.39,103179.28,149207.86
SHP001764,CUST000501,Lagos Port,Lagos Port,2022-06-23,2023-10-19,Delivered,Textiles,167.86,142.54,182832.04,133518.25
SHP001765,CUST001220,Shanghai Port,Los Angeles Port,2023-07-08,2023-06-30,Delivered,Vehicles,175.76,199.33,138177.32,68885.42
SHP001766,CUST002538,Singapore Port,Durban Port,2023-01-03,2022-05-29,Delivered,Vehicles,153.07,390.62,102974.6,16032.6
SHP001767,CUST001409,Rotterdam Port,Dubai Port,2024-03-21,2023-12-29,Delivered,Textiles,104.11,417.28,130053.35,29397.5
SHP001768,CUST001546,Los Angeles Port,Lagos Port,2024-04-06,2022-09-28,Delivered,Textiles,161.68,370.58,45680.59,4807.16
SHP001769,CUST000598,Rotterdam Port,Dubai Port,2024-09-10,2024-03-29,In Transit,Textiles,107.02,106.12,88998.04,9900.74
SHP001770,CUST001063,Los Angeles Port,Hamburg Port,2023-11-14,2024-11-18,In Transit,Food,47.8,110.32,59385.34,136467.71
SHP001771,CUST001541,Lagos Port,Rotterdam Port,2023-12-25,2023-01-11,In Transit,Vehicles,7.8,133.56,138416.42,31848.46
SHP001772,CUST001554,Durban Port,Singapore Port,2024-04-08,2023-11-29,Delayed,Vehicles,179.19,189.09,64213.56,30675.44
SHP001773,CUST002190,Hamburg Port,Shanghai Port,2022-05-20,2024-08-26,Delayed,Electronics,96.01,290.78,121538.56,115283.12
SHP001774,CUST000120,Dubai Port,Durban Port,2023-07-03,2023-12-27,Delayed,Electronics,103.04,196.37,81740.0,39568.0
SHP001775,CUST000747,Shanghai Port,Los Angeles Port,2023-10-05,2022-11-28,Delayed,Textiles,135.53,475.71,55576.43,97296.03
SHP001776,CUST002882,Singapore Port,Hamburg Port,2023-02-06,2024-11-27,In Transit,Electronics,65.46,95.25,5293.48,113369.39
SHP001777,CUST000170,Shanghai Port,Lagos Port,2023-08-20,2022-07-06,Delivered,Vehicles,89.18,35.66,15932.75,17230.35
SHP001778,CUST001015,Lagos Port,Shanghai Port,2022-09-22,2022-12-10,In Transit,Vehicles,83.14,377.71,149690.81,12875.39
SHP001779,CUST002577,Shanghai Port,Rotterdam Port,2024-10-23,2022-06-08,In Transit,Electronics,67.36,420.73,182567.4,5328.32
SHP001780,CUST000581,Shanghai Port,Durban Port,2023-10-05,2024-07-12,Delivered,Textiles,127.23,347.39,61645.24,65014.25
SHP001781,CUST001354,Hamburg Port,Rotterdam Port,2022-01-01,2024-10-31,Delivered,Food,46.09,45.84,53043.33,43405.48
SHP001782,CUST000683,Singapore Port,Singapore Port,2024-09-10,2023-09-29,Delayed,Food,192.64,433.21,87475.21,53445.55
SHP001783,CUST000111,Rotterdam Port,Hamburg Port,2024-05-08,2022-05-03,In Transit,Textiles,31.48,126.63,142108.92,104701.58
SHP001784,CUST001231,Durban Port,Singapore Port,2022-02-16,2024-05-04,In Transit,Oil,66.31,276.04,91372.92,40200.3
SHP001785,CUST000683,Hamburg Port,Durban Port,2024-11-07,2024-04-23,In Transit,Vehicles,131.45,467.89,146951.49,96799.57
SHP001786,CUST001930,Singapore Port,Shanghai Port,2024-05-31,2024-02-22,In Transit,Food,177.73,57.46,184446.92,142270.51
SHP001787,CUST002380,Rotterdam Port,Shanghai Port,2024-08-11,2022-10-10,Delayed,Food,182.18,459.54,85447.43,11805.31
SHP001788,CUST002628,Rotterdam Port,Lagos Port,2023-02-24,2023-04-04,Delayed,Textiles,67.93,417.21,138315.75,133768.12
SHP001789,CUST002530,Lagos Port,Singapore Port,2022-09-23,2022-04-21,Delivered,Vehicles,68.53,498.4,23794.62,30885.3
SHP001790,CUST002720,Shanghai Port,Rotterdam Port,2022-02-05,2024-12-24,In Transit,Vehicles,57.11,472.69,128439.28,25624.88
SHP001791,CUST001739,Los Angeles Port,Shanghai Port,2024-08-23,2024-06-10,Delivered,Oil,71.88,101.07,40192.75,8666.26
SHP001792,CUST000886,Singapore Port,Shanghai Port,2022-05-10,2023-02-10,Delayed,Electronics,21.11,290.6,34403.95,62040.12
SHP001793,CUST002229,Singapore Port,Dubai Port,2023-06-24,2023-05-27,Delivered,Textiles,34.07,15.22,161307.35,52706.16
SHP001794,CUST000032,Dubai Port,Durban Port,2023-11-04,2023-05-16,Delayed,Electronics,134.74,427.58,99905.51,127411.38
SHP001795,CUST002638,Shanghai Port,Singapore Port,2024-06-06,2024-03-12,In Transit,Oil,116.99,319.81,137840.33,9904.24
SHP001796,CUST001744,Lagos Port,Dubai Port,2023-08-11,2024-10-16,Delayed,Vehicles,70.9,269.66,39732.1,83208.36
SHP001797,CUST001399,Durban Port,Dubai Port,2024-11-07,2022-03-14,In Transit,Textiles,163.09,37.94,191061.69,127381.34
SHP001798,CUST000828,Durban Port,Rotterdam Port,2024-10-24,2023-04-30,Delivered,Textiles,148.42,350.18,174539.27,85914.65
SHP001799,CUST002881,Singapore Port,Rotterdam Port,2024-10-28,2023-03-22,Delayed,Electronics,195.65,14.12,194611.63,93873.3
SHP001800,CUST000359,Los Angeles Port,Rotterdam Port,2022-01-04,2023-05-06,Delayed,Vehicles,164.48,366.03,45280.14,131601.21
SHP001801,CUST000651,Los Angeles Port,Singapore Port,2023-03-25,2024-05-10,In Transit,Textiles,150.32,46.84,24843.14,55894.97
SHP001802,CUST000751,Lagos Port,Rotterdam Port,2022-05-13,2024-06-24,In Transit,Food,59.8,368.47,156986.17,104439.68
SHP001803,CUST000101,Durban Port,Shanghai Port,2023-05-12,2023-01-06,In Transit,Oil,44.9,160.39,170750.98,68901.49
SHP001804,CUST001882,Hamburg Port,Durban Port,2023-02-18,2022-03-24,In Transit,Vehicles,143.83,277.06,98934.34,7660.74
SHP001805,CUST000835,Los Angeles Port,Hamburg Port,2024-01-17,2022-12-10,In Transit,Textiles,118.91,48.22,169203.05,40033.7
SHP001806,CUST002279,Rotterdam Port,Hamburg Port,2023-08-02,2024-10-18,In Transit,Oil,33.08,286.36,36429.65,147622.55
SHP001807,CUST000804,Los Angeles Port,Shanghai Port,2023-03-04,2023-11-04,In Transit,Oil,151.92,218.55,170303.37,50960.58
SHP001808,CUST002192,Dubai Port,Dubai Port,2023-01-30,2022-08-13,Delivered,Electronics,26.13,442.31,187434.11,20794.29
SHP001809,CUST000861,Hamburg Port,Durban Port,2024-06-27,2024-03-06,Delayed,Vehicles,125.93,61.19,13204.16,125095.23
SHP001810,CUST000954,Durban Port,Lagos Port,2022-06-07,2023-08-16,Delayed,Electronics,105.57,219.62,101180.15,119889.15
SHP001811,CUST001269,Dubai Port,Singapore Port,2024-02-25,2023-07-01,Delayed,Food,129.15,458.55,76105.72,38307.55
SHP001812,CUST001137,Hamburg Port,Singapore Port,2024-07-14,2024-10-18,Delayed,Textiles,142.2,209.43,109620.59,58132.22
SHP001813,CUST002672,Durban Port,Durban Port,2024-03-28,2024-04-19,Delivered,Oil,124.72,401.75,48748.18,60018.08
SHP001814,CUST002020,Dubai Port,Singapore Port,2022-07-31,2024-05-12,Delivered,Oil,49.2,64.8,59083.65,13452.73
SHP001815,CUST000415,Lagos Port,Singapore Port,2024-07-08,2023-12-13,Delayed,Vehicles,66.57,370.84,9675.32,99894.89
SHP001816,CUST000107,Durban Port,Singapore Port,2022-11-23,2022-03-24,Delayed,Food,178.17,281.22,19668.2,124524.42
SHP001817,CUST002075,Hamburg Port,Hamburg Port,2024-09-25,2024-08-26,Delayed,Oil,144.0,171.5,150640.37,126142.45
SHP001818,CUST001546,Singapore Port,Hamburg Port,2024-03-29,2024-06-20,Delivered,Food,32.92,217.25,168529.76,124926.7
SHP001819,CUST000983,Shanghai Port,Los Angeles Port,2022-05-23,2023-11-20,Delivered,Food,33.27,221.39,143638.28,44118.03
SHP001820,CUST001047,Los Angeles Port,Lagos Port,2022-07-03,2022-10-28,Delayed,Oil,109.93,132.93,63300.52,124062.16
SHP001821,CUST002524,Singapore Port,Dubai Port,2023-01-18,2024-06-23,Delayed,Textiles,17.73,92.32,154271.99,122291.83
SHP001822,CUST000877,Durban Port,Lagos Port,2024-04-15,2024-04-26,In Transit,Oil,199.69,209.99,179637.66,97856.95
SHP001823,CUST000557,Shanghai Port,Shanghai Port,2022-10-12,2024-09-27,Delivered,Vehicles,89.35,25.47,140092.14,18571.96
SHP001824,CUST002054,Shanghai Port,Hamburg Port,2023-10-04,2022-11-29,Delayed,Food,171.39,255.15,94118.78,4209.13
SHP001825,CUST000724,Los Angeles Port,Hamburg Port,2024-10-20,2023-02-18,Delivered,Food,73.15,84.72,179574.87,53882.35
SHP001826,CUST002704,Singapore Port,Dubai Port,2024-02-15,2023-12-05,Delayed,Oil,6.88,65.36,24423.78,123032.15
SHP001827,CUST000207,Dubai Port,Dubai Port,2024-11-08,2022-08-23,In Transit,Electronics,56.74,169.46,117079.58,146548.11
SHP001828,CUST000407,Shanghai Port,Lagos Port,2022-01-28,2022-08-04,Delayed,Textiles,129.24,75.73,68981.91,20377.24
SHP001829,CUST002582,Hamburg Port,Los Angeles Port,2022-04-27,2023-10-02,Delivered,Oil,165.71,171.46,164269.95,109203.4
SHP001830,CUST000780,Lagos Port,Hamburg Port,2022-05-26,2024-06-18,Delivered,Food,84.75,429.29,169705.78,60805.3
SHP001831,CUST001878,Lagos Port,Dubai Port,2022-01-28,2023-03-04,Delayed,Textiles,22.71,79.71,165511.87,118213.52
SHP001832,CUST001821,Durban Port,Hamburg Port,2023-04-03,2023-01-19,In Transit,Food,115.18,268.13,154991.15,88708.55
SHP001833,CUST002121,Hamburg Port,Singapore Port,2023-03-25,2022-12-21,In Transit,Food,89.22,80.39,77121.46,107232.78
SHP001834,CUST002341,Durban Port,Durban Port,2024-10-17,2022-10-24,Delivered,Food,12.58,94.23,50867.28,4095.0
SHP001835,CUST000641,Dubai Port,Hamburg Port,2023-10-23,2022-05-04,In Transit,Oil,60.22,434.54,49095.76,67473.68
SHP001836,CUST000553,Lagos Port,Dubai Port,2023-05-01,2023-12-03,Delivered,Oil,112.15,270.27,123475.92,99214.43
SHP001837,CUST000389,Los Angeles Port,Dubai Port,2024-07-04,2023-04-25,Delivered,Textiles,19.76,303.96,104708.19,9048.76
SHP001838,CUST002316,Rotterdam Port,Rotterdam Port,2023-03-16,2022-07-18,Delivered,Vehicles,30.44,174.39,140171.1,77347.24
SHP001839,CUST000151,Dubai Port,Shanghai Port,2024-03-05,2023-05-12,In Transit,Textiles,117.93,456.24,86490.3,146947.62
SHP001840,CUST002178,Durban Port,Dubai Port,2024-02-28,2022-03-06,Delivered,Electronics,180.32,284.14,162725.58,16377.63
SHP001841,CUST001679,Los Angeles Port,Singapore Port,2024-01-03,2024-09-05,In Transit,Vehicles,27.48,23.29,100592.33,72024.41
SHP001842,CUST002890,Shanghai Port,Los Angeles Port,2023-01-22,2023-03-25,In Transit,Textiles,32.46,79.35,158966.09,130514.94
SHP001843,CUST002540,Shanghai Port,Singapore Port,2023-11-13,2022-05-18,In Transit,Oil,65.51,111.9,145897.66,134373.99
SHP001844,CUST002419,Dubai Port,Durban Port,2024-09-29,2022-09-06,Delayed,Textiles,83.92,372.33,100064.29,76261.74
SHP001845,CUST002634,Rotterdam Port,Hamburg Port,2024-05-29,2022-05-09,Delivered,Electronics,47.85,369.38,59994.85,36683.93
SHP001846,CUST002273,Durban Port,Rotterdam Port,2022-10-20,2022-08-05,Delayed,Food,34.62,448.69,25611.8,45166.69
SHP001847,CUST001698,Rotterdam Port,Dubai Port,2022-01-09,2023-05-31,In Transit,Food,157.11,289.98,156568.32,4623.45
SHP001848,CUST000586,Rotterdam Port,Shanghai Port,2022-09-19,2022-05-04,In Transit,Oil,48.25,118.07,106880.8,62214.39
SHP001849,CUST002866,Los Angeles Port,Dubai Port,2024-03-21,2022-03-21,In Transit,Vehicles,192.51,498.66,29094.45,50809.17
SHP001850,CUST000580,Lagos Port,Lagos Port,2023-06-03,2023-12-11,Delayed,Textiles,129.14,438.25,25879.47,25228.29
SHP001851,CUST000819,Los Angeles Port,Dubai Port,2022-12-10,2024-10-26,Delivered,Oil,35.39,276.91,83834.93,15030.6
SHP001852,CUST002301,Rotterdam Port,Shanghai Port,2022-01-04,2024-05-19,In Transit,Textiles,156.09,18.78,191337.02,82578.69
SHP001853,CUST002568,Los Angeles Port,Singapore Port,2023-05-15,2023-02-07,In Transit,Textiles,139.8,444.11,50402.59,141596.27
SHP001854,CUST002991,Rotterdam Port,Dubai Port,2023-12-03,2024-09-19,Delivered,Textiles,21.8,170.51,58910.36,38201.24
SHP001855,CUST001769,Dubai Port,Dubai Port,2024-11-15,2024-03-13,Delivered,Food,194.56,475.31,110650.18,54393.29
SHP001856,CUST001789,Singapore Port,Durban Port,2024-11-03,2022-10-02,Delivered,Vehicles,13.13,79.82,143250.59,19992.53
SHP001857,CUST002689,Shanghai Port,Singapore Port,2023-12-13,2023-08-15,Delayed,Oil,168.99,469.99,17019.89,6076.37
SHP001858,CUST000764,Singapore Port,Los Angeles Port,2022-08-28,2022-10-23,In Transit,Food,172.86,386.91,124235.78,96491.69
SHP001859,CUST002182,Hamburg Port,Singapore Port,2024-05-25,2024-08-11,Delivered,Electronics,169.21,146.87,62341.94,131028.41
SHP001860,CUST001103,Los Angeles Port,Hamburg Port,2023-02-19,2022-11-18,Delivered,Oil,172.27,101.18,115619.54,31379.75
SHP001861,CUST002562,Shanghai Port,Rotterdam Port,2023-08-24,2023-11-18,Delivered,Textiles,170.33,78.77,18587.58,142805.25
SHP001862,CUST002126,Shanghai Port,Hamburg Port,2024-11-27,2022-04-22,In Transit,Oil,15.51,469.56,10175.02,26075.37
SHP001863,CUST002341,Dubai Port,Rotterdam Port,2022-07-15,2023-12-30,In Transit,Electronics,30.23,387.98,48613.6,146616.15
SHP001864,CUST002949,Lagos Port,Los Angeles Port,2023-02-10,2022-01-14,Delivered,Vehicles,160.23,365.31,8774.35,119023.92
SHP001865,CUST002363,Lagos Port,Lagos Port,2022-10-30,2022-06-24,Delayed,Oil,158.43,370.53,60664.14,56638.65
SHP001866,CUST000451,Los Angeles Port,Shanghai Port,2023-05-28,2023-03-31,Delayed,Oil,21.54,256.14,72329.22,38175.1
SHP001867,CUST000865,Rotterdam Port,Durban Port,2022-07-01,2024-03-08,In Transit,Food,71.21,271.76,190297.34,130486.3
SHP001868,CUST000249,Hamburg Port,Hamburg Port,2024-01-14,2022-12-26,In Transit,Textiles,133.83,249.61,147267.72,114294.76
SHP001869,CUST002436,Dubai Port,Hamburg Port,2022-04-29,2022-09-02,Delivered,Textiles,82.79,133.25,72024.64,79891.39
SHP001870,CUST000354,Los Angeles Port,Singapore Port,2022-11-14,2022-07-27,In Transit,Food,66.99,343.59,7808.52,3756.45
SHP001871,CUST002362,Rotterdam Port,Dubai Port,2024-11-08,2023-07-24,Delayed,Textiles,162.82,456.65,106568.87,37644.39
SHP001872,CUST001858,Dubai Port,Durban Port,2023-04-04,2024-12-22,Delayed,Food,148.65,214.12,118270.2,126091.48
SHP001873,CUST001775,Dubai Port,Dubai Port,2023-03-07,2022-02-23,In Transit,Food,167.55,107.16,159388.87,33078.31
SHP001874,CUST002340,Durban Port,Shanghai Port,2022-02-17,2022-04-15,In Transit,Oil,17.84,430.01,99188.82,102273.96
SHP001875,CUST001896,Shanghai Port,Rotterdam Port,2024-03-15,2022-04-15,Delivered,Oil,162.13,463.57,94964.75,28671.85
SHP001876,CUST002192,Dubai Port,Dubai Port,2023-10-24,2022-11-03,Delivered,Electronics,139.77,214.64,37025.25,107084.19
SHP001877,CUST002829,Durban Port,Singapore Port,2022-07-04,2024-05-02,Delivered,Electronics,128.86,409.47,21579.13,64806.85
SHP001878,CUST001724,Hamburg Port,Singapore Port,2022-05-19,2023-11-22,Delayed,Vehicles,139.95,237.01,9348.72,82778.94
SHP001879,CUST000095,Rotterdam Port,Lagos Port,2023-01-21,2022-06-04,Delayed,Electronics,139.61,164.05,23507.13,36153.94
SHP001880,CUST002703,Durban Port,Lagos Port,2024-12-10,2024-04-01,Delivered,Food,169.87,159.13,110945.87,72125.79
SHP001881,CUST000551,Rotterdam Port,Rotterdam Port,2022-03-01,2022-12-27,Delivered,Textiles,138.46,28.87,104291.0,93205.29
SHP001882,CUST001867,Durban Port,Lagos Port,2022-06-05,2023-08-25,Delivered,Food,149.88,52.3,136438.59,36136.27
SHP001883,CUST002391,Los Angeles Port,Lagos Port,2023-12-26,2023-08-07,In Transit,Electronics,135.94,190.66,46844.26,17213.79
SHP001884,CUST001018,Singapore Port,Singapore Port,2024-05-27,2024-03-05,In Transit,Textiles,95.28,455.51,56048.86,131292.52
SHP001885,CUST000787,Singapore Port,Rotterdam Port,2023-02-24,2024-03-31,In Transit,Oil,171.53,209.89,38947.04,127452.08
SHP001886,CUST000931,Shanghai Port,Hamburg Port,2023-03-14,2023-09-29,In Transit,Electronics,119.61,72.68,145598.34,52062.27
SHP001887,CUST002147,Singapore Port,Rotterdam Port,2022-09-03,2022-08-10,Delivered,Vehicles,52.63,269.83,87629.38,66944.83
SHP001888,CUST002010,Shanghai Port,Singapore Port,2023-11-24,2023-10-21,Delivered,Textiles,103.49,459.05,58160.45,120905.68
SHP001889,CUST002925,Rotterdam Port,Dubai Port,2022-01-09,2022-03-09,Delayed,Electronics,149.16,32.72,145982.52,79563.14
SHP001890,CUST001430,Los Angeles Port,Hamburg Port,2023-04-10,2023-03-03,Delivered,Vehicles,149.35,61.74,37949.94,29576.4
SHP001891,CUST001421,Lagos Port,Los Angeles Port,2024-11-23,2023-10-25,Delayed,Oil,140.06,392.19,62792.66,103058.3
SHP001892,CUST000744,Shanghai Port,Durban Port,2023-04-08,2023-07-24,In Transit,Vehicles,80.42,201.01,110218.91,23808.56
SHP001893,CUST002917,Los Angeles Port,Durban Port,2024-12-08,2024-11-04,In Transit,Food,66.48,370.52,21985.15,14174.7
SHP001894,CUST002335,Los Angeles Port,Lagos Port,2024-09-04,2023-10-21,Delivered,Textiles,45.46,323.45,164168.97,38045.31
SHP001895,CUST001752,Dubai Port,Durban Port,2023-03-01,2023-04-09,Delivered,Textiles,28.2,237.27,116009.91,103033.67
SHP001896,CUST000903,Singapore Port,Los Angeles Port,2024-01-19,2023-05-23,In Transit,Oil,109.08,252.17,27942.81,127935.44
SHP001897,CUST001289,Los Angeles Port,Hamburg Port,2022-01-05,2024-10-20,Delayed,Textiles,152.18,358.77,87040.46,106200.24
SHP001898,CUST001900,Lagos Port,Los Angeles Port,2024-12-11,2024-08-17,In Transit,Vehicles,90.37,412.34,119639.76,11395.93
SHP001899,CUST001820,Hamburg Port,Singapore Port,2023-04-28,2024-10-26,In Transit,Vehicles,40.27,71.87,23362.52,54208.33
SHP001900,CUST000282,Dubai Port,Hamburg Port,2024-08-18,2022-09-14,In Transit,Food,171.73,99.37,55757.41,51381.0
SHP001901,CUST000982,Dubai Port,Rotterdam Port,2022-03-22,2024-09-06,Delivered,Textiles,117.37,99.57,94549.08,124528.04
SHP001902,CUST001107,Rotterdam Port,Singapore Port,2022-09-18,2024-12-14,Delivered,Vehicles,193.35,17.24,116657.14,133025.5
SHP001903,CUST000284,Rotterdam Port,Shanghai Port,2022-11-03,2022-02-04,In Transit,Oil,184.41,153.24,194622.34,138483.54
SHP001904,CUST000522,Lagos Port,Los Angeles Port,2024-06-23,2023-01-13,Delayed,Textiles,191.17,139.04,128828.14,6321.44
SHP001905,CUST000365,Hamburg Port,Durban Port,2024-05-06,2023-07-03,In Transit,Oil,138.15,475.0,83469.19,140008.6
SHP001906,CUST001887,Dubai Port,Singapore Port,2023-07-31,2023-04-09,Delivered,Textiles,70.72,495.51,198465.02,30952.66
SHP001907,CUST001810,Dubai Port,Lagos Port,2022-09-21,2024-07-26,In Transit,Textiles,42.12,417.45,132160.29,46813.01
SHP001908,CUST001872,Dubai Port,Singapore Port,2024-07-10,2024-02-17,Delivered,Oil,10.47,427.59,32792.12,39917.19
SHP001909,CUST002310,Dubai Port,Singapore Port,2022-06-10,2023-11-25,Delayed,Oil,169.77,335.81,149467.5,111949.56
SHP001910,CUST002794,Dubai Port,Singapore Port,2024-01-05,2023-01-07,Delayed,Food,138.64,103.59,31014.07,147862.39
SHP001911,CUST002759,Durban Port,Singapore Port,2022-08-03,2022-08-15,Delivered,Textiles,78.01,131.81,125372.33,55125.1
SHP001912,CUST000589,Dubai Port,Dubai Port,2023-05-10,2024-02-06,Delayed,Food,62.48,399.0,99039.03,144356.78
SHP001913,CUST002433,Hamburg Port,Lagos Port,2023-04-28,2022-04-16,In Transit,Textiles,29.12,318.56,172078.52,47248.96
SHP001914,CUST000127,Lagos Port,Los Angeles Port,2023-05-03,2024-05-19,Delivered,Textiles,25.99,281.07,55061.1,60562.26
SHP001915,CUST000420,Hamburg Port,Lagos Port,2024-07-09,2024-10-02,Delivered,Food,22.32,349.07,160855.96,99430.41
SHP001916,CUST000244,Singapore Port,Dubai Port,2024-11-11,2024-04-18,Delivered,Vehicles,126.0,189.99,183117.18,142477.8
SHP001917,CUST002370,Dubai Port,Shanghai Port,2022-07-07,2022-07-14,Delayed,Electronics,97.75,396.84,40767.57,34113.56
SHP001918,CUST002251,Lagos Port,Dubai Port,2023-01-23,2024-02-09,Delayed,Electronics,123.87,497.04,78587.87,21969.07
SHP001919,CUST002787,Lagos Port,Shanghai Port,2022-09-15,2022-07-05,In Transit,Vehicles,39.13,235.28,177676.86,101920.79
SHP001920,CUST000648,Dubai Port,Shanghai Port,2022-10-26,2024-03-23,In Transit,Vehicles,117.26,483.36,20137.71,26634.55
SHP001921,CUST002081,Rotterdam Port,Durban Port,2023-03-31,2024-09-02,Delivered,Vehicles,105.64,227.6,180205.12,53618.15
SHP001922,CUST002308,Durban Port,Shanghai Port,2024-07-25,2024-09-08,Delivered,Electronics,183.11,265.55,91361.01,71028.14
SHP001923,CUST000835,Los Angeles Port,Singapore Port,2024-01-26,2022-08-02,In Transit,Textiles,44.02,264.15,176473.27,77355.64
SHP001924,CUST000378,Shanghai Port,Hamburg Port,2022-04-17,2022-04-05,In Transit,Food,187.11,31.88,171629.31,100630.4
SHP001925,CUST001777,Los Angeles Port,Rotterdam Port,2024-11-24,2023-05-06,Delivered,Food,176.63,374.97,16263.87,6840.97
SHP001926,CUST001434,Durban Port,Lagos Port,2023-06-26,2024-06-15,Delivered,Textiles,10.91,133.02,68529.94,119348.25
SHP001927,CUST000306,Durban Port,Dubai Port,2022-11-25,2023-05-16,Delivered,Textiles,153.02,314.41,50568.77,80031.31
SHP001928,CUST002436,Hamburg Port,Los Angeles Port,2023-05-24,2024-04-25,Delivered,Vehicles,61.76,197.72,132660.33,79514.98
SHP001929,CUST000551,Los Angeles Port,Lagos Port,2022-03-06,2022-07-17,Delivered,Food,92.86,21.08,118933.74,83102.0
SHP001930,CUST000649,Dubai Port,Los Angeles Port,2022-04-16,2022-12-26,Delivered,Textiles,146.22,256.46,103008.1,143181.71
SHP001931,CUST001391,Rotterdam Port,Lagos Port,2022-04-04,2022-10-03,In Transit,Oil,87.12,289.12,54066.78,110236.45
SHP001932,CUST002882,Singapore Port,Rotterdam Port,2023-07-26,2024-09-25,In Transit,Textiles,191.29,184.0,89701.22,76922.11
SHP001933,CUST000396,Durban Port,Los Angeles Port,2023-05-10,2023-08-18,Delivered,Textiles,35.11,179.68,8652.37,59995.56
SHP001934,CUST000032,Hamburg Port,Shanghai Port,2023-09-09,2023-03-19,In Transit,Textiles,91.17,272.17,56009.04,46919.18
SHP001935,CUST002039,Lagos Port,Dubai Port,2022-02-13,2024-07-06,Delayed,Vehicles,50.34,172.36,39766.94,39824.67
SHP001936,CUST001017,Hamburg Port,Los Angeles Port,2022-09-08,2023-09-10,Delayed,Oil,14.84,97.45,86848.5,14306.93
SHP001937,CUST001860,Dubai Port,Dubai Port,2022-12-19,2022-11-10,Delayed,Textiles,197.72,496.76,172254.87,5114.06
SHP001938,CUST001401,Hamburg Port,Durban Port,2022-09-10,2022-09-30,In Transit,Textiles,116.06,46.49,72763.95,142335.61
SHP001939,CUST000657,Los Angeles Port,Rotterdam Port,2022-08-18,2024-01-23,Delivered,Textiles,135.2,168.57,151153.52,126451.35
SHP001940,CUST001376,Singapore Port,Singapore Port,2024-09-07,2024-11-28,In Transit,Food,188.01,423.35,196520.13,77782.44
SHP001941,CUST001732,Shanghai Port,Rotterdam Port,2023-07-26,2022-08-26,Delayed,Electronics,184.93,167.65,183457.29,6042.77
SHP001942,CUST002131,Durban Port,Hamburg Port,2024-07-23,2024-05-20,In Transit,Oil,111.04,429.9,108505.8,71045.38
SHP001943,CUST000638,Singapore Port,Shanghai Port,2023-09-30,2023-07-02,In Transit,Vehicles,173.19,197.13,150988.82,134483.1
SHP001944,CUST001288,Shanghai Port,Rotterdam Port,2022-10-31,2024-06-17,In Transit,Electronics,52.74,127.55,61296.77,17455.63
SHP001945,CUST001272,Shanghai Port,Lagos Port,2024-12-07,2024-12-01,In Transit,Food,58.48,236.84,68962.31,138652.86
SHP001946,CUST002700,Lagos Port,Shanghai Port,2024-10-01,2022-01-30,Delivered,Oil,80.53,388.77,114335.52,18884.69
SHP001947,CUST000471,Hamburg Port,Rotterdam Port,2022-09-07,2022-02-14,Delivered,Electronics,56.25,320.68,67091.82,102329.96
SHP001948,CUST002177,Hamburg Port,Singapore Port,2022-09-23,2024-10-09,Delivered,Vehicles,133.06,125.92,195868.92,85836.4
SHP001949,CUST000733,Durban Port,Singapore Port,2022-07-07,2024-02-08,In Transit,Food,170.88,461.22,33303.15,102827.99
SHP001950,CUST001577,Singapore Port,Durban Port,2024-11-11,2022-09-29,Delivered,Electronics,151.6,302.19,126629.74,108773.31
SHP001951,CUST001701,Hamburg Port,Durban Port,2022-10-20,2022-06-02,Delayed,Food,161.09,40.75,13219.59,95970.97
SHP001952,CUST000865,Durban Port,Hamburg Port,2023-11-29,2022-09-05,In Transit,Electronics,174.14,94.08,177493.3,118441.55
SHP001953,CUST002275,Singapore Port,Singapore Port,2023-04-08,2022-01-07,Delayed,Textiles,6.18,249.74,112479.29,94022.12
SHP001954,CUST002938,Hamburg Port,Dubai Port,2023-12-29,2023-09-28,In Transit,Food,88.05,341.43,83897.5,102192.11
SHP001955,CUST002754,Shanghai Port,Shanghai Port,2022-10-02,2023-11-21,Delivered,Vehicles,150.91,156.14,168038.9,5138.86
SHP001956,CUST002746,Los Angeles Port,Los Angeles Port,2022-07-11,2022-02-15,Delivered,Food,42.25,388.68,13446.28,107987.15
SHP001957,CUST000106,Singapore Port,Hamburg Port,2022-12-02,2022-09-29,Delayed,Vehicles,77.15,414.03,49461.56,48928.02
SHP001958,CUST000197,Singapore Port,Durban Port,2023-05-15,2022-03-05,Delayed,Food,155.34,436.77,170466.73,115412.42
SHP001959,CUST000219,Dubai Port,Durban Port,2023-01-12,2024-06-12,Delivered,Textiles,141.05,449.49,45123.05,119492.5
SHP001960,CUST001392,Durban Port,Hamburg Port,2024-06-03,2024-09-03,Delivered,Textiles,106.03,408.79,137492.56,81219.19
SHP001961,CUST001338,Singapore Port,Durban Port,2024-01-24,2023-04-22,Delayed,Textiles,38.84,95.77,78519.58,10954.89
SHP001962,CUST000502,Hamburg Port,Shanghai Port,2023-03-22,2022-10-09,Delivered,Food,70.76,389.13,5577.15,132835.09
SHP001963,CUST001083,Shanghai Port,Los Angeles Port,2023-11-21,2024-12-02,In Transit,Food,31.91,453.8,62679.61,62110.99
SHP001964,CUST000758,Dubai Port,Hamburg Port,2022-06-28,2023-01-05,In Transit,Textiles,40.96,437.0,81138.29,68355.83
SHP001965,CUST000986,Dubai Port,Hamburg Port,2023-04-10,2023-09-20,In Transit,Food,120.31,253.45,92014.39,95151.63
SHP001966,CUST000912,Durban Port,Singapore Port,2023-07-05,2023-12-01,Delivered,Food,154.3,120.75,70400.96,127713.27
SHP001967,CUST000305,Shanghai Port,Shanghai Port,2022-02-07,2024-11-05,Delayed,Oil,53.53,276.95,79655.13,8806.76
SHP001968,CUST000695,Los Angeles Port,Los Angeles Port,2022-10-09,2024-12-01,Delivered,Textiles,72.46,495.58,117098.61,11472.65
SHP001969,CUST001133,Hamburg Port,Lagos Port,2024-04-24,2023-07-06,Delivered,Oil,167.47,350.77,149545.98,72683.45
SHP001970,CUST002702,Hamburg Port,Hamburg Port,2024-02-01,2023-11-17,Delivered,Vehicles,13.66,115.61,64247.82,69468.56
SHP001971,CUST001417,Shanghai Port,Shanghai Port,2024-04-12,2024-12-06,Delayed,Electronics,54.39,160.45,151451.05,119645.46
SHP001972,CUST000083,Rotterdam Port,Durban Port,2022-09-27,2023-03-16,Delivered,Textiles,57.09,489.46,191446.52,73836.0
SHP001973,CUST001357,Singapore Port,Durban Port,2022-08-07,2023-06-21,Delivered,Vehicles,17.64,376.18,56001.97,67213.23
SHP001974,CUST000994,Shanghai Port,Durban Port,2023-04-22,2022-04-13,In Transit,Textiles,145.55,494.11,161456.41,101853.81
SHP001975,CUST000253,Durban Port,Hamburg Port,2023-08-20,2024-11-19,Delivered,Oil,95.17,429.48,107071.21,71241.22
SHP001976,CUST000014,Los Angeles Port,Rotterdam Port,2024-11-17,2023-08-02,Delayed,Food,189.13,264.44,198539.99,18044.91
SHP001977,CUST000589,Rotterdam Port,Rotterdam Port,2022-04-24,2022-05-07,In Transit,Vehicles,96.92,319.5,180370.0,74657.38
SHP001978,CUST000186,Durban Port,Singapore Port,2022-11-06,2023-11-22,Delivered,Electronics,86.82,229.29,104555.41,3909.05
SHP001979,CUST001860,Durban Port,Rotterdam Port,2024-07-03,2023-08-24,In Transit,Textiles,192.9,13.7,79313.5,145793.93
SHP001980,CUST001550,Singapore Port,Hamburg Port,2024-11-03,2023-10-30,Delayed,Electronics,175.91,351.36,55496.71,120538.37
SHP001981,CUST002825,Rotterdam Port,Singapore Port,2022-01-12,2024-11-15,Delayed,Food,123.75,443.47,199073.09,35234.3
SHP001982,CUST000823,Shanghai Port,Rotterdam Port,2022-05-07,2024-04-15,Delayed,Food,163.89,180.3,180462.43,62034.55
SHP001983,CUST002268,Singapore Port,Rotterdam Port,2023-08-24,2024-08-11,Delivered,Textiles,99.02,322.57,177071.38,144531.64
SHP001984,CUST001896,Dubai Port,Singapore Port,2024-07-01,2023-07-04,Delayed,Vehicles,13.44,31.88,99944.16,111936.13
SHP001985,CUST002860,Los Angeles Port,Singapore Port,2024-04-05,2023-03-16,Delayed,Food,128.97,154.17,95926.17,48687.84
SHP001986,CUST001091,Durban Port,Los Angeles Port,2023-09-02,2022-05-01,Delayed,Textiles,50.11,352.37,64000.49,116158.93
SHP001987,CUST000330,Dubai Port,Lagos Port,2024-06-10,2022-06-04,In Transit,Vehicles,103.12,395.7,139101.29,122673.91
SHP001988,CUST001519,Rotterdam Port,Durban Port,2024-09-28,2024-12-06,In Transit,Textiles,88.42,194.25,29215.2,123374.54
SHP001989,CUST001808,Los Angeles Port,Rotterdam Port,2022-06-06,2023-06-04,In Transit,Oil,38.97,84.89,36651.66,142079.66
SHP001990,CUST001504,Lagos Port,Durban Port,2024-03-18,2023-02-06,Delayed,Oil,74.92,55.54,140898.11,30137.46
SHP001991,CUST001357,Dubai Port,Durban Port,2024-02-26,2024-07-10,In Transit,Food,101.13,44.67,187731.48,120341.63
SHP001992,CUST000644,Singapore Port,Dubai Port,2024-08-07,2022-06-24,Delayed,Oil,33.59,360.38,172670.24,112963.55
SHP001993,CUST002782,Durban Port,Los Angeles Port,2022-02-04,2023-07-20,Delivered,Electronics,31.95,272.85,86728.85,86566.81
SHP001994,CUST001201,Singapore Port,Dubai Port,2023-03-05,2023-01-01,Delivered,Textiles,11.93,104.49,156350.74,143194.27
SHP001995,CUST002010,Dubai Port,Lagos Port,2022-03-19,2024-02-13,In Transit,Vehicles,46.61,54.69,74901.84,36362.77
SHP001996,CUST001409,Hamburg Port,Singapore Port,2022-02-22,2023-05-22,In Transit,Oil,178.43,13.87,117129.0,99108.58
SHP001997,CUST000322,Singapore Port,Singapore Port,2024-06-23,2024-07-16,Delayed,Vehicles,51.59,453.99,153108.68,148748.52
SHP001998,CUST000598,Rotterdam Port,Dubai Port,2023-11-23,2024-04-18,Delivered,Electronics,94.51,449.05,101307.18,70512.42
SHP001999,CUST001418,Singapore Port,Rotterdam Port,2022-12-29,2022-04-07,In Transit,Food,94.29,40.14,139022.48,32201.36
SHP002000,CUST002677,Los Angeles Port,Singapore Port,2024-05-07,2023-11-05,Delivered,Textiles,152.32,489.96,58370.86,47861.55
SHP002001,CUST000728,Dubai Port,Dubai Port,2023-06-30,2023-01-23,Delayed,Textiles,65.53,352.1,171550.99,133778.99
SHP002002,CUST001738,Los Angeles Port,Dubai Port,2023-08-23,2022-12-19,In Transit,Oil,186.21,404.48,33716.66,94262.21
SHP002003,CUST000321,Shanghai Port,Dubai Port,2024-06-04,2023-06-23,Delivered,Textiles,81.82,385.26,60116.74,139165.45
SHP002004,CUST002002,Hamburg Port,Los Angeles Port,2023-07-10,2022-01-02,Delivered,Food,14.48,304.43,35659.79,65777.04
SHP002005,CUST001821,Dubai Port,Singapore Port,2024-09-05,2023-11-14,Delayed,Food,86.4,10.16,197383.5,59035.07
SHP002006,CUST002886,Lagos Port,Dubai Port,2022-02-17,2023-05-04,Delivered,Food,57.11,201.07,31163.55,58751.0
SHP002007,CUST002471,Durban Port,Los Angeles Port,2024-06-28,2023-06-13,Delivered,Electronics,155.82,64.36,134056.48,78748.84
SHP002008,CUST001640,Dubai Port,Dubai Port,2024-09-14,2023-12-07,Delayed,Textiles,18.9,437.49,151861.89,37056.49
SHP002009,CUST001425,Durban Port,Durban Port,2024-11-02,2024-06-16,Delivered,Vehicles,175.27,457.69,170141.08,44181.28
SHP002010,CUST000849,Dubai Port,Los Angeles Port,2024-07-01,2022-09-26,In Transit,Food,38.3,191.39,110398.87,113561.01
SHP002011,CUST000044,Rotterdam Port,Lagos Port,2024-08-20,2023-05-08,Delayed,Electronics,149.26,39.77,144606.72,129975.25
SHP002012,CUST001685,Singapore Port,Dubai Port,2023-10-10,2024-07-31,Delivered,Food,161.5,304.87,93115.78,74601.89
SHP002013,CUST002821,Dubai Port,Los Angeles Port,2022-08-06,2024-02-02,Delivered,Vehicles,122.01,157.82,74033.19,88302.26
SHP002014,CUST001744,Singapore Port,Dubai Port,2022-12-10,2024-09-03,In Transit,Oil,153.92,270.37,37983.44,94506.83
SHP002015,CUST000320,Lagos Port,Shanghai Port,2022-05-10,2022-11-11,Delivered,Electronics,161.77,42.46,77898.53,27252.95
SHP002016,CUST000106,Lagos Port,Rotterdam Port,2023-05-20,2022-10-06,Delayed,Textiles,45.22,25.32,75017.03,128586.67
SHP002017,CUST001637,Los Angeles Port,Durban Port,2024-02-28,2022-10-20,In Transit,Food,32.59,89.96,67645.04,122853.28
SHP002018,CUST002381,Singapore Port,Lagos Port,2024-09-14,2023-10-24,Delivered,Food,179.3,359.39,31422.43,110406.44
SHP002019,CUST000148,Dubai Port,Singapore Port,2023-01-13,2024-10-28,Delayed,Vehicles,133.86,491.2,43812.8,13310.82
SHP002020,CUST002732,Hamburg Port,Rotterdam Port,2023-11-10,2024-04-02,Delayed,Textiles,118.51,21.46,189206.75,23435.13
SHP002021,CUST001530,Rotterdam Port,Lagos Port,2024-05-04,2023-07-07,In Transit,Textiles,22.87,125.61,19612.09,133919.53
SHP002022,CUST000095,Dubai Port,Hamburg Port,2022-08-20,2024-02-05,Delivered,Electronics,58.37,271.06,27173.91,147224.19
SHP002023,CUST000098,Durban Port,Rotterdam Port,2024-09-10,2022-04-28,In Transit,Food,36.55,65.74,120059.41,51020.83
SHP002024,CUST002188,Hamburg Port,Shanghai Port,2022-10-20,2023-12-11,In Transit,Textiles,166.64,308.48,72408.34,78486.13
SHP002025,CUST001923,Shanghai Port,Shanghai Port,2022-02-01,2022-03-20,Delayed,Textiles,134.4,155.57,62159.04,27811.98
SHP002026,CUST000252,Los Angeles Port,Los Angeles Port,2022-07-27,2023-08-20,In Transit,Textiles,83.98,167.8,134097.55,29872.09
SHP002027,CUST001577,Dubai Port,Durban Port,2024-06-15,2024-12-08,In Transit,Textiles,29.9,443.09,163588.47,64926.8
SHP002028,CUST000635,Lagos Port,Los Angeles Port,2024-04-01,2024-08-22,In Transit,Vehicles,162.6,411.55,199892.81,123727.13
SHP002029,CUST002653,Rotterdam Port,Los Angeles Port,2022-04-26,2023-04-08,In Transit,Electronics,188.65,221.62,107052.92,149303.56
SHP002030,CUST000023,Rotterdam Port,Hamburg Port,2024-01-28,2023-06-05,Delivered,Food,18.04,330.08,130367.68,21695.82
SHP002031,CUST002757,Hamburg Port,Lagos Port,2023-03-07,2023-03-19,In Transit,Electronics,158.89,490.12,182022.83,103985.66
SHP002032,CUST002311,Durban Port,Dubai Port,2022-12-29,2022-10-02,Delivered,Oil,6.91,465.72,47431.77,24807.19
SHP002033,CUST002611,Rotterdam Port,Dubai Port,2024-09-05,2022-01-17,Delivered,Electronics,194.78,12.81,105290.49,88675.9
SHP002034,CUST001551,Rotterdam Port,Shanghai Port,2024-04-19,2022-06-16,Delayed,Food,29.51,206.13,172659.01,90562.52
SHP002035,CUST002437,Lagos Port,Lagos Port,2022-06-04,2024-12-16,In Transit,Vehicles,183.3,366.4,66456.97,6161.07
SHP002036,CUST002218,Singapore Port,Lagos Port,2024-03-01,2024-05-23,Delayed,Oil,95.88,329.0,196223.46,140276.37
SHP002037,CUST001569,Dubai Port,Singapore Port,2024-07-12,2024-01-25,In Transit,Food,120.25,343.01,58382.55,38304.87
SHP002038,CUST000497,Los Angeles Port,Lagos Port,2022-09-11,2023-05-18,Delivered,Textiles,189.91,298.91,120988.52,89759.18
SHP002039,CUST001799,Durban Port,Shanghai Port,2022-04-16,2022-08-25,Delayed,Oil,164.43,172.09,170096.63,17201.64
SHP002040,CUST002671,Hamburg Port,Lagos Port,2022-01-24,2022-05-29,Delayed,Food,73.36,229.76,57623.83,21013.34
SHP002041,CUST000595,Singapore Port,Lagos Port,2024-07-15,2024-03-16,Delivered,Textiles,88.95,32.71,127921.99,131892.19
SHP002042,CUST002587,Lagos Port,Shanghai Port,2024-10-19,2022-04-09,In Transit,Vehicles,43.04,138.2,25852.57,147796.87
SHP002043,CUST001240,Dubai Port,Lagos Port,2022-10-30,2024-07-15,In Transit,Oil,124.21,74.45,179295.93,134062.94
SHP002044,CUST001541,Los Angeles Port,Rotterdam Port,2022-04-29,2023-10-11,In Transit,Textiles,190.9,48.94,148715.93,89658.36
SHP002045,CUST001096,Dubai Port,Los Angeles Port,2024-07-25,2024-09-02,In Transit,Electronics,148.23,97.04,49366.19,144415.04
SHP002046,CUST000085,Shanghai Port,Los Angeles Port,2024-08-25,2023-04-06,Delivered,Electronics,33.58,288.3,144023.41,78160.05
SHP002047,CUST001813,Lagos Port,Rotterdam Port,2023-04-13,2024-12-14,Delivered,Electronics,25.59,261.92,46947.53,25304.17
SHP002048,CUST002516,Shanghai Port,Singapore Port,2023-12-30,2022-11-21,Delivered,Oil,85.97,427.44,111686.79,13348.92
SHP002049,CUST000719,Hamburg Port,Dubai Port,2023-11-20,2022-10-06,Delayed,Vehicles,104.48,213.64,152839.33,83600.97
SHP002050,CUST000076,Rotterdam Port,Durban Port,2022-06-14,2024-07-09,Delivered,Vehicles,37.82,65.07,126052.37,56848.84
SHP002051,CUST002946,Lagos Port,Durban Port,2022-05-18,2023-04-06,Delivered,Food,14.18,85.94,136499.53,29340.32
SHP002052,CUST000492,Durban Port,Lagos Port,2022-07-03,2023-08-23,Delivered,Vehicles,49.67,481.11,155463.27,31828.77
SHP002053,CUST001586,Durban Port,Dubai Port,2023-03-14,2022-02-27,Delivered,Textiles,112.26,481.14,86067.77,77843.79
SHP002054,CUST000158,Hamburg Port,Hamburg Port,2023-09-15,2023-03-19,Delivered,Vehicles,17.05,313.27,11901.83,96015.94
SHP002055,CUST002815,Shanghai Port,Shanghai Port,2024-09-01,2022-05-17,Delivered,Vehicles,130.6,356.15,157108.47,67965.53
SHP002056,CUST001470,Dubai Port,Singapore Port,2023-07-28,2023-01-13,In Transit,Textiles,151.16,330.76,174468.8,64351.7
SHP002057,CUST000346,Lagos Port,Shanghai Port,2024-03-01,2023-06-28,Delayed,Food,136.12,407.06,9679.25,111073.45
SHP002058,CUST001254,Los Angeles Port,Singapore Port,2024-03-19,2023-08-13,In Transit,Electronics,83.29,399.03,145089.3,44606.11
SHP002059,CUST000227,Hamburg Port,Lagos Port,2022-01-20,2024-09-17,Delivered,Vehicles,10.55,162.25,71343.04,41525.13
SHP002060,CUST001280,Rotterdam Port,Singapore Port,2024-10-09,2024-08-07,Delivered,Food,6.18,157.9,77463.88,26586.14
SHP002061,CUST000663,Lagos Port,Los Angeles Port,2024-04-20,2023-07-08,Delayed,Textiles,55.16,149.66,19295.32,74848.8
SHP002062,CUST001460,Lagos Port,Rotterdam Port,2024-08-13,2023-05-22,Delivered,Vehicles,114.67,283.53,114361.13,14253.16
SHP002063,CUST000953,Rotterdam Port,Shanghai Port,2022-01-29,2024-10-17,Delayed,Food,19.75,357.23,65319.49,89127.78
SHP002064,CUST001622,Dubai Port,Lagos Port,2022-11-14,2022-07-22,Delayed,Electronics,105.15,48.77,157553.09,3056.08
SHP002065,CUST001116,Hamburg Port,Los Angeles Port,2024-08-06,2024-10-04,In Transit,Oil,82.76,172.82,66209.85,26015.32
SHP002066,CUST000414,Singapore Port,Lagos Port,2024-05-13,2023-04-26,In Transit,Oil,189.8,244.63,56848.03,60337.82
SHP002067,CUST000237,Rotterdam Port,Dubai Port,2022-02-21,2024-12-01,In Transit,Oil,65.36,175.55,98634.24,49875.91
SHP002068,CUST002968,Durban Port,Durban Port,2024-04-07,2022-10-04,Delivered,Textiles,121.71,281.24,96363.17,43143.44
SHP002069,CUST001337,Los Angeles Port,Rotterdam Port,2024-11-03,2023-02-23,Delivered,Textiles,125.87,250.04,131216.28,58883.76
SHP002070,CUST002666,Durban Port,Durban Port,2023-05-09,2022-04-19,Delayed,Vehicles,172.15,97.96,165286.25,70021.68
SHP002071,CUST000200,Dubai Port,Dubai Port,2022-10-29,2022-10-13,Delayed,Oil,19.95,35.97,148322.05,90850.94
SHP002072,CUST002652,Singapore Port,Dubai Port,2024-03-21,2022-07-24,In Transit,Food,134.1,452.85,92587.49,148361.2
SHP002073,CUST000835,Durban Port,Singapore Port,2023-06-25,2022-08-25,Delivered,Electronics,94.47,37.59,108455.82,119842.71
SHP002074,CUST000021,Rotterdam Port,Dubai Port,2024-04-21,2023-01-05,In Transit,Food,106.26,141.62,121203.32,87635.33
SHP002075,CUST001155,Durban Port,Lagos Port,2022-03-27,2023-03-08,Delivered,Oil,165.09,340.64,69725.01,112221.13
SHP002076,CUST000778,Shanghai Port,Los Angeles Port,2022-10-11,2022-05-06,In Transit,Food,88.71,91.57,52348.75,81722.34
SHP002077,CUST002008,Dubai Port,Dubai Port,2023-03-30,2022-10-11,In Transit,Electronics,174.33,372.92,81321.68,124746.74
SHP002078,CUST000319,Hamburg Port,Rotterdam Port,2022-02-24,2024-04-28,Delayed,Textiles,171.27,491.82,181730.01,58599.65
SHP002079,CUST001263,Durban Port,Hamburg Port,2023-04-30,2023-03-03,In Transit,Textiles,16.19,432.74,70552.6,111684.47
SHP002080,CUST001051,Rotterdam Port,Lagos Port,2023-04-16,2023-07-14,Delayed,Vehicles,172.57,365.74,142133.45,123179.03
SHP002081,CUST002021,Los Angeles Port,Los Angeles Port,2023-08-16,2023-01-14,Delivered,Electronics,35.65,456.34,178571.97,133558.13
SHP002082,CUST000327,Shanghai Port,Shanghai Port,2024-06-29,2023-12-27,Delivered,Vehicles,43.59,305.79,73828.32,36110.57
SHP002083,CUST002712,Los Angeles Port,Singapore Port,2023-09-02,2024-10-14,Delayed,Textiles,16.89,290.69,85531.81,105913.21
SHP002084,CUST002032,Los Angeles Port,Hamburg Port,2023-03-10,2022-03-22,Delivered,Electronics,48.0,471.34,130387.37,31149.95
SHP002085,CUST000310,Singapore Port,Los Angeles Port,2023-12-10,2022-02-24,Delivered,Food,96.25,242.55,173637.25,106887.71
SHP002086,CUST001004,Shanghai Port,Rotterdam Port,2023-09-01,2022-01-04,Delivered,Vehicles,198.94,258.52,66441.13,27701.08
SHP002087,CUST000704,Lagos Port,Shanghai Port,2022-04-28,2022-06-03,Delayed,Oil,29.51,112.85,107956.47,4787.35
SHP002088,CUST002989,Durban Port,Rotterdam Port,2023-11-30,2024-03-24,Delivered,Food,26.14,265.82,147643.17,149735.26
SHP002089,CUST000652,Rotterdam Port,Rotterdam Port,2023-12-29,2024-08-06,Delayed,Food,148.71,93.91,30794.03,69116.71
SHP002090,CUST001641,Rotterdam Port,Durban Port,2023-04-28,2023-12-09,In Transit,Electronics,38.64,344.5,162269.47,26937.48
SHP002091,CUST002893,Shanghai Port,Shanghai Port,2024-04-12,2022-01-08,Delayed,Food,115.22,34.34,17113.81,120417.81
SHP002092,CUST002633,Singapore Port,Shanghai Port,2022-05-15,2023-03-19,Delivered,Food,47.67,272.54,147693.91,136000.08
SHP002093,CUST000854,Lagos Port,Rotterdam Port,2023-05-14,2024-05-13,In Transit,Electronics,133.35,11.75,183886.8,117164.27
SHP002094,CUST000913,Rotterdam Port,Dubai Port,2024-02-26,2023-07-24,Delayed,Oil,151.91,37.88,181606.77,4669.2
SHP002095,CUST000558,Lagos Port,Los Angeles Port,2023-12-30,2022-03-26,Delivered,Textiles,31.88,338.66,185647.35,17146.93
SHP002096,CUST002794,Singapore Port,Rotterdam Port,2024-07-09,2024-10-25,In Transit,Food,38.07,53.13,95771.99,131591.39
SHP002097,CUST000141,Rotterdam Port,Shanghai Port,2023-04-03,2022-02-09,Delayed,Electronics,175.75,256.94,145408.42,64672.61
SHP002098,CUST002425,Los Angeles Port,Shanghai Port,2022-01-14,2022-04-29,Delayed,Textiles,25.42,37.8,182826.81,129199.19
SHP002099,CUST001276,Lagos Port,Durban Port,2022-03-31,2023-06-01,Delayed,Oil,99.91,164.44,191532.84,105360.12
SHP002100,CUST001274,Los Angeles Port,Lagos Port,2024-09-13,2024-07-21,In Transit,Food,101.66,205.79,70101.35,79380.37
SHP002101,CUST000372,Rotterdam Port,Hamburg Port,2022-04-04,2024-10-11,Delivered,Electronics,88.6,281.11,158154.32,45762.7
SHP002102,CUST002223,Dubai Port,Los Angeles Port,2023-05-11,2022-04-16,Delayed,Electronics,45.19,251.53,15674.04,59568.5
SHP002103,CUST000673,Shanghai Port,Dubai Port,2023-12-03,2022-04-18,Delivered,Food,22.52,160.76,57088.83,115207.23
SHP002104,CUST000867,Lagos Port,Rotterdam Port,2024-10-31,2023-12-02,Delayed,Oil,56.39,200.91,191404.81,80328.13
SHP002105,CUST002684,Dubai Port,Rotterdam Port,2024-10-26,2022-03-10,In Transit,Vehicles,111.11,265.41,199569.51,63614.4
SHP002106,CUST001996,Lagos Port,Durban Port,2022-12-03,2023-09-18,Delayed,Vehicles,39.26,300.01,113593.72,30694.96
SHP002107,CUST000081,Dubai Port,Hamburg Port,2022-04-02,2022-06-06,Delivered,Vehicles,124.12,346.1,128035.57,27585.31
SHP002108,CUST001472,Los Angeles Port,Singapore Port,2024-06-29,2024-08-24,In Transit,Oil,100.51,324.39,48452.46,104076.27
SHP002109,CUST001293,Durban Port,Dubai Port,2022-01-21,2022-06-20,Delayed,Vehicles,82.35,141.54,102921.86,94860.59
SHP002110,CUST002377,Los Angeles Port,Singapore Port,2024-10-20,2023-06-20,Delivered,Textiles,169.97,314.08,124847.08,85260.11
SHP002111,CUST002064,Los Angeles Port,Shanghai Port,2024-09-14,2023-09-26,Delayed,Electronics,155.15,277.44,182395.19,4549.16
SHP002112,CUST001706,Durban Port,Rotterdam Port,2022-01-13,2022-04-19,In Transit,Textiles,161.47,138.5,5114.32,33950.81
SHP002113,CUST001159,Rotterdam Port,Singapore Port,2024-12-23,2023-07-14,In Transit,Food,38.06,313.15,18083.23,97859.77
SHP002114,CUST000949,Durban Port,Rotterdam Port,2022-12-30,2022-05-28,Delayed,Oil,131.2,83.97,15508.43,14918.44
SHP002115,CUST002041,Rotterdam Port,Dubai Port,2024-05-02,2022-09-01,Delayed,Food,100.31,23.11,184660.94,48807.58
SHP002116,CUST001745,Dubai Port,Shanghai Port,2023-12-10,2023-07-27,In Transit,Oil,18.69,168.96,169597.58,139212.09
SHP002117,CUST000609,Durban Port,Lagos Port,2023-03-12,2024-07-01,Delayed,Textiles,31.84,243.3,75638.07,78062.51
SHP002118,CUST002016,Lagos Port,Rotterdam Port,2024-01-30,2023-07-07,In Transit,Oil,158.76,97.7,148865.13,140184.66
SHP002119,CUST001168,Singapore Port,Rotterdam Port,2024-04-29,2023-09-10,Delayed,Textiles,83.24,144.51,139091.36,119985.99
SHP002120,CUST000195,Rotterdam Port,Rotterdam Port,2024-09-20,2023-06-01,In Transit,Oil,21.31,19.3,53712.26,73411.31
SHP002121,CUST001193,Lagos Port,Hamburg Port,2024-03-31,2023-03-27,Delayed,Electronics,90.1,20.84,78610.5,49530.83
SHP002122,CUST000982,Durban Port,Singapore Port,2024-08-03,2022-08-24,In Transit,Food,158.3,248.35,139171.99,116622.0
SHP002123,CUST001952,Los Angeles Port,Singapore Port,2022-09-27,2024-11-03,Delayed,Textiles,125.62,67.94,147909.12,144839.32
SHP002124,CUST001159,Shanghai Port,Los Angeles Port,2023-09-08,2022-12-16,Delayed,Electronics,178.95,285.74,100097.93,67629.4
SHP002125,CUST001859,Hamburg Port,Dubai Port,2024-09-04,2023-10-11,Delivered,Food,50.81,122.32,44588.72,144136.35
SHP002126,CUST000024,Los Angeles Port,Lagos Port,2022-04-14,2024-12-27,Delayed,Electronics,34.11,460.84,113749.14,12832.86
SHP002127,CUST002067,Los Angeles Port,Hamburg Port,2023-10-11,2023-12-28,Delayed,Oil,128.55,220.27,152697.48,6822.32
SHP002128,CUST001520,Rotterdam Port,Durban Port,2023-12-15,2023-09-05,Delayed,Electronics,15.61,371.23,180254.73,15808.5
SHP002129,CUST002115,Rotterdam Port,Rotterdam Port,2023-01-12,2023-10-30,Delivered,Food,25.5,297.96,72578.9,145802.69
SHP002130,CUST001027,Rotterdam Port,Shanghai Port,2024-07-05,2022-02-08,Delivered,Textiles,49.34,199.62,11814.87,79396.99
SHP002131,CUST001742,Singapore Port,Hamburg Port,2023-04-26,2024-08-05,In Transit,Vehicles,67.52,242.58,114912.98,135050.49
SHP002132,CUST001079,Los Angeles Port,Lagos Port,2024-11-26,2023-10-03,In Transit,Food,155.75,409.56,190909.28,101876.88
SHP002133,CUST000672,Hamburg Port,Shanghai Port,2022-06-02,2023-06-23,Delivered,Textiles,195.03,95.35,86498.56,71331.57
SHP002134,CUST002424,Hamburg Port,Singapore Port,2024-08-01,2023-08-08,In Transit,Food,162.49,442.58,43749.09,14544.07
SHP002135,CUST002732,Rotterdam Port,Rotterdam Port,2022-02-24,2024-11-10,Delayed,Vehicles,6.28,161.15,19049.11,62058.96
SHP002136,CUST002387,Singapore Port,Durban Port,2023-08-23,2022-10-21,Delayed,Electronics,173.54,293.93,126785.33,53018.02
SHP002137,CUST001668,Hamburg Port,Hamburg Port,2023-07-06,2023-05-24,In Transit,Food,55.59,171.9,51721.83,7795.21
SHP002138,CUST001064,Dubai Port,Lagos Port,2023-04-16,2022-02-11,Delayed,Oil,59.32,293.38,18880.1,147524.54
SHP002139,CUST000850,Shanghai Port,Hamburg Port,2022-05-15,2023-08-01,Delayed,Vehicles,33.77,273.0,105522.42,40057.59
SHP002140,CUST001977,Lagos Port,Durban Port,2024-06-05,2023-01-15,Delayed,Oil,182.31,426.78,144823.03,35035.78
SHP002141,CUST002857,Lagos Port,Lagos Port,2022-07-16,2023-06-01,Delivered,Textiles,39.43,352.74,61161.71,12444.87
SHP002142,CUST000234,Dubai Port,Singapore Port,2022-02-04,2022-11-27,In Transit,Vehicles,68.07,304.09,136684.81,108999.51
SHP002143,CUST000252,Dubai Port,Los Angeles Port,2022-02-09,2022-03-20,Delayed,Vehicles,67.14,184.5,59294.47,125058.15
SHP002144,CUST001692,Lagos Port,Hamburg Port,2023-06-25,2023-04-10,In Transit,Electronics,122.23,72.04,141620.35,104174.7
SHP002145,CUST001021,Lagos Port,Hamburg Port,2023-10-21,2023-01-22,Delayed,Oil,103.9,459.43,117134.78,111979.07
SHP002146,CUST001690,Rotterdam Port,Rotterdam Port,2024-07-12,2023-11-12,Delayed,Oil,177.96,211.6,155431.79,127832.72
SHP002147,CUST002130,Shanghai Port,Rotterdam Port,2023-12-25,2024-11-19,Delivered,Electronics,90.05,471.81,96568.61,109521.3
SHP002148,CUST002569,Hamburg Port,Hamburg Port,2022-10-29,2024-05-01,In Transit,Food,111.91,385.4,27549.41,118064.45
SHP002149,CUST000168,Durban Port,Durban Port,2022-06-08,2022-12-14,In Transit,Electronics,67.27,447.8,127146.46,80790.96
SHP002150,CUST002339,Shanghai Port,Rotterdam Port,2023-05-02,2022-06-05,Delayed,Vehicles,198.09,355.92,56026.92,51686.6
SHP002151,CUST001427,Lagos Port,Los Angeles Port,2023-07-05,2022-11-09,Delayed,Food,58.59,495.32,52858.63,67426.62
SHP002152,CUST002834,Shanghai Port,Hamburg Port,2022-03-10,2023-04-26,Delivered,Textiles,87.48,403.94,77098.08,67615.91
SHP002153,CUST001782,Shanghai Port,Dubai Port,2024-10-25,2023-10-08,Delayed,Vehicles,182.9,223.46,163562.7,49616.15
SHP002154,CUST000200,Dubai Port,Lagos Port,2022-01-16,2023-07-20,In Transit,Food,117.31,60.33,81556.92,40751.02
SHP002155,CUST002013,Lagos Port,Dubai Port,2024-05-25,2023-06-22,Delivered,Electronics,36.78,40.4,7492.46,58271.06
SHP002156,CUST001948,Rotterdam Port,Durban Port,2024-02-20,2022-01-31,Delayed,Textiles,162.86,150.36,84090.13,147694.33
SHP002157,CUST000341,Los Angeles Port,Singapore Port,2024-04-01,2023-06-18,Delivered,Vehicles,135.03,68.81,146824.41,44426.8
SHP002158,CUST001997,Hamburg Port,Lagos Port,2024-07-06,2022-10-08,In Transit,Vehicles,64.48,293.61,159669.58,29666.82
SHP002159,CUST001561,Lagos Port,Hamburg Port,2023-04-21,2024-10-20,Delivered,Oil,12.91,493.64,162556.87,26723.16
SHP002160,CUST000030,Los Angeles Port,Durban Port,2022-08-08,2022-04-17,Delivered,Oil,55.64,312.91,137361.11,40234.19
SHP002161,CUST000676,Dubai Port,Singapore Port,2024-12-18,2023-07-30,In Transit,Food,184.47,442.46,6470.04,4363.55
SHP002162,CUST002834,Lagos Port,Dubai Port,2022-03-30,2023-01-12,Delayed,Food,93.3,401.2,198858.81,55474.17
SHP002163,CUST002123,Dubai Port,Lagos Port,2023-03-02,2024-07-30,In Transit,Food,85.22,225.74,71587.01,97057.0
SHP002164,CUST001097,Lagos Port,Rotterdam Port,2023-09-20,2022-04-03,Delivered,Oil,189.9,158.04,179558.76,123194.35
SHP002165,CUST000991,Lagos Port,Rotterdam Port,2022-12-12,2024-09-01,In Transit,Textiles,91.2,236.9,31382.42,111721.05
SHP002166,CUST001121,Dubai Port,Rotterdam Port,2024-07-31,2022-12-08,Delayed,Oil,86.37,441.51,180228.45,105600.7
SHP002167,CUST000310,Los Angeles Port,Durban Port,2023-02-22,2022-02-24,Delayed,Electronics,164.03,75.59,64200.81,72976.8
SHP002168,CUST001646,Shanghai Port,Durban Port,2024-06-16,2022-12-30,Delivered,Oil,68.93,147.86,36476.53,90316.97
SHP002169,CUST001376,Rotterdam Port,Singapore Port,2022-12-20,2022-07-04,Delayed,Vehicles,57.65,328.76,20108.1,141999.51
SHP002170,CUST000049,Dubai Port,Shanghai Port,2022-09-29,2023-12-30,In Transit,Oil,117.01,269.39,93118.23,70191.39
SHP002171,CUST002276,Rotterdam Port,Durban Port,2024-12-21,2024-11-06,In Transit,Textiles,91.74,52.33,76462.22,136348.7
SHP002172,CUST000014,Dubai Port,Shanghai Port,2022-01-20,2024-11-22,Delayed,Oil,111.96,53.31,174533.57,111403.87
SHP002173,CUST002272,Durban Port,Dubai Port,2023-08-21,2024-11-26,Delivered,Electronics,81.37,22.76,51302.66,47004.67
SHP002174,CUST000231,Singapore Port,Lagos Port,2022-06-13,2022-04-03,Delivered,Textiles,164.33,403.08,145279.08,111657.26
SHP002175,CUST002522,Los Angeles Port,Hamburg Port,2022-08-22,2024-03-22,In Transit,Vehicles,15.88,162.5,8649.28,97169.05
SHP002176,CUST000837,Rotterdam Port,Singapore Port,2022-07-05,2024-09-08,Delayed,Vehicles,151.52,235.17,115705.15,96075.91
SHP002177,CUST001525,Lagos Port,Hamburg Port,2024-09-07,2024-05-21,Delayed,Oil,177.28,481.3,62609.31,72958.67
SHP002178,CUST002797,Dubai Port,Lagos Port,2023-01-19,2023-12-19,Delayed,Textiles,27.57,29.15,23745.54,52099.28
SHP002179,CUST001208,Rotterdam Port,Rotterdam Port,2024-01-16,2022-05-12,Delivered,Textiles,99.36,59.48,19269.3,50807.24
SHP002180,CUST001310,Hamburg Port,Durban Port,2023-01-02,2023-05-01,Delivered,Electronics,163.2,302.36,55629.19,44462.95
SHP002181,CUST001222,Singapore Port,Lagos Port,2022-11-02,2024-05-11,In Transit,Oil,91.91,147.82,12861.88,125835.39
SHP002182,CUST000077,Durban Port,Dubai Port,2022-12-23,2023-03-17,Delivered,Vehicles,106.89,475.62,190278.82,13501.68
SHP002183,CUST001082,Durban Port,Durban Port,2022-03-31,2022-02-06,Delayed,Textiles,13.01,126.66,92249.07,37477.73
SHP002184,CUST000784,Los Angeles Port,Singapore Port,2023-02-26,2023-09-09,Delivered,Vehicles,152.87,156.26,155272.54,130412.88
SHP002185,CUST001707,Singapore Port,Singapore Port,2024-03-23,2023-01-12,Delayed,Vehicles,102.65,387.29,24421.57,135678.15
SHP002186,CUST000911,Hamburg Port,Rotterdam Port,2023-04-08,2023-10-02,In Transit,Oil,172.36,170.77,145167.19,108986.34
SHP002187,CUST000593,Shanghai Port,Lagos Port,2024-09-03,2024-04-11,Delayed,Oil,82.24,465.32,174724.07,138164.3
SHP002188,CUST001717,Lagos Port,Rotterdam Port,2022-12-02,2023-03-12,Delayed,Electronics,72.23,493.24,97024.41,8019.21
SHP002189,CUST001607,Los Angeles Port,Los Angeles Port,2023-12-19,2022-06-05,Delayed,Textiles,191.49,73.47,115412.18,15294.67
SHP002190,CUST002939,Rotterdam Port,Los Angeles Port,2023-04-11,2022-04-05,In Transit,Oil,140.25,272.58,26656.1,64804.81
SHP002191,CUST001462,Singapore Port,Dubai Port,2024-07-12,2022-11-17,Delayed,Vehicles,76.52,316.28,54363.44,39397.0
SHP002192,CUST000168,Los Angeles Port,Lagos Port,2023-05-28,2024-05-07,Delayed,Electronics,13.7,486.75,141470.31,5399.17
SHP002193,CUST002258,Dubai Port,Singapore Port,2023-08-26,2024-12-30,Delivered,Vehicles,70.27,29.03,181427.67,6289.87
SHP002194,CUST002199,Lagos Port,Los Angeles Port,2024-01-27,2022-11-05,Delayed,Food,49.09,107.0,121708.25,32787.48
SHP002195,CUST000114,Hamburg Port,Dubai Port,2022-09-29,2024-02-11,In Transit,Food,94.2,249.28,149704.91,114913.42
SHP002196,CUST001695,Shanghai Port,Lagos Port,2023-09-04,2023-05-05,In Transit,Textiles,125.35,163.88,113385.6,65908.57
SHP002197,CUST001990,Singapore Port,Shanghai Port,2022-05-29,2023-09-23,Delivered,Textiles,79.76,270.58,42297.94,64013.88
SHP002198,CUST002205,Rotterdam Port,Dubai Port,2023-02-01,2023-12-07,Delayed,Electronics,106.94,420.86,26258.15,84972.51
SHP002199,CUST001300,Dubai Port,Rotterdam Port,2023-11-07,2024-04-15,In Transit,Oil,195.32,139.46,52971.62,107641.8
SHP002200,CUST001946,Durban Port,Durban Port,2024-12-25,2023-01-25,Delayed,Electronics,106.37,461.97,189703.08,65676.47
SHP002201,CUST001055,Hamburg Port,Singapore Port,2023-09-29,2023-09-18,In Transit,Textiles,62.18,53.03,12594.44,27081.71
SHP002202,CUST000069,Hamburg Port,Shanghai Port,2022-12-19,2022-03-28,Delayed,Oil,173.62,240.77,11043.53,4773.49
SHP002203,CUST002406,Dubai Port,Dubai Port,2022-09-30,2022-03-13,In Transit,Oil,22.58,343.4,130701.94,55690.41
SHP002204,CUST002914,Hamburg Port,Rotterdam Port,2022-04-28,2022-07-18,In Transit,Textiles,118.48,493.59,152130.21,105596.88
SHP002205,CUST001456,Rotterdam Port,Durban Port,2022-04-17,2024-07-07,In Transit,Textiles,162.77,316.65,109877.72,9482.17
SHP002206,CUST000794,Lagos Port,Rotterdam Port,2023-03-26,2023-12-27,In Transit,Food,86.28,298.0,113392.77,30559.81
SHP002207,CUST002384,Lagos Port,Dubai Port,2024-08-17,2022-02-28,Delayed,Vehicles,180.55,140.59,5343.24,6980.85
SHP002208,CUST000122,Los Angeles Port,Durban Port,2022-09-13,2024-10-04,Delayed,Food,173.68,119.87,191493.23,85402.4
SHP002209,CUST000421,Shanghai Port,Rotterdam Port,2024-02-05,2022-03-19,Delivered,Electronics,78.76,190.16,75969.06,137458.17
SHP002210,CUST000246,Hamburg Port,Hamburg Port,2023-05-30,2023-04-11,In Transit,Textiles,186.96,297.35,71968.54,64667.59
SHP002211,CUST001196,Rotterdam Port,Los Angeles Port,2024-01-03,2022-01-31,Delivered,Oil,174.81,21.16,184065.43,23118.25
SHP002212,CUST002593,Durban Port,Shanghai Port,2022-05-19,2023-02-11,Delivered,Food,95.47,398.38,124316.83,65538.77
SHP002213,CUST001294,Singapore Port,Dubai Port,2022-11-27,2024-09-25,In Transit,Textiles,69.44,350.73,74314.42,40640.95
SHP002214,CUST002965,Dubai Port,Shanghai Port,2023-08-02,2023-05-10,In Transit,Electronics,34.96,180.37,58930.64,100602.05
SHP002215,CUST001328,Hamburg Port,Hamburg Port,2023-06-16,2023-10-08,Delayed,Food,23.79,432.36,139807.54,143730.6
SHP002216,CUST001931,Los Angeles Port,Rotterdam Port,2022-03-24,2022-03-09,Delivered,Vehicles,103.5,74.69,5923.16,3851.35
SHP002217,CUST000806,Singapore Port,Lagos Port,2024-04-11,2024-08-16,Delayed,Vehicles,8.71,431.63,167891.04,60337.19
SHP002218,CUST001303,Durban Port,Shanghai Port,2024-11-16,2024-12-09,Delivered,Food,121.84,106.27,28594.66,118320.84
SHP002219,CUST001587,Durban Port,Rotterdam Port,2024-03-23,2024-10-04,In Transit,Food,142.54,274.89,6122.09,100790.53
SHP002220,CUST000064,Durban Port,Singapore Port,2022-01-13,2022-07-28,Delivered,Textiles,195.36,282.63,184856.93,126651.02
SHP002221,CUST001418,Shanghai Port,Lagos Port,2022-10-25,2022-02-26,Delayed,Electronics,147.47,492.79,20239.65,25123.27
SHP002222,CUST000562,Singapore Port,Los Angeles Port,2023-04-15,2024-03-13,In Transit,Vehicles,82.55,45.63,136998.75,38311.91
SHP002223,CUST002239,Dubai Port,Hamburg Port,2024-03-21,2022-12-11,Delivered,Vehicles,169.99,17.71,164798.32,123862.52
SHP002224,CUST002871,Rotterdam Port,Hamburg Port,2022-07-27,2024-01-08,In Transit,Oil,16.04,181.15,180659.23,59376.96
SHP002225,CUST002028,Singapore Port,Hamburg Port,2022-09-07,2022-03-10,Delivered,Oil,15.38,108.52,46796.13,70917.41
SHP002226,CUST002516,Lagos Port,Dubai Port,2022-05-24,2023-11-13,Delayed,Oil,176.68,367.82,29483.85,116236.84
SHP002227,CUST001481,Singapore Port,Durban Port,2022-08-29,2023-01-10,Delayed,Oil,124.59,346.93,156299.15,15460.03
SHP002228,CUST002396,Hamburg Port,Durban Port,2024-01-07,2023-09-09,Delayed,Food,19.53,442.02,68589.97,42422.3
SHP002229,CUST000805,Rotterdam Port,Rotterdam Port,2024-10-01,2024-01-02,In Transit,Textiles,130.87,286.76,49071.18,74979.13
SHP002230,CUST002078,Shanghai Port,Durban Port,2024-03-21,2023-04-08,Delayed,Electronics,114.56,86.53,159493.05,9451.57
SHP002231,CUST002223,Singapore Port,Dubai Port,2023-12-24,2022-07-04,Delayed,Electronics,139.36,21.02,63965.93,103364.64
SHP002232,CUST002440,Singapore Port,Lagos Port,2023-03-02,2023-08-06,Delayed,Electronics,154.47,307.19,39572.72,42384.25
SHP002233,CUST000199,Hamburg Port,Dubai Port,2024-07-11,2022-11-25,Delivered,Food,145.52,356.39,26237.72,111050.62
SHP002234,CUST002019,Shanghai Port,Rotterdam Port,2024-06-23,2023-10-22,Delayed,Vehicles,75.7,389.13,33196.31,3868.35
SHP002235,CUST001218,Los Angeles Port,Los Angeles Port,2023-01-20,2022-05-08,Delivered,Electronics,160.39,107.02,21773.52,136409.85
SHP002236,CUST001761,Lagos Port,Hamburg Port,2024-02-09,2023-04-13,Delayed,Textiles,101.35,52.39,171947.33,118554.26
SHP002237,CUST000806,Dubai Port,Los Angeles Port,2024-10-15,2022-12-23,Delivered,Textiles,142.97,156.6,103248.15,92776.34
SHP002238,CUST001505,Los Angeles Port,Singapore Port,2023-01-24,2022-07-31,In Transit,Textiles,78.0,441.35,181362.05,25628.19
SHP002239,CUST000062,Hamburg Port,Shanghai Port,2022-10-06,2023-11-06,Delayed,Electronics,141.0,224.44,56519.87,82479.78
SHP002240,CUST001012,Singapore Port,Shanghai Port,2022-02-24,2022-09-18,In Transit,Food,71.91,202.94,171302.86,27484.8
SHP002241,CUST002515,Hamburg Port,Rotterdam Port,2024-05-18,2023-11-21,Delivered,Electronics,7.88,344.95,71203.04,146616.46
SHP002242,CUST001155,Durban Port,Singapore Port,2023-04-03,2022-06-20,In Transit,Electronics,149.72,296.82,100204.27,124759.22
SHP002243,CUST002946,Rotterdam Port,Lagos Port,2024-10-13,2022-07-19,In Transit,Vehicles,177.35,375.85,27586.33,27851.21
SHP002244,CUST000164,Shanghai Port,Rotterdam Port,2022-11-06,2023-05-21,Delivered,Food,111.09,44.42,161175.86,101806.26
SHP002245,CUST000911,Hamburg Port,Lagos Port,2023-09-19,2022-04-17,Delivered,Food,73.14,73.09,51423.87,109940.56
SHP002246,CUST000380,Los Angeles Port,Durban Port,2023-09-03,2024-05-11,Delivered,Food,8.5,287.1,52942.55,76482.27
SHP002247,CUST002771,Shanghai Port,Hamburg Port,2024-08-14,2024-06-24,Delivered,Electronics,9.55,93.7,125535.03,5163.19
SHP002248,CUST001127,Hamburg Port,Hamburg Port,2022-08-11,2022-07-12,Delayed,Vehicles,93.54,484.38,79451.58,82543.93
SHP002249,CUST002991,Dubai Port,Hamburg Port,2024-08-08,2024-10-15,Delayed,Oil,30.23,295.6,39002.05,128023.3
SHP002250,CUST001153,Rotterdam Port,Lagos Port,2024-08-30,2022-04-03,Delivered,Textiles,81.58,345.87,129486.25,110706.57
SHP002251,CUST001170,Dubai Port,Los Angeles Port,2022-10-01,2022-06-29,Delayed,Electronics,59.78,233.43,161611.41,141007.95
SHP002252,CUST002748,Dubai Port,Singapore Port,2022-10-08,2022-06-05,Delivered,Oil,103.17,129.73,179700.7,97096.51
SHP002253,CUST001388,Lagos Port,Durban Port,2023-02-24,2024-03-03,Delayed,Electronics,129.1,374.94,89714.77,29611.84
SHP002254,CUST000800,Rotterdam Port,Los Angeles Port,2022-04-15,2022-10-18,Delayed,Oil,21.71,219.27,140961.79,65424.86
SHP002255,CUST002099,Lagos Port,Los Angeles Port,2024-10-05,2023-06-08,Delayed,Vehicles,126.19,264.62,55336.98,134881.82
SHP002256,CUST000971,Lagos Port,Hamburg Port,2023-07-29,2022-12-17,Delivered,Food,133.57,319.77,74861.25,139972.82
SHP002257,CUST001282,Shanghai Port,Durban Port,2023-09-21,2023-01-27,Delivered,Vehicles,199.9,401.37,60011.01,100728.67
SHP002258,CUST001444,Los Angeles Port,Hamburg Port,2023-09-28,2022-05-16,In Transit,Vehicles,49.97,419.43,84848.84,39336.61
SHP002259,CUST000181,Shanghai Port,Hamburg Port,2022-12-04,2023-09-13,Delivered,Food,59.86,449.4,87781.05,62518.18
SHP002260,CUST000002,Los Angeles Port,Hamburg Port,2022-07-14,2023-10-10,In Transit,Textiles,38.23,310.02,165540.94,84443.99
SHP002261,CUST002358,Hamburg Port,Singapore Port,2022-05-20,2023-01-09,Delivered,Food,145.65,344.43,18487.88,69735.98
SHP002262,CUST001753,Hamburg Port,Rotterdam Port,2024-12-30,2024-02-11,In Transit,Food,39.68,334.15,55023.34,17553.02
SHP002263,CUST000416,Rotterdam Port,Rotterdam Port,2022-09-24,2024-01-14,Delivered,Food,30.01,198.19,141456.17,47556.4
SHP002264,CUST001088,Rotterdam Port,Lagos Port,2022-12-18,2024-06-25,Delayed,Vehicles,95.45,159.99,115222.89,26868.85
SHP002265,CUST002667,Rotterdam Port,Hamburg Port,2023-02-07,2023-10-08,Delayed,Textiles,81.14,132.51,113010.1,122422.04
SHP002266,CUST001163,Los Angeles Port,Singapore Port,2022-07-02,2024-11-04,Delivered,Oil,54.81,368.22,168841.15,137624.72
SHP002267,CUST002084,Shanghai Port,Rotterdam Port,2022-05-10,2022-05-09,In Transit,Food,102.18,132.1,81482.63,53513.36
SHP002268,CUST001946,Rotterdam Port,Lagos Port,2023-03-10,2023-05-18,Delayed,Oil,170.05,438.19,84077.01,37234.97
SHP002269,CUST000893,Hamburg Port,Rotterdam Port,2024-11-05,2024-11-15,Delayed,Oil,58.65,431.56,154502.09,129423.54
SHP002270,CUST002133,Rotterdam Port,Singapore Port,2023-01-25,2023-07-25,Delayed,Vehicles,14.45,495.36,185962.14,58184.17
SHP002271,CUST002809,Singapore Port,Dubai Port,2022-07-06,2022-05-03,Delivered,Textiles,139.82,281.89,117096.13,45720.19
SHP002272,CUST001657,Singapore Port,Dubai Port,2023-01-09,2022-04-02,Delayed,Electronics,127.82,25.52,94858.33,90623.03
SHP002273,CUST002779,Los Angeles Port,Durban Port,2022-07-04,2024-03-15,Delayed,Textiles,5.77,53.85,117149.96,140467.92
SHP002274,CUST001844,Los Angeles Port,Lagos Port,2023-03-31,2022-04-11,Delivered,Vehicles,108.92,34.22,46818.44,63797.91
SHP002275,CUST000452,Los Angeles Port,Singapore Port,2024-11-25,2024-04-06,In Transit,Oil,17.14,296.35,163253.95,54897.83
SHP002276,CUST000842,Los Angeles Port,Rotterdam Port,2023-06-21,2024-05-23,Delayed,Oil,65.69,55.72,18336.76,82514.31
SHP002277,CUST001989,Singapore Port,Shanghai Port,2023-01-10,2023-10-21,Delivered,Textiles,191.43,26.76,16901.21,42928.85
SHP002278,CUST002405,Lagos Port,Durban Port,2024-06-19,2024-09-15,Delayed,Electronics,107.74,235.32,182303.45,88384.47
SHP002279,CUST002268,Singapore Port,Durban Port,2023-01-26,2024-08-28,Delivered,Food,92.48,354.11,19266.85,98310.19
SHP002280,CUST002721,Dubai Port,Lagos Port,2022-10-29,2024-05-13,In Transit,Electronics,172.21,188.58,114570.63,62023.05
SHP002281,CUST002324,Singapore Port,Lagos Port,2022-05-17,2022-09-17,In Transit,Textiles,140.34,351.72,164236.11,51298.19
SHP002282,CUST000055,Shanghai Port,Rotterdam Port,2024-03-14,2023-01-01,Delayed,Textiles,22.29,436.39,185146.13,6808.27
SHP002283,CUST001136,Lagos Port,Durban Port,2024-09-15,2022-10-19,Delayed,Vehicles,100.78,427.42,114131.89,28927.5
SHP002284,CUST002447,Dubai Port,Dubai Port,2022-08-30,2022-04-09,Delayed,Textiles,146.06,327.12,91016.2,84513.73
SHP002285,CUST000826,Los Angeles Port,Singapore Port,2023-10-22,2022-08-06,In Transit,Textiles,125.55,360.32,111758.81,4742.06
SHP002286,CUST001505,Los Angeles Port,Singapore Port,2024-09-18,2023-01-16,Delayed,Food,55.05,142.35,16410.45,94106.16
SHP002287,CUST001266,Rotterdam Port,Shanghai Port,2022-09-03,2022-07-10,In Transit,Electronics,171.94,28.29,137628.45,117120.27
SHP002288,CUST002108,Durban Port,Los Angeles Port,2022-09-30,2023-11-22,In Transit,Vehicles,167.94,163.85,182919.9,50241.21
SHP002289,CUST002697,Los Angeles Port,Rotterdam Port,2022-11-28,2023-10-05,Delivered,Vehicles,61.77,406.54,116480.16,34955.27
SHP002290,CUST002098,Lagos Port,Singapore Port,2023-06-29,2023-11-21,Delayed,Electronics,43.99,242.03,93271.33,7751.35
SHP002291,CUST000620,Shanghai Port,Hamburg Port,2023-11-30,2024-05-17,Delayed,Electronics,80.67,407.33,41030.55,95185.83
SHP002292,CUST001884,Lagos Port,Lagos Port,2023-01-19,2023-06-19,Delayed,Electronics,179.39,219.76,88191.17,7456.54
SHP002293,CUST000877,Singapore Port,Los Angeles Port,2023-11-12,2024-05-19,Delayed,Oil,178.45,480.47,35910.84,89447.43
SHP002294,CUST000786,Singapore Port,Rotterdam Port,2023-01-31,2024-08-01,Delayed,Electronics,170.91,144.54,34965.61,124424.9
SHP002295,CUST001566,Los Angeles Port,Dubai Port,2024-12-24,2022-06-18,In Transit,Oil,18.6,206.73,12609.77,137860.75
SHP002296,CUST000733,Shanghai Port,Hamburg Port,2022-05-01,2022-11-09,Delayed,Oil,129.1,383.59,152610.12,148328.66
SHP002297,CUST001504,Rotterdam Port,Shanghai Port,2022-11-22,2024-10-14,In Transit,Vehicles,148.02,364.84,155127.61,99477.74
SHP002298,CUST001362,Los Angeles Port,Shanghai Port,2024-02-29,2024-10-26,Delayed,Food,27.65,22.05,188484.59,108739.82
SHP002299,CUST001188,Shanghai Port,Rotterdam Port,2023-06-26,2022-12-14,In Transit,Vehicles,171.77,388.31,36988.68,12676.68
SHP002300,CUST000350,Los Angeles Port,Rotterdam Port,2024-10-17,2024-06-07,Delivered,Food,33.6,297.94,52996.59,12678.95
SHP002301,CUST000709,Lagos Port,Durban Port,2022-09-28,2024-09-22,In Transit,Vehicles,167.48,86.33,145337.41,62449.22
SHP002302,CUST000704,Rotterdam Port,Dubai Port,2022-03-16,2024-01-22,Delivered,Food,174.81,453.65,149997.01,147488.67
SHP002303,CUST002458,Lagos Port,Hamburg Port,2024-01-03,2023-07-11,Delivered,Textiles,70.45,16.82,190946.48,132786.0
SHP002304,CUST000038,Los Angeles Port,Dubai Port,2023-11-20,2023-01-01,Delayed,Textiles,161.99,448.08,68922.62,137941.62
SHP002305,CUST002435,Durban Port,Rotterdam Port,2022-06-13,2023-05-13,Delivered,Textiles,148.92,419.02,186039.14,40492.66
SHP002306,CUST001036,Singapore Port,Lagos Port,2023-04-14,2022-07-01,In Transit,Electronics,83.96,76.72,65554.17,30721.01
SHP002307,CUST000720,Durban Port,Rotterdam Port,2023-08-13,2023-04-09,Delivered,Electronics,138.68,301.94,34996.11,90881.41
SHP002308,CUST001163,Hamburg Port,Dubai Port,2024-06-02,2024-01-22,Delivered,Oil,19.72,484.94,128955.69,34772.44
SHP002309,CUST002571,Lagos Port,Durban Port,2023-09-15,2022-12-05,Delayed,Textiles,71.68,469.03,109896.55,13247.18
SHP002310,CUST002526,Hamburg Port,Hamburg Port,2024-09-01,2023-01-13,In Transit,Electronics,80.44,60.72,106816.33,66810.06
SHP002311,CUST001941,Durban Port,Singapore Port,2022-10-09,2023-04-22,Delayed,Textiles,157.2,18.71,63462.41,43411.94
SHP002312,CUST000737,Lagos Port,Shanghai Port,2022-02-18,2023-09-15,In Transit,Food,86.69,206.77,156477.14,101877.87
SHP002313,CUST001184,Singapore Port,Hamburg Port,2022-11-12,2024-12-01,Delivered,Textiles,148.23,378.9,24411.54,24466.21
SHP002314,CUST001003,Hamburg Port,Los Angeles Port,2024-09-08,2023-03-20,Delayed,Oil,24.94,292.5,41742.91,120776.02
SHP002315,CUST000508,Hamburg Port,Singapore Port,2024-07-27,2022-07-17,Delayed,Oil,192.93,469.03,19030.95,70945.65
SHP002316,CUST001465,Singapore Port,Singapore Port,2023-08-02,2024-11-10,Delivered,Food,58.14,33.04,87996.56,104097.9
SHP002317,CUST000977,Los Angeles Port,Singapore Port,2023-11-23,2022-08-18,In Transit,Textiles,162.62,228.58,41516.91,26176.94
SHP002318,CUST000716,Singapore Port,Lagos Port,2022-09-27,2023-09-19,In Transit,Vehicles,196.15,54.13,168312.61,94745.93
SHP002319,CUST000559,Los Angeles Port,Hamburg Port,2023-03-16,2023-12-27,Delivered,Oil,21.57,65.37,75275.55,12321.27
SHP002320,CUST002443,Singapore Port,Durban Port,2024-03-08,2022-01-20,In Transit,Electronics,197.77,388.61,199623.69,52642.41
SHP002321,CUST001491,Singapore Port,Rotterdam Port,2022-08-27,2022-05-05,In Transit,Electronics,23.97,98.27,161145.9,29853.08
SHP002322,CUST001121,Lagos Port,Lagos Port,2023-02-13,2022-12-17,Delayed,Oil,117.55,47.65,160719.49,100655.16
SHP002323,CUST001296,Shanghai Port,Rotterdam Port,2023-10-15,2023-05-14,Delayed,Electronics,111.25,392.09,132863.89,62986.94
SHP002324,CUST001624,Durban Port,Los Angeles Port,2024-03-23,2022-05-15,In Transit,Electronics,7.14,486.05,191957.77,41347.17
SHP002325,CUST000822,Rotterdam Port,Hamburg Port,2024-06-07,2024-02-17,Delivered,Food,18.26,137.69,167244.85,141907.74
SHP002326,CUST001661,Durban Port,Durban Port,2024-05-05,2024-10-01,In Transit,Electronics,135.8,281.01,68288.01,75340.0
SHP002327,CUST000392,Singapore Port,Shanghai Port,2022-02-04,2022-06-08,In Transit,Electronics,44.24,348.13,169200.57,15736.94
SHP002328,CUST000798,Shanghai Port,Rotterdam Port,2024-04-14,2024-07-10,Delivered,Textiles,142.07,121.01,39891.03,56526.53
SHP002329,CUST000352,Rotterdam Port,Shanghai Port,2024-07-09,2022-01-05,Delayed,Oil,54.62,40.36,167692.86,81409.84
SHP002330,CUST000527,Singapore Port,Dubai Port,2023-01-11,2023-01-12,Delayed,Food,97.56,261.32,44625.26,100848.87
SHP002331,CUST002012,Singapore Port,Shanghai Port,2024-06-10,2024-06-29,Delayed,Oil,127.94,161.61,167770.26,89026.32
SHP002332,CUST000604,Singapore Port,Dubai Port,2024-04-06,2024-07-10,Delivered,Electronics,119.85,10.58,150336.95,149320.55
SHP002333,CUST000568,Dubai Port,Hamburg Port,2023-06-01,2022-12-15,In Transit,Vehicles,184.81,110.01,191807.08,128204.82
SHP002334,CUST001698,Rotterdam Port,Durban Port,2022-02-06,2023-12-20,Delivered,Textiles,5.0,149.99,66880.59,112499.51
SHP002335,CUST002295,Shanghai Port,Dubai Port,2022-08-27,2022-07-27,In Transit,Food,88.59,307.1,199059.35,56124.86
SHP002336,CUST000967,Durban Port,Durban Port,2022-11-26,2023-03-25,Delayed,Electronics,80.09,254.04,187099.68,78217.31
SHP002337,CUST001352,Singapore Port,Durban Port,2022-05-14,2024-08-20,Delivered,Electronics,163.85,69.09,161324.73,118541.45
SHP002338,CUST002615,Rotterdam Port,Shanghai Port,2023-07-03,2022-02-12,Delivered,Textiles,158.09,421.12,5203.65,102870.14
SHP002339,CUST000237,Los Angeles Port,Lagos Port,2024-05-01,2022-06-27,Delayed,Textiles,79.85,369.31,198865.35,139324.01
SHP002340,CUST000498,Hamburg Port,Singapore Port,2023-08-01,2023-01-24,Delayed,Electronics,141.96,79.41,51058.93,5382.55
SHP002341,CUST001677,Hamburg Port,Durban Port,2024-08-31,2023-01-30,Delayed,Electronics,6.44,375.81,117187.02,83327.99
SHP002342,CUST002968,Singapore Port,Durban Port,2024-04-11,2024-06-22,In Transit,Electronics,196.72,23.54,181564.29,85897.75
SHP002343,CUST000659,Lagos Port,Hamburg Port,2022-08-13,2022-01-14,Delivered,Oil,65.75,394.17,20355.49,104590.69
SHP002344,CUST001018,Lagos Port,Lagos Port,2024-01-28,2023-06-14,Delayed,Vehicles,12.82,277.98,155016.58,102130.04
SHP002345,CUST002587,Hamburg Port,Durban Port,2024-03-13,2022-09-03,Delayed,Oil,80.25,353.82,173194.17,112415.53
SHP002346,CUST001877,Lagos Port,Lagos Port,2022-08-02,2024-04-22,Delayed,Electronics,17.35,367.34,72146.2,92426.53
SHP002347,CUST002505,Singapore Port,Singapore Port,2022-02-05,2024-04-02,Delivered,Food,100.74,491.02,38168.57,19282.17
SHP002348,CUST000326,Dubai Port,Hamburg Port,2024-06-16,2023-11-27,Delivered,Vehicles,115.34,248.56,188128.25,71599.24
SHP002349,CUST002498,Durban Port,Los Angeles Port,2024-07-20,2024-08-12,In Transit,Food,159.68,453.1,22787.94,84242.02
SHP002350,CUST000221,Dubai Port,Dubai Port,2023-07-18,2023-07-15,In Transit,Vehicles,149.39,104.44,46206.46,28197.44
SHP002351,CUST002011,Hamburg Port,Durban Port,2022-03-30,2024-03-09,Delivered,Vehicles,12.29,58.5,124375.57,143995.8
SHP002352,CUST002594,Durban Port,Durban Port,2023-01-21,2023-02-08,Delayed,Oil,114.72,475.96,124090.4,60959.59
SHP002353,CUST000856,Durban Port,Hamburg Port,2024-02-14,2024-07-25,Delayed,Electronics,197.82,147.0,111745.6,22233.37
SHP002354,CUST001078,Rotterdam Port,Dubai Port,2024-07-16,2023-06-14,Delayed,Electronics,84.81,380.31,77395.51,43982.02
SHP002355,CUST002767,Durban Port,Durban Port,2023-06-17,2024-04-16,Delivered,Oil,130.44,131.71,150957.66,47415.4
SHP002356,CUST000274,Hamburg Port,Los Angeles Port,2023-09-19,2024-02-22,In Transit,Textiles,47.92,165.74,191955.06,130215.42
SHP002357,CUST002712,Lagos Port,Durban Port,2022-08-02,2024-01-13,Delayed,Textiles,139.49,106.26,14466.93,32381.59
SHP002358,CUST000400,Singapore Port,Los Angeles Port,2024-07-29,2023-10-12,In Transit,Electronics,76.39,101.11,163559.3,114582.62
SHP002359,CUST000578,Hamburg Port,Los Angeles Port,2023-11-25,2023-02-17,Delivered,Electronics,172.73,484.88,108653.43,49657.36
SHP002360,CUST002739,Shanghai Port,Hamburg Port,2022-06-10,2024-11-11,Delayed,Vehicles,146.24,404.71,103771.89,83042.15
SHP002361,CUST000115,Shanghai Port,Durban Port,2022-12-22,2024-09-13,Delivered,Textiles,168.95,326.5,172983.01,81044.8
SHP002362,CUST002847,Durban Port,Rotterdam Port,2024-04-16,2022-07-24,Delivered,Textiles,96.03,143.46,10472.39,66765.28
SHP002363,CUST001417,Rotterdam Port,Durban Port,2023-10-22,2023-11-08,In Transit,Oil,92.31,69.39,64582.48,44131.27
SHP002364,CUST002175,Durban Port,Rotterdam Port,2022-09-20,2023-09-07,In Transit,Food,148.14,118.32,120265.89,132545.38
SHP002365,CUST002982,Durban Port,Hamburg Port,2022-06-18,2022-04-15,In Transit,Vehicles,120.74,218.68,80990.01,107067.78
SHP002366,CUST001883,Hamburg Port,Rotterdam Port,2024-10-01,2024-10-18,Delayed,Oil,57.46,155.5,96779.56,113217.72
SHP002367,CUST000626,Durban Port,Lagos Port,2023-10-25,2024-12-05,Delayed,Oil,185.98,162.79,152030.89,107682.42
SHP002368,CUST002293,Singapore Port,Dubai Port,2024-06-23,2022-11-26,Delivered,Electronics,180.43,305.36,122057.01,73450.94
SHP002369,CUST001495,Singapore Port,Hamburg Port,2023-06-18,2024-10-12,Delayed,Vehicles,31.27,249.45,135886.83,124787.42
SHP002370,CUST002312,Los Angeles Port,Los Angeles Port,2024-07-08,2024-06-21,Delivered,Electronics,144.82,432.58,97641.06,85144.24
SHP002371,CUST002125,Singapore Port,Los Angeles Port,2022-10-01,2024-06-06,In Transit,Textiles,75.28,85.97,131520.77,95535.73
SHP002372,CUST002474,Lagos Port,Durban Port,2023-07-29,2023-04-29,In Transit,Food,103.03,327.56,100761.76,56035.67
SHP002373,CUST001913,Hamburg Port,Lagos Port,2022-11-03,2022-09-07,Delayed,Oil,163.02,109.82,118542.5,101354.86
SHP002374,CUST001610,Dubai Port,Lagos Port,2022-09-24,2023-02-04,Delayed,Electronics,182.33,410.51,127305.63,125690.48
SHP002375,CUST000562,Dubai Port,Rotterdam Port,2024-03-19,2024-11-11,Delayed,Electronics,51.8,144.2,182794.44,112841.37
SHP002376,CUST000730,Dubai Port,Lagos Port,2023-05-05,2022-04-17,In Transit,Textiles,80.76,215.97,91103.01,72868.92
SHP002377,CUST000763,Lagos Port,Hamburg Port,2022-10-28,2022-08-16,In Transit,Electronics,86.0,184.28,73496.25,22449.88
SHP002378,CUST001313,Rotterdam Port,Durban Port,2023-08-05,2023-04-21,Delivered,Textiles,33.22,414.35,51979.54,139125.6
SHP002379,CUST002566,Rotterdam Port,Dubai Port,2022-01-22,2023-10-11,Delayed,Vehicles,13.01,286.27,34157.62,62327.83
SHP002380,CUST000613,Hamburg Port,Dubai Port,2022-02-09,2024-02-10,Delivered,Food,176.39,327.02,104368.14,30349.1
SHP002381,CUST000146,Dubai Port,Lagos Port,2023-04-16,2023-05-05,Delayed,Vehicles,28.86,361.85,173656.8,63588.16
SHP002382,CUST002726,Hamburg Port,Singapore Port,2022-12-04,2024-11-15,Delivered,Vehicles,140.06,179.07,39338.43,24428.18
SHP002383,CUST002753,Los Angeles Port,Rotterdam Port,2024-06-16,2023-07-25,Delayed,Vehicles,100.69,476.76,169702.41,142056.41
SHP002384,CUST002016,Los Angeles Port,Los Angeles Port,2024-08-09,2023-07-24,In Transit,Food,32.49,269.47,131720.6,122884.03
SHP002385,CUST001375,Dubai Port,Hamburg Port,2023-06-10,2023-12-08,Delayed,Electronics,147.61,451.78,171742.38,6464.19
SHP002386,CUST002040,Shanghai Port,Dubai Port,2024-11-26,2023-03-17,Delayed,Oil,188.77,171.03,69095.13,88909.87
SHP002387,CUST001195,Hamburg Port,Los Angeles Port,2022-09-06,2023-09-28,Delivered,Oil,41.5,83.82,150931.62,21697.03
SHP002388,CUST002326,Singapore Port,Singapore Port,2023-12-01,2023-10-14,Delayed,Oil,67.99,463.07,30683.34,21607.7
SHP002389,CUST000567,Singapore Port,Hamburg Port,2023-03-10,2024-06-22,Delivered,Textiles,185.04,293.71,40904.61,122247.54
SHP002390,CUST001608,Lagos Port,Shanghai Port,2023-02-15,2024-09-13,In Transit,Textiles,177.42,463.22,167237.46,35547.36
SHP002391,CUST000731,Shanghai Port,Durban Port,2024-11-27,2022-12-13,In Transit,Vehicles,142.74,244.82,20517.59,71672.17
SHP002392,CUST002213,Hamburg Port,Dubai Port,2023-02-11,2023-10-06,Delivered,Vehicles,161.49,100.25,159638.86,71060.26
SHP002393,CUST002411,Los Angeles Port,Los Angeles Port,2022-11-24,2023-07-26,Delivered,Oil,192.93,397.52,68435.3,34200.21
SHP002394,CUST000835,Durban Port,Durban Port,2024-03-20,2022-12-12,Delivered,Food,180.31,303.79,180745.35,75315.35
SHP002395,CUST000459,Rotterdam Port,Singapore Port,2024-06-01,2023-09-29,In Transit,Food,15.67,210.55,198256.1,103608.76
SHP002396,CUST000665,Shanghai Port,Hamburg Port,2023-06-07,2024-01-25,In Transit,Food,6.76,43.32,57553.81,68096.61
SHP002397,CUST000721,Singapore Port,Los Angeles Port,2023-08-24,2023-01-28,In Transit,Food,151.54,193.91,151896.12,41677.33
SHP002398,CUST000952,Shanghai Port,Singapore Port,2022-01-09,2023-07-23,Delayed,Electronics,113.93,382.8,61456.64,53761.3
SHP002399,CUST001347,Los Angeles Port,Durban Port,2023-03-28,2023-02-04,Delayed,Textiles,28.62,495.96,123914.01,147801.72
SHP002400,CUST002593,Dubai Port,Durban Port,2022-01-03,2022-10-30,Delivered,Vehicles,71.52,12.44,122730.28,6371.35
SHP002401,CUST001646,Lagos Port,Durban Port,2024-04-27,2023-12-06,Delayed,Oil,144.84,445.29,115195.51,112653.03
SHP002402,CUST000821,Los Angeles Port,Durban Port,2024-08-20,2024-04-25,In Transit,Electronics,27.51,74.11,92019.39,95353.12
SHP002403,CUST000756,Durban Port,Singapore Port,2023-05-11,2023-01-31,Delivered,Food,181.55,295.41,191298.27,56732.79
SHP002404,CUST002221,Shanghai Port,Los Angeles Port,2023-09-26,2023-03-29,In Transit,Electronics,72.61,308.43,24774.35,48904.54
SHP002405,CUST000766,Shanghai Port,Los Angeles Port,2022-01-10,2023-12-09,In Transit,Textiles,83.29,306.21,124693.92,38577.35
SHP002406,CUST001405,Los Angeles Port,Durban Port,2022-11-30,2022-07-18,Delayed,Food,197.48,485.23,188976.57,63753.18
SHP002407,CUST002720,Rotterdam Port,Lagos Port,2023-04-22,2024-11-15,Delayed,Electronics,92.68,189.83,191185.75,21594.35
SHP002408,CUST001026,Shanghai Port,Los Angeles Port,2022-07-13,2023-07-27,Delivered,Food,63.63,212.11,135927.23,79146.89
SHP002409,CUST000287,Durban Port,Rotterdam Port,2022-09-07,2024-01-13,Delayed,Oil,187.55,360.34,68555.88,71524.73
SHP002410,CUST002086,Dubai Port,Hamburg Port,2022-10-23,2024-04-16,Delivered,Food,91.39,445.37,87942.34,41957.4
SHP002411,CUST000217,Hamburg Port,Hamburg Port,2024-04-11,2023-06-03,Delivered,Vehicles,79.5,49.43,21049.92,109284.33
SHP002412,CUST001843,Lagos Port,Los Angeles Port,2022-10-23,2024-08-27,Delayed,Textiles,10.04,166.0,12379.42,108291.27
SHP002413,CUST001799,Rotterdam Port,Rotterdam Port,2023-12-22,2024-03-09,Delivered,Oil,59.5,345.09,190906.55,140241.36
SHP002414,CUST001835,Shanghai Port,Dubai Port,2024-06-16,2024-01-03,Delayed,Vehicles,183.59,250.36,95329.0,94912.74
SHP002415,CUST000378,Durban Port,Hamburg Port,2023-04-07,2022-09-08,Delivered,Food,26.07,57.97,72116.21,24069.33
SHP002416,CUST002813,Singapore Port,Shanghai Port,2023-03-13,2024-12-25,Delayed,Food,12.03,22.49,111207.85,26900.55
SHP002417,CUST002821,Rotterdam Port,Rotterdam Port,2024-12-15,2023-05-02,Delayed,Electronics,162.43,72.81,124374.93,137308.74
SHP002418,CUST002030,Durban Port,Dubai Port,2024-06-07,2022-11-06,Delivered,Oil,190.05,74.53,130005.55,88466.43
SHP002419,CUST001905,Durban Port,Durban Port,2023-07-17,2024-03-16,Delayed,Vehicles,178.94,339.68,68775.87,35483.52
SHP002420,CUST000123,Durban Port,Singapore Port,2023-07-17,2023-11-14,Delayed,Oil,23.66,366.96,5666.98,17300.51
SHP002421,CUST001644,Los Angeles Port,Rotterdam Port,2023-08-18,2022-08-07,Delivered,Food,191.75,93.54,141381.44,146633.99
SHP002422,CUST001300,Hamburg Port,Dubai Port,2024-07-07,2022-02-04,In Transit,Oil,38.99,481.77,161187.72,54463.18
SHP002423,CUST000828,Dubai Port,Durban Port,2022-09-06,2023-02-16,Delayed,Electronics,163.58,142.03,146080.01,22940.73
SHP002424,CUST001369,Los Angeles Port,Durban Port,2023-12-29,2022-06-28,Delayed,Textiles,91.72,345.55,118181.32,27638.16
SHP002425,CUST002968,Lagos Port,Lagos Port,2024-02-11,2022-06-18,Delivered,Oil,174.88,321.51,77588.86,15150.77
SHP002426,CUST000032,Singapore Port,Shanghai Port,2022-08-21,2024-09-18,Delayed,Electronics,22.1,34.32,160961.56,28230.33
SHP002427,CUST000747,Singapore Port,Lagos Port,2022-03-20,2023-10-26,In Transit,Food,45.75,454.35,197332.08,144609.97
SHP002428,CUST001250,Hamburg Port,Durban Port,2022-05-25,2024-02-17,Delivered,Textiles,196.82,254.64,181274.97,41401.91
SHP002429,CUST001531,Los Angeles Port,Durban Port,2024-06-03,2022-12-06,In Transit,Vehicles,77.21,247.82,48924.34,47468.85
SHP002430,CUST000482,Hamburg Port,Rotterdam Port,2024-09-15,2024-11-23,Delivered,Textiles,70.67,163.16,103588.72,93154.66
SHP002431,CUST001603,Durban Port,Los Angeles Port,2024-07-27,2024-09-07,Delivered,Food,101.29,38.86,131874.25,57460.35
SHP002432,CUST001021,Singapore Port,Dubai Port,2022-12-05,2023-11-04,In Transit,Food,44.21,10.85,114613.27,128050.01
SHP002433,CUST002365,Shanghai Port,Los Angeles Port,2022-12-19,2022-09-03,Delivered,Vehicles,107.27,336.05,56363.94,92285.62
SHP002434,CUST002483,Durban Port,Lagos Port,2023-04-24,2022-11-29,In Transit,Textiles,182.35,99.19,129128.71,68008.2
SHP002435,CUST000155,Los Angeles Port,Dubai Port,2024-04-05,2022-08-19,Delayed,Oil,109.94,207.73,130482.07,134290.03
SHP002436,CUST001852,Dubai Port,Shanghai Port,2024-03-11,2024-12-26,Delivered,Oil,60.07,496.82,13275.87,78370.54
SHP002437,CUST002585,Singapore Port,Durban Port,2022-02-11,2022-07-14,Delivered,Vehicles,62.78,368.29,78828.91,143887.61
SHP002438,CUST000781,Durban Port,Durban Port,2023-08-06,2022-02-02,Delivered,Oil,34.7,324.2,146942.03,73565.12
SHP002439,CUST001268,Singapore Port,Dubai Port,2022-03-12,2024-12-09,Delayed,Food,39.7,369.38,46495.71,91301.35
SHP002440,CUST000026,Los Angeles Port,Singapore Port,2023-11-15,2024-01-07,Delivered,Food,89.23,383.1,122979.22,14137.89
SHP002441,CUST000799,Shanghai Port,Hamburg Port,2024-01-03,2024-10-13,Delivered,Oil,194.07,106.06,96163.8,147602.59
SHP002442,CUST001442,Durban Port,Dubai Port,2022-08-06,2022-08-03,Delayed,Food,48.12,58.27,122191.72,60276.65
SHP002443,CUST002092,Shanghai Port,Dubai Port,2024-02-03,2022-10-19,Delayed,Food,37.61,74.15,177879.17,38419.52
SHP002444,CUST001191,Dubai Port,Dubai Port,2022-12-31,2022-03-12,Delivered,Oil,177.2,167.02,188169.23,50062.27
SHP002445,CUST000470,Rotterdam Port,Shanghai Port,2022-04-30,2022-01-18,Delayed,Food,66.89,297.99,39116.18,144453.37
SHP002446,CUST002746,Hamburg Port,Rotterdam Port,2022-02-10,2023-12-05,Delivered,Oil,95.42,269.29,23205.49,45016.63
SHP002447,CUST001124,Shanghai Port,Dubai Port,2023-07-06,2024-04-07,Delivered,Oil,187.76,441.31,168456.95,83323.29
SHP002448,CUST002245,Durban Port,Durban Port,2024-09-27,2024-05-07,In Transit,Vehicles,171.83,104.03,11855.6,123247.86
SHP002449,CUST000929,Shanghai Port,Rotterdam Port,2023-03-06,2024-10-19,Delayed,Vehicles,165.01,435.74,19334.1,108089.61
SHP002450,CUST001801,Singapore Port,Shanghai Port,2024-07-27,2023-08-20,In Transit,Oil,30.63,54.99,17089.41,101659.29
SHP002451,CUST001354,Singapore Port,Lagos Port,2022-02-20,2022-08-05,In Transit,Electronics,148.5,413.49,78685.49,113629.34
SHP002452,CUST001598,Dubai Port,Shanghai Port,2024-10-04,2022-08-19,In Transit,Vehicles,93.92,277.55,160617.29,4219.25
SHP002453,CUST001013,Shanghai Port,Rotterdam Port,2024-07-02,2024-02-21,In Transit,Electronics,73.11,38.9,102076.59,79173.59
SHP002454,CUST001776,Hamburg Port,Shanghai Port,2024-09-19,2023-02-24,In Transit,Textiles,84.6,64.32,199216.54,121947.71
SHP002455,CUST001338,Singapore Port,Singapore Port,2022-12-16,2024-01-19,Delivered,Oil,106.07,139.34,199060.79,117448.52
SHP002456,CUST000373,Dubai Port,Los Angeles Port,2023-10-25,2023-12-28,In Transit,Vehicles,68.55,356.06,87615.19,15774.56
SHP002457,CUST001160,Rotterdam Port,Los Angeles Port,2024-03-25,2024-04-13,Delivered,Oil,28.19,369.35,197084.84,111800.32
SHP002458,CUST001035,Lagos Port,Shanghai Port,2023-08-11,2023-06-02,Delayed,Textiles,172.58,480.71,34350.19,139368.11
SHP002459,CUST002273,Rotterdam Port,Durban Port,2023-12-10,2023-01-27,Delayed,Oil,113.0,331.28,64038.14,119265.64
SHP002460,CUST000400,Shanghai Port,Singapore Port,2023-11-05,2022-07-25,Delayed,Food,162.65,185.48,188251.95,6913.36
SHP002461,CUST000437,Singapore Port,Shanghai Port,2024-01-18,2024-10-28,In Transit,Electronics,169.74,259.45,54019.74,146911.07
SHP002462,CUST002767,Shanghai Port,Los Angeles Port,2024-11-02,2023-07-13,In Transit,Food,34.61,264.41,118097.94,87596.76
SHP002463,CUST002851,Rotterdam Port,Durban Port,2023-02-08,2024-01-02,Delivered,Oil,37.31,464.57,89954.1,145063.85
SHP002464,CUST001603,Lagos Port,Rotterdam Port,2023-11-08,2023-05-19,In Transit,Vehicles,149.91,346.29,90199.99,44588.31
SHP002465,CUST002648,Rotterdam Port,Shanghai Port,2024-01-14,2024-03-07,Delivered,Oil,142.84,339.83,22089.38,30942.06
SHP002466,CUST000678,Rotterdam Port,Hamburg Port,2022-03-10,2022-05-16,In Transit,Electronics,108.32,492.39,165681.02,38212.39
SHP002467,CUST002477,Los Angeles Port,Shanghai Port,2022-02-19,2022-06-06,Delivered,Food,22.15,114.06,74925.14,110227.41
SHP002468,CUST002783,Dubai Port,Lagos Port,2023-09-23,2022-11-10,Delayed,Textiles,50.15,171.87,182628.24,149807.69
SHP002469,CUST002074,Dubai Port,Los Angeles Port,2024-03-02,2024-12-03,In Transit,Electronics,41.91,364.32,162636.52,33877.38
SHP002470,CUST001363,Lagos Port,Hamburg Port,2022-08-31,2024-11-25,Delayed,Textiles,87.35,20.19,21055.94,44239.67
SHP002471,CUST002031,Singapore Port,Durban Port,2024-07-28,2023-10-23,Delayed,Textiles,17.32,184.64,187147.89,72501.09
SHP002472,CUST000628,Los Angeles Port,Dubai Port,2022-02-13,2022-02-14,In Transit,Food,81.34,223.32,56142.47,18431.32
SHP002473,CUST002629,Durban Port,Singapore Port,2022-05-22,2022-10-25,Delayed,Oil,71.18,90.28,141947.22,42467.91
SHP002474,CUST002945,Los Angeles Port,Dubai Port,2023-12-04,2024-07-28,Delivered,Textiles,160.39,88.18,168195.11,118391.45
SHP002475,CUST002828,Los Angeles Port,Lagos Port,2024-03-05,2024-07-24,Delayed,Food,174.99,222.06,170345.29,113035.81
SHP002476,CUST000450,Dubai Port,Rotterdam Port,2022-11-21,2023-02-09,In Transit,Food,166.59,405.22,101914.93,59600.92
SHP002477,CUST002868,Lagos Port,Rotterdam Port,2022-02-23,2022-07-17,Delayed,Oil,123.05,146.94,45019.98,10900.0
SHP002478,CUST000538,Lagos Port,Lagos Port,2022-01-13,2023-07-22,Delayed,Oil,61.12,457.37,5881.43,27725.68
SHP002479,CUST002064,Lagos Port,Hamburg Port,2024-12-25,2024-01-19,Delayed,Food,84.88,457.4,161614.01,12227.78
SHP002480,CUST001228,Lagos Port,Durban Port,2023-07-11,2024-09-03,Delivered,Vehicles,94.63,454.46,193245.77,91117.08
SHP002481,CUST000487,Rotterdam Port,Lagos Port,2024-02-23,2024-06-14,In Transit,Textiles,180.09,441.22,8971.38,44445.99
SHP002482,CUST000364,Shanghai Port,Hamburg Port,2022-11-24,2023-09-17,In Transit,Vehicles,30.25,217.38,68204.53,92116.44
SHP002483,CUST000084,Lagos Port,Singapore Port,2022-06-16,2022-10-05,Delivered,Electronics,170.79,338.9,74109.01,16381.63
SHP002484,CUST001081,Durban Port,Rotterdam Port,2022-12-27,2024-01-18,Delayed,Electronics,55.75,323.37,63226.11,27791.94
SHP002485,CUST001274,Rotterdam Port,Dubai Port,2023-11-21,2022-05-08,In Transit,Vehicles,56.98,43.89,177156.54,40256.51
SHP002486,CUST002661,Singapore Port,Hamburg Port,2023-01-22,2024-03-23,In Transit,Textiles,187.03,241.95,134730.93,136248.95
SHP002487,CUST000868,Durban Port,Los Angeles Port,2022-05-12,2024-08-26,In Transit,Textiles,55.91,215.06,122277.83,23188.38
SHP002488,CUST001575,Singapore Port,Shanghai Port,2022-08-08,2022-05-02,In Transit,Food,13.99,285.4,18765.78,46578.28
SHP002489,CUST002419,Durban Port,Rotterdam Port,2022-09-04,2023-12-15,Delayed,Vehicles,197.84,124.82,168339.12,111894.29
SHP002490,CUST002633,Lagos Port,Dubai Port,2024-12-22,2024-08-16,Delayed,Electronics,31.36,80.98,13295.65,134223.85
SHP002491,CUST000662,Singapore Port,Singapore Port,2024-11-06,2022-10-04,Delayed,Oil,41.96,66.23,74500.84,111811.14
SHP002492,CUST001187,Rotterdam Port,Shanghai Port,2022-06-11,2023-07-26,In Transit,Food,5.61,335.35,33047.59,103101.76
SHP002493,CUST001591,Shanghai Port,Durban Port,2024-12-14,2023-01-20,Delivered,Textiles,90.89,340.87,164565.16,116796.81
SHP002494,CUST000175,Singapore Port,Rotterdam Port,2024-02-01,2023-03-21,Delivered,Food,106.7,143.55,44907.63,118610.63
SHP002495,CUST002545,Rotterdam Port,Dubai Port,2023-12-21,2024-07-03,Delivered,Food,47.93,241.16,137198.76,39999.92
SHP002496,CUST000322,Durban Port,Rotterdam Port,2023-07-20,2022-02-18,Delayed,Vehicles,63.74,428.25,159910.47,81278.74
SHP002497,CUST002413,Dubai Port,Shanghai Port,2022-12-15,2024-05-15,Delivered,Textiles,96.54,405.41,193888.9,130446.22
SHP002498,CUST002155,Rotterdam Port,Dubai Port,2024-06-04,2024-06-12,In Transit,Electronics,194.0,111.75,163363.15,13053.05
SHP002499,CUST001068,Rotterdam Port,Dubai Port,2022-10-21,2023-06-10,Delayed,Food,190.99,304.33,155667.0,25014.87
SHP002500,CUST002069,Rotterdam Port,Lagos Port,2023-02-10,2023-08-25,In Transit,Textiles,36.64,224.67,129061.68,36500.74
SHP002501,CUST001401,Shanghai Port,Rotterdam Port,2022-10-22,2024-05-28,In Transit,Oil,166.12,70.98,161056.2,17521.03
SHP002502,CUST001352,Los Angeles Port,Los Angeles Port,2024-04-14,2023-10-04,Delivered,Electronics,148.55,494.52,141700.71,117079.63
SHP002503,CUST000474,Durban Port,Durban Port,2024-02-27,2023-05-19,In Transit,Oil,96.83,157.32,41085.17,138758.28
SHP002504,CUST001301,Singapore Port,Los Angeles Port,2024-01-13,2022-04-05,In Transit,Food,45.36,35.45,84134.56,103605.4
SHP002505,CUST001937,Singapore Port,Shanghai Port,2023-10-10,2023-08-20,In Transit,Vehicles,124.8,375.35,69769.81,53782.58
SHP002506,CUST000987,Shanghai Port,Hamburg Port,2024-01-02,2023-09-20,Delivered,Food,21.68,222.85,85126.29,46162.68
SHP002507,CUST002205,Los Angeles Port,Dubai Port,2024-04-11,2023-11-27,In Transit,Electronics,104.06,289.08,85893.1,71434.05
SHP002508,CUST000438,Shanghai Port,Los Angeles Port,2023-04-27,2023-03-12,Delivered,Electronics,92.12,88.26,194590.06,89103.46
SHP002509,CUST000014,Shanghai Port,Durban Port,2022-11-07,2023-01-30,Delivered,Textiles,62.25,164.09,82680.34,119390.72
SHP002510,CUST001655,Lagos Port,Singapore Port,2024-04-04,2022-11-14,Delayed,Food,168.56,238.12,67400.53,128655.2
SHP002511,CUST002477,Dubai Port,Dubai Port,2023-07-11,2023-12-06,In Transit,Electronics,71.8,129.9,158200.36,21448.1
SHP002512,CUST000951,Rotterdam Port,Hamburg Port,2024-10-27,2024-07-01,In Transit,Food,123.7,482.61,25945.45,136689.11
SHP002513,CUST002453,Dubai Port,Los Angeles Port,2024-11-24,2023-03-08,Delivered,Textiles,165.75,22.08,13773.02,108839.59
SHP002514,CUST000428,Durban Port,Durban Port,2024-10-26,2023-10-30,Delayed,Textiles,74.32,366.07,189545.03,32725.61
SHP002515,CUST000412,Dubai Port,Singapore Port,2023-03-09,2023-10-21,Delayed,Oil,69.62,35.92,103939.79,44309.75
SHP002516,CUST002055,Shanghai Port,Rotterdam Port,2023-03-28,2023-07-24,Delivered,Vehicles,106.77,88.9,92783.66,30248.01
SHP002517,CUST001210,Hamburg Port,Los Angeles Port,2022-05-29,2023-04-21,Delayed,Vehicles,137.95,142.07,42073.12,113908.68
SHP002518,CUST000305,Lagos Port,Durban Port,2024-02-21,2023-12-10,In Transit,Food,83.83,114.94,157110.95,128469.85
SHP002519,CUST002273,Durban Port,Singapore Port,2024-03-16,2024-06-05,Delayed,Oil,122.83,102.25,74178.02,105676.21
SHP002520,CUST001924,Durban Port,Lagos Port,2022-11-30,2022-03-27,Delivered,Textiles,27.29,405.74,187897.12,64012.37
SHP002521,CUST001148,Los Angeles Port,Lagos Port,2023-12-05,2023-03-16,Delayed,Textiles,195.58,99.84,28913.68,109540.2
SHP002522,CUST002864,Singapore Port,Los Angeles Port,2024-10-15,2023-03-27,Delivered,Electronics,164.14,273.94,144981.26,25563.58
SHP002523,CUST001056,Singapore Port,Durban Port,2024-05-03,2022-07-02,Delivered,Food,122.58,85.82,52319.08,27608.02
SHP002524,CUST001782,Dubai Port,Dubai Port,2024-04-23,2024-09-17,Delayed,Oil,154.27,216.69,105866.22,99924.29
SHP002525,CUST000762,Durban Port,Hamburg Port,2023-03-31,2024-11-17,Delayed,Vehicles,111.46,11.2,148276.25,146447.1
SHP002526,CUST001665,Dubai Port,Hamburg Port,2023-08-01,2022-10-27,Delayed,Vehicles,68.02,134.95,5560.87,8216.06
SHP002527,CUST002778,Lagos Port,Hamburg Port,2023-10-30,2024-11-11,Delayed,Textiles,76.92,463.04,108967.05,45379.46
SHP002528,CUST002854,Shanghai Port,Dubai Port,2023-04-12,2022-02-14,In Transit,Food,110.07,30.69,9658.38,77907.02
SHP002529,CUST000048,Dubai Port,Lagos Port,2023-04-22,2022-04-11,In Transit,Food,165.12,56.68,73961.02,18492.42
SHP002530,CUST000330,Rotterdam Port,Singapore Port,2022-07-30,2024-03-07,In Transit,Textiles,105.16,407.59,44058.71,22773.66
SHP002531,CUST002936,Hamburg Port,Shanghai Port,2022-10-19,2024-07-08,Delayed,Vehicles,141.67,201.5,96295.33,93751.72
SHP002532,CUST001348,Los Angeles Port,Shanghai Port,2023-06-03,2023-11-03,Delivered,Electronics,5.26,335.59,9489.58,13181.26
SHP002533,CUST002707,Lagos Port,Los Angeles Port,2023-09-23,2022-10-04,Delayed,Oil,70.01,269.13,123284.22,24884.2
SHP002534,CUST000259,Hamburg Port,Lagos Port,2023-03-21,2024-05-20,Delayed,Vehicles,191.29,49.74,152409.45,116976.02
SHP002535,CUST000310,Rotterdam Port,Lagos Port,2023-08-13,2023-12-11,In Transit,Oil,113.1,252.66,59470.62,66232.45
SHP002536,CUST002839,Los Angeles Port,Dubai Port,2023-11-28,2023-03-27,Delayed,Oil,133.13,237.93,96330.05,8050.13
SHP002537,CUST002136,Shanghai Port,Hamburg Port,2023-09-19,2022-12-07,In Transit,Oil,169.89,33.14,157196.49,139701.84
SHP002538,CUST000851,Dubai Port,Singapore Port,2023-12-08,2022-01-31,Delayed,Oil,137.56,489.82,57425.9,38174.65
SHP002539,CUST000331,Hamburg Port,Los Angeles Port,2024-08-21,2023-02-12,In Transit,Food,132.44,296.23,195775.14,148643.59
SHP002540,CUST001320,Dubai Port,Hamburg Port,2024-11-23,2023-01-17,In Transit,Food,173.69,414.78,49401.15,35160.1
SHP002541,CUST000418,Singapore Port,Durban Port,2022-10-28,2023-01-29,In Transit,Vehicles,140.85,398.26,96030.86,118778.41
SHP002542,CUST000865,Lagos Port,Dubai Port,2024-07-27,2024-04-27,Delayed,Food,137.89,74.29,172599.95,67991.0
SHP002543,CUST002182,Los Angeles Port,Shanghai Port,2024-03-24,2023-08-02,Delayed,Textiles,56.13,454.71,171967.23,66693.0
SHP002544,CUST000704,Shanghai Port,Los Angeles Port,2023-11-14,2023-09-14,Delivered,Oil,77.18,154.65,91260.76,26745.87
SHP002545,CUST001140,Shanghai Port,Durban Port,2023-06-12,2024-02-09,Delivered,Oil,39.38,96.34,198097.7,76483.71
SHP002546,CUST000515,Lagos Port,Lagos Port,2022-08-18,2022-07-04,Delayed,Food,91.63,487.09,6716.43,88102.15
SHP002547,CUST003000,Durban Port,Durban Port,2022-11-29,2023-11-28,In Transit,Electronics,131.9,247.79,11215.59,44016.52
SHP002548,CUST001881,Durban Port,Hamburg Port,2023-10-30,2024-03-07,In Transit,Vehicles,154.51,40.2,9615.98,55334.52
SHP002549,CUST002195,Los Angeles Port,Durban Port,2022-04-16,2024-10-10,Delivered,Oil,108.53,496.85,49100.71,120463.86
SHP002550,CUST002934,Lagos Port,Durban Port,2023-09-20,2022-06-27,Delayed,Textiles,31.59,212.22,178231.94,146304.39
SHP002551,CUST001563,Hamburg Port,Hamburg Port,2024-08-14,2022-06-21,In Transit,Textiles,35.91,92.84,101719.97,114708.39
SHP002552,CUST001658,Los Angeles Port,Shanghai Port,2022-02-12,2024-03-04,Delayed,Vehicles,128.27,56.05,91451.05,147030.42
SHP002553,CUST001003,Lagos Port,Hamburg Port,2022-05-23,2024-07-05,Delivered,Food,64.05,185.27,142825.65,89970.54
SHP002554,CUST000880,Shanghai Port,Dubai Port,2024-04-12,2023-08-13,In Transit,Oil,149.83,349.3,153245.84,88750.42
SHP002555,CUST000755,Hamburg Port,Shanghai Port,2022-05-04,2024-05-27,Delivered,Vehicles,36.98,77.09,82521.39,26026.06
SHP002556,CUST001428,Hamburg Port,Durban Port,2024-12-16,2022-08-16,Delayed,Food,110.25,97.71,143682.52,147626.89
SHP002557,CUST002112,Hamburg Port,Singapore Port,2023-06-07,2023-04-03,Delayed,Textiles,123.9,151.33,198172.71,79625.9
SHP002558,CUST001368,Durban Port,Durban Port,2023-12-17,2022-06-18,In Transit,Textiles,63.22,429.78,26188.93,23875.76
SHP002559,CUST002629,Shanghai Port,Hamburg Port,2023-07-10,2024-01-21,In Transit,Oil,145.1,151.26,93107.59,27174.58
SHP002560,CUST002207,Rotterdam Port,Hamburg Port,2024-08-14,2024-11-01,In Transit,Electronics,116.34,214.94,55364.84,26403.37
SHP002561,CUST000292,Dubai Port,Singapore Port,2024-07-29,2022-01-06,Delayed,Vehicles,131.26,191.6,46282.91,80877.11
SHP002562,CUST000133,Singapore Port,Dubai Port,2022-10-30,2024-08-16,Delayed,Electronics,27.8,12.98,94538.75,83995.64
SHP002563,CUST001349,Shanghai Port,Singapore Port,2023-05-23,2023-04-17,Delivered,Vehicles,95.97,461.18,145283.27,90729.84
SHP002564,CUST001483,Hamburg Port,Los Angeles Port,2023-11-08,2023-08-14,In Transit,Textiles,11.89,251.56,108266.09,67066.4
SHP002565,CUST001465,Rotterdam Port,Los Angeles Port,2023-04-30,2022-04-30,Delivered,Textiles,178.12,312.12,64598.19,115934.1
SHP002566,CUST000802,Los Angeles Port,Durban Port,2023-05-03,2022-06-20,Delivered,Electronics,150.36,48.74,93455.6,45630.33
SHP002567,CUST002842,Singapore Port,Los Angeles Port,2023-05-06,2022-08-10,In Transit,Electronics,142.56,116.11,70426.83,20125.17
SHP002568,CUST000230,Lagos Port,Rotterdam Port,2023-02-03,2024-06-26,Delayed,Electronics,57.29,371.35,138389.87,63054.04
SHP002569,CUST000872,Shanghai Port,Lagos Port,2022-01-13,2023-06-28,Delayed,Oil,60.52,459.9,186836.23,84281.36
SHP002570,CUST002846,Hamburg Port,Dubai Port,2022-10-29,2023-03-26,Delayed,Textiles,148.44,14.72,123535.42,64945.46
SHP002571,CUST000980,Dubai Port,Shanghai Port,2023-02-04,2024-10-07,In Transit,Oil,15.65,249.24,94316.72,131817.73
SHP002572,CUST000124,Los Angeles Port,Hamburg Port,2022-03-07,2024-05-14,Delivered,Vehicles,188.5,344.59,169578.87,111709.8
SHP002573,CUST002887,Los Angeles Port,Durban Port,2022-12-22,2024-11-17,In Transit,Food,51.3,155.39,40237.88,88405.84
SHP002574,CUST001148,Lagos Port,Durban Port,2022-04-11,2023-11-12,In Transit,Textiles,52.09,265.75,84712.81,117306.29
SHP002575,CUST000843,Shanghai Port,Shanghai Port,2023-08-10,2023-08-03,Delayed,Textiles,101.86,216.92,39205.38,76152.36
SHP002576,CUST001292,Shanghai Port,Dubai Port,2023-04-24,2024-03-03,Delayed,Food,102.0,191.02,33172.56,22262.89
SHP002577,CUST001563,Shanghai Port,Durban Port,2024-05-24,2022-07-22,In Transit,Vehicles,89.02,40.31,109403.57,139011.88
SHP002578,CUST000914,Singapore Port,Dubai Port,2024-06-11,2024-07-18,Delivered,Electronics,134.21,118.03,173523.26,67293.34
SHP002579,CUST001976,Dubai Port,Dubai Port,2023-07-27,2023-12-25,Delayed,Electronics,49.02,60.35,5504.18,141654.61
SHP002580,CUST002447,Los Angeles Port,Los Angeles Port,2023-03-02,2024-04-17,Delayed,Textiles,169.31,260.24,179257.86,91744.57
SHP002581,CUST001437,Lagos Port,Rotterdam Port,2024-05-26,2022-02-11,In Transit,Oil,13.41,153.14,117505.85,111833.02
SHP002582,CUST002776,Hamburg Port,Durban Port,2022-01-13,2022-03-02,Delayed,Textiles,28.75,54.01,68030.93,106503.51
SHP002583,CUST001832,Singapore Port,Shanghai Port,2022-07-30,2022-03-26,In Transit,Oil,47.73,13.56,179355.44,35536.46
SHP002584,CUST001818,Los Angeles Port,Hamburg Port,2022-08-20,2023-11-22,Delayed,Vehicles,19.02,294.64,188100.91,46045.43
SHP002585,CUST002231,Shanghai Port,Singapore Port,2022-08-24,2022-09-03,Delayed,Vehicles,131.45,41.65,45312.81,72672.19
SHP002586,CUST001791,Shanghai Port,Singapore Port,2024-07-04,2024-04-24,Delayed,Electronics,43.25,124.89,167452.17,141365.03
SHP002587,CUST001278,Los Angeles Port,Los Angeles Port,2023-11-26,2024-01-26,Delayed,Oil,144.91,230.47,133847.56,118609.49
SHP002588,CUST000807,Dubai Port,Los Angeles Port,2024-05-17,2024-08-07,Delayed,Electronics,18.03,426.55,138559.52,117241.96
SHP002589,CUST002336,Hamburg Port,Durban Port,2024-10-12,2024-12-01,In Transit,Textiles,166.9,27.42,65446.44,106501.04
SHP002590,CUST002789,Hamburg Port,Hamburg Port,2022-07-09,2024-02-19,In Transit,Vehicles,35.43,499.4,40049.6,108776.31
SHP002591,CUST002439,Hamburg Port,Rotterdam Port,2024-10-13,2023-10-07,Delayed,Vehicles,108.17,451.57,136881.74,83778.25
SHP002592,CUST002263,Durban Port,Singapore Port,2024-09-09,2024-06-06,In Transit,Food,146.8,123.88,69627.7,93985.28
SHP002593,CUST000890,Singapore Port,Dubai Port,2022-04-23,2023-07-22,In Transit,Vehicles,51.79,97.28,118324.44,39192.98
SHP002594,CUST002398,Rotterdam Port,Hamburg Port,2022-03-08,2022-11-18,Delivered,Food,145.42,358.92,41688.2,149341.77
SHP002595,CUST002804,Durban Port,Los Angeles Port,2024-10-23,2023-02-20,Delayed,Oil,42.75,202.14,36036.85,110903.37
SHP002596,CUST002036,Shanghai Port,Lagos Port,2024-07-04,2024-06-10,In Transit,Textiles,135.0,255.95,153939.31,35848.15
SHP002597,CUST000960,Shanghai Port,Los Angeles Port,2024-10-30,2024-11-25,In Transit,Vehicles,30.31,443.82,81287.71,49378.02
SHP002598,CUST001977,Lagos Port,Dubai Port,2023-08-30,2023-07-21,Delivered,Food,143.29,460.76,14748.02,65551.3
SHP002599,CUST001335,Shanghai Port,Durban Port,2022-01-21,2022-11-18,Delivered,Food,127.18,172.96,63368.21,122885.93
SHP002600,CUST000984,Singapore Port,Shanghai Port,2022-09-25,2023-08-24,Delivered,Electronics,142.57,440.79,14653.34,21738.95
SHP002601,CUST000046,Durban Port,Lagos Port,2023-05-13,2022-12-04,Delivered,Oil,106.26,173.67,73950.42,89527.26
SHP002602,CUST002153,Lagos Port,Durban Port,2024-06-30,2023-04-10,In Transit,Electronics,122.88,17.63,95758.09,39660.88
SHP002603,CUST001895,Los Angeles Port,Durban Port,2024-08-17,2022-09-09,Delayed,Food,122.66,249.08,140520.52,10971.64
SHP002604,CUST002974,Dubai Port,Singapore Port,2024-07-19,2022-09-10,Delivered,Electronics,195.51,182.72,185497.36,116505.65
SHP002605,CUST001156,Los Angeles Port,Los Angeles Port,2024-01-11,2023-06-26,Delayed,Textiles,53.23,318.75,176678.28,127158.6
SHP002606,CUST002788,Hamburg Port,Singapore Port,2023-12-20,2024-10-29,Delayed,Oil,74.01,233.1,132932.13,94127.72
SHP002607,CUST002145,Rotterdam Port,Hamburg Port,2024-05-02,2023-10-24,Delayed,Electronics,14.96,153.44,68074.31,105383.08
SHP002608,CUST001465,Shanghai Port,Singapore Port,2023-02-13,2023-07-16,Delayed,Vehicles,186.79,236.52,141359.3,132545.38
SHP002609,CUST000425,Dubai Port,Durban Port,2024-02-27,2024-05-10,Delayed,Food,23.9,139.14,70246.92,115598.21
SHP002610,CUST000149,Singapore Port,Los Angeles Port,2022-02-25,2022-01-24,Delivered,Electronics,106.5,240.22,51568.03,12549.05
SHP002611,CUST002139,Dubai Port,Singapore Port,2024-07-21,2022-07-25,Delivered,Textiles,42.18,495.71,167013.37,15352.48
SHP002612,CUST000473,Shanghai Port,Dubai Port,2024-12-24,2023-10-25,Delayed,Textiles,106.19,165.22,120043.28,23153.39
SHP002613,CUST000048,Dubai Port,Los Angeles Port,2023-06-04,2022-11-21,In Transit,Food,131.57,449.58,180164.52,129367.94
SHP002614,CUST002268,Rotterdam Port,Rotterdam Port,2022-07-23,2023-08-17,In Transit,Oil,57.22,188.31,12178.86,82451.97
SHP002615,CUST001424,Dubai Port,Hamburg Port,2022-09-03,2022-02-26,Delayed,Oil,7.77,485.01,87459.2,27119.42
SHP002616,CUST000423,Hamburg Port,Hamburg Port,2023-04-15,2024-03-24,Delayed,Food,195.06,76.89,15940.82,90055.98
SHP002617,CUST000796,Los Angeles Port,Singapore Port,2024-05-25,2022-03-01,Delayed,Oil,145.06,389.06,137756.29,16640.79
SHP002618,CUST001240,Lagos Port,Rotterdam Port,2023-11-16,2023-12-23,In Transit,Electronics,129.68,99.81,61604.72,33320.89
SHP002619,CUST002499,Durban Port,Los Angeles Port,2023-05-04,2024-08-06,Delayed,Electronics,195.85,303.2,190055.68,141804.27
SHP002620,CUST000684,Durban Port,Hamburg Port,2023-10-14,2022-05-27,Delayed,Oil,61.55,141.05,146749.3,31874.82
SHP002621,CUST000781,Lagos Port,Singapore Port,2022-08-30,2022-12-22,Delayed,Oil,112.31,399.39,183807.78,113620.67
SHP002622,CUST000206,Singapore Port,Rotterdam Port,2023-05-13,2023-06-18,In Transit,Food,102.48,237.72,60542.64,8404.45
SHP002623,CUST000708,Lagos Port,Los Angeles Port,2024-12-26,2023-09-21,Delivered,Vehicles,112.75,361.9,87105.1,125431.16
SHP002624,CUST001526,Lagos Port,Durban Port,2023-06-11,2023-04-27,Delayed,Oil,144.44,98.75,105897.59,135097.64
SHP002625,CUST001484,Hamburg Port,Rotterdam Port,2024-12-20,2024-11-17,Delivered,Electronics,137.54,67.31,100421.15,11552.7
SHP002626,CUST000425,Rotterdam Port,Lagos Port,2023-11-03,2023-06-11,Delivered,Oil,129.19,453.5,113021.81,70346.15
SHP002627,CUST001363,Durban Port,Shanghai Port,2022-01-30,2023-11-29,In Transit,Textiles,45.05,99.43,135903.63,134214.36
SHP002628,CUST002190,Lagos Port,Durban Port,2024-09-28,2023-08-10,Delivered,Textiles,158.38,105.47,113277.29,31847.81
SHP002629,CUST001211,Los Angeles Port,Rotterdam Port,2022-04-25,2022-06-26,Delayed,Electronics,42.21,438.45,12520.19,25068.33
SHP002630,CUST002826,Lagos Port,Dubai Port,2023-10-01,2023-03-12,Delayed,Textiles,58.17,191.39,16684.02,108252.09
SHP002631,CUST001680,Hamburg Port,Durban Port,2022-06-04,2022-03-13,In Transit,Textiles,163.6,150.45,91556.75,37183.53
SHP002632,CUST001502,Durban Port,Los Angeles Port,2023-12-01,2024-08-28,Delayed,Food,19.69,43.58,130164.49,40637.94
SHP002633,CUST001837,Singapore Port,Rotterdam Port,2024-09-24,2023-09-18,In Transit,Food,10.71,434.02,188972.96,58394.88
SHP002634,CUST001582,Singapore Port,Lagos Port,2024-11-04,2022-02-14,Delayed,Oil,30.47,307.33,91423.29,42003.12
SHP002635,CUST002657,Dubai Port,Los Angeles Port,2022-02-24,2024-12-12,In Transit,Electronics,155.86,203.82,169254.84,122190.15
SHP002636,CUST001428,Rotterdam Port,Los Angeles Port,2022-01-23,2024-04-11,Delivered,Oil,193.68,367.16,122656.36,106550.48
SHP002637,CUST001997,Shanghai Port,Los Angeles Port,2023-07-31,2022-09-15,Delayed,Vehicles,46.64,122.47,166678.89,109096.58
SHP002638,CUST002293,Hamburg Port,Shanghai Port,2022-07-03,2022-09-22,Delivered,Oil,60.87,246.88,161281.86,89324.0
SHP002639,CUST001149,Dubai Port,Rotterdam Port,2023-01-21,2024-05-09,Delivered,Electronics,115.08,164.42,199482.86,141528.85
SHP002640,CUST000951,Dubai Port,Lagos Port,2024-09-17,2024-08-18,Delayed,Textiles,31.71,390.13,24023.99,56425.76
SHP002641,CUST000966,Durban Port,Hamburg Port,2022-12-06,2024-03-14,Delivered,Textiles,25.0,499.35,183117.37,90566.77
SHP002642,CUST000452,Hamburg Port,Hamburg Port,2023-07-22,2023-04-21,In Transit,Vehicles,182.62,43.41,91326.67,99297.65
SHP002643,CUST001469,Lagos Port,Durban Port,2022-12-31,2023-04-14,Delivered,Electronics,11.92,446.04,113138.48,40249.37
SHP002644,CUST000567,Singapore Port,Shanghai Port,2023-06-24,2023-08-27,Delivered,Textiles,171.66,281.44,53071.08,62757.91
SHP002645,CUST001663,Singapore Port,Los Angeles Port,2024-11-20,2022-12-13,Delivered,Food,115.34,479.57,169938.28,82659.18
SHP002646,CUST000622,Singapore Port,Hamburg Port,2023-10-26,2023-12-26,Delivered,Food,180.68,82.82,100040.72,24137.44
SHP002647,CUST000493,Hamburg Port,Singapore Port,2023-05-20,2023-11-15,Delayed,Oil,80.05,496.6,40132.38,52998.49
SHP002648,CUST002175,Los Angeles Port,Shanghai Port,2023-01-18,2023-12-31,Delivered,Vehicles,197.28,176.28,81683.56,61652.94
SHP002649,CUST001482,Los Angeles Port,Shanghai Port,2023-03-27,2023-03-11,Delivered,Textiles,29.1,475.26,176971.92,25106.68
SHP002650,CUST001153,Dubai Port,Los Angeles Port,2023-03-19,2023-09-05,In Transit,Oil,194.77,273.39,70329.95,90993.31
SHP002651,CUST000023,Durban Port,Hamburg Port,2023-10-14,2024-12-23,In Transit,Vehicles,102.04,356.18,9326.24,24789.92
SHP002652,CUST002820,Singapore Port,Lagos Port,2022-10-21,2023-01-22,Delivered,Textiles,46.93,184.65,38816.3,11710.83
SHP002653,CUST000198,Singapore Port,Singapore Port,2022-08-22,2024-05-28,Delayed,Food,144.36,151.24,72416.45,146567.38
SHP002654,CUST002788,Hamburg Port,Rotterdam Port,2022-10-12,2022-03-22,Delivered,Vehicles,100.66,226.17,113552.67,17928.67
SHP002655,CUST001172,Rotterdam Port,Hamburg Port,2022-09-05,2023-08-30,Delivered,Electronics,155.17,164.41,44783.62,56501.89
SHP002656,CUST002748,Los Angeles Port,Durban Port,2024-08-03,2024-12-08,Delayed,Food,62.39,125.31,101774.99,92051.15
SHP002657,CUST000823,Dubai Port,Los Angeles Port,2024-02-02,2022-02-15,In Transit,Electronics,12.32,317.14,110203.35,138809.54
SHP002658,CUST000410,Hamburg Port,Singapore Port,2024-03-28,2024-10-20,In Transit,Food,134.01,66.5,164544.7,118318.89
SHP002659,CUST000065,Rotterdam Port,Durban Port,2024-09-16,2023-01-26,Delayed,Oil,122.93,97.46,114106.53,67968.46
SHP002660,CUST001525,Lagos Port,Rotterdam Port,2022-12-07,2023-05-06,Delivered,Electronics,107.94,13.58,197992.09,35823.15
SHP002661,CUST001165,Singapore Port,Shanghai Port,2022-02-19,2024-08-16,Delayed,Oil,123.58,384.24,61961.21,29221.64
SHP002662,CUST000423,Dubai Port,Durban Port,2024-10-03,2022-04-09,Delayed,Vehicles,111.3,292.92,79794.01,24128.99
SHP002663,CUST000874,Hamburg Port,Dubai Port,2024-12-12,2022-06-13,Delayed,Electronics,61.49,395.05,13641.36,29534.54
SHP002664,CUST000700,Durban Port,Los Angeles Port,2024-03-28,2024-04-01,Delivered,Food,103.6,420.2,161005.42,114840.13
SHP002665,CUST000010,Dubai Port,Shanghai Port,2022-06-28,2023-10-14,Delivered,Food,65.43,338.69,114655.17,64417.8
SHP002666,CUST002710,Rotterdam Port,Dubai Port,2024-09-02,2024-10-20,Delayed,Textiles,166.09,66.46,30518.45,127725.97
SHP002667,CUST000165,Hamburg Port,Durban Port,2023-06-27,2024-08-13,In Transit,Textiles,91.03,458.76,141642.74,95382.26
SHP002668,CUST001204,Durban Port,Hamburg Port,2024-10-06,2024-05-16,Delivered,Vehicles,187.07,337.38,150399.07,3994.35
SHP002669,CUST002288,Los Angeles Port,Rotterdam Port,2022-07-20,2023-07-27,Delivered,Food,115.12,154.43,150623.16,148851.93
SHP002670,CUST001972,Shanghai Port,Durban Port,2024-05-09,2024-10-03,Delayed,Electronics,123.31,277.44,159128.22,139773.59
SHP002671,CUST000063,Dubai Port,Lagos Port,2023-11-30,2024-09-03,Delayed,Oil,154.62,376.49,190187.14,24890.57
SHP002672,CUST000935,Lagos Port,Lagos Port,2022-10-25,2023-02-22,In Transit,Oil,147.7,116.95,123179.91,63532.94
SHP002673,CUST002204,Lagos Port,Hamburg Port,2024-02-08,2024-08-04,In Transit,Oil,193.96,445.67,113888.06,15974.14
SHP002674,CUST000079,Lagos Port,Dubai Port,2022-08-05,2023-12-24,Delayed,Oil,23.97,87.27,157594.67,32012.71
SHP002675,CUST002983,Shanghai Port,Hamburg Port,2024-02-04,2023-05-29,Delayed,Oil,192.4,447.72,185631.44,108804.18
SHP002676,CUST000950,Dubai Port,Singapore Port,2024-09-19,2024-04-09,In Transit,Textiles,69.11,33.6,137879.94,11026.97
SHP002677,CUST002173,Durban Port,Shanghai Port,2023-01-05,2024-01-30,In Transit,Electronics,137.5,346.9,140498.19,20964.19
SHP002678,CUST002490,Shanghai Port,Lagos Port,2022-07-14,2022-12-07,In Transit,Food,192.86,221.29,31814.06,13167.7
SHP002679,CUST000453,Dubai Port,Shanghai Port,2022-01-30,2023-07-29,Delayed,Vehicles,18.53,286.86,62830.55,53245.85
SHP002680,CUST000121,Singapore Port,Shanghai Port,2022-11-01,2022-10-14,Delayed,Oil,9.67,401.08,119779.17,65392.25
SHP002681,CUST001607,Los Angeles Port,Los Angeles Port,2024-02-26,2023-01-16,Delivered,Vehicles,134.94,384.1,162992.41,139040.19
SHP002682,CUST000457,Rotterdam Port,Lagos Port,2022-10-18,2024-01-12,In Transit,Oil,123.67,275.17,73841.26,67627.99
SHP002683,CUST000004,Lagos Port,Rotterdam Port,2022-09-02,2024-05-27,Delayed,Textiles,81.66,394.22,6843.44,68768.0
SHP002684,CUST002732,Rotterdam Port,Shanghai Port,2023-01-11,2024-08-16,Delayed,Electronics,114.18,427.02,178839.27,22569.3
SHP002685,CUST000842,Los Angeles Port,Dubai Port,2022-06-25,2024-08-19,Delayed,Food,117.11,405.91,157490.71,109913.23
SHP002686,CUST001949,Shanghai Port,Lagos Port,2024-01-27,2022-01-26,Delayed,Textiles,38.33,485.38,165051.93,66430.34
SHP002687,CUST001218,Durban Port,Los Angeles Port,2024-12-04,2023-07-07,Delayed,Food,92.14,345.53,107800.59,3070.54
SHP002688,CUST000663,Rotterdam Port,Dubai Port,2022-04-16,2023-12-23,In Transit,Oil,141.57,300.43,142078.57,16043.11
SHP002689,CUST001935,Rotterdam Port,Los Angeles Port,2023-04-07,2024-07-05,In Transit,Food,21.01,71.93,153326.6,76037.87
SHP002690,CUST000098,Hamburg Port,Lagos Port,2024-03-02,2022-08-07,In Transit,Oil,89.36,62.08,166220.61,138356.49
SHP002691,CUST000293,Hamburg Port,Hamburg Port,2024-05-20,2022-01-14,Delivered,Oil,63.08,363.59,86256.25,83339.11
SHP002692,CUST002870,Lagos Port,Singapore Port,2024-11-13,2023-08-11,Delivered,Vehicles,12.72,173.14,64428.63,113302.23
SHP002693,CUST001284,Shanghai Port,Dubai Port,2022-06-29,2022-09-17,Delivered,Textiles,148.55,482.14,163782.15,23725.78
SHP002694,CUST002791,Singapore Port,Shanghai Port,2022-06-17,2023-05-10,Delivered,Textiles,111.25,129.01,120538.82,141172.77
SHP002695,CUST000468,Shanghai Port,Dubai Port,2024-08-11,2024-05-06,Delayed,Food,53.17,376.25,196111.31,90329.67
SHP002696,CUST002280,Hamburg Port,Shanghai Port,2023-09-18,2024-09-01,Delayed,Food,149.99,348.17,16407.39,84309.51
SHP002697,CUST001557,Singapore Port,Rotterdam Port,2023-05-26,2022-11-06,Delivered,Oil,11.03,469.2,26749.69,89247.2
SHP002698,CUST002236,Singapore Port,Los Angeles Port,2023-09-30,2022-04-21,In Transit,Textiles,31.78,278.51,179521.42,119696.1
SHP002699,CUST002601,Singapore Port,Singapore Port,2022-11-15,2024-06-23,Delivered,Food,16.5,302.67,58849.23,85761.7
SHP002700,CUST002057,Shanghai Port,Dubai Port,2022-10-11,2023-02-07,In Transit,Oil,5.22,235.13,183369.62,130009.43
SHP002701,CUST000492,Dubai Port,Singapore Port,2024-11-22,2022-11-30,Delivered,Electronics,160.27,239.78,17899.1,134548.33
SHP002702,CUST001378,Dubai Port,Los Angeles Port,2024-03-19,2024-04-03,In Transit,Food,68.87,78.81,103689.8,34174.9
SHP002703,CUST000036,Shanghai Port,Los Angeles Port,2023-11-17,2024-09-06,Delivered,Oil,147.04,429.9,130657.38,57355.85
SHP002704,CUST001589,Shanghai Port,Los Angeles Port,2022-06-13,2024-06-07,In Transit,Electronics,175.72,174.59,116648.64,90231.39
SHP002705,CUST000145,Hamburg Port,Durban Port,2024-02-24,2023-06-17,In Transit,Food,181.38,358.9,39249.3,132272.5
SHP002706,CUST002770,Lagos Port,Los Angeles Port,2022-05-30,2024-10-13,In Transit,Food,44.62,136.44,117802.63,16499.48
SHP002707,CUST002384,Rotterdam Port,Lagos Port,2023-09-15,2024-07-10,In Transit,Electronics,48.46,245.05,55172.26,56209.24
SHP002708,CUST000281,Lagos Port,Durban Port,2024-10-30,2024-10-24,Delayed,Vehicles,181.67,230.96,50734.72,34095.76
SHP002709,CUST000585,Singapore Port,Singapore Port,2022-01-10,2024-02-24,In Transit,Vehicles,106.37,22.08,50253.51,110984.38
SHP002710,CUST002542,Dubai Port,Singapore Port,2024-12-17,2024-06-16,In Transit,Electronics,33.67,98.59,144036.93,30320.54
SHP002711,CUST002929,Los Angeles Port,Durban Port,2022-04-14,2022-04-21,Delivered,Oil,128.84,275.11,173367.58,132355.82
SHP002712,CUST000841,Los Angeles Port,Dubai Port,2022-06-14,2023-05-22,Delivered,Textiles,108.96,476.4,142267.23,16392.34
SHP002713,CUST001082,Lagos Port,Lagos Port,2023-01-22,2023-10-12,Delivered,Textiles,129.06,133.72,188574.77,120703.22
SHP002714,CUST001794,Dubai Port,Rotterdam Port,2022-07-05,2023-08-21,Delivered,Vehicles,133.02,461.12,150657.57,135509.2
SHP002715,CUST002178,Durban Port,Singapore Port,2022-11-29,2023-12-31,Delivered,Oil,67.79,474.07,86955.61,19838.06
SHP002716,CUST000581,Lagos Port,Lagos Port,2024-04-19,2023-08-14,In Transit,Electronics,67.88,347.42,104756.75,90658.27
SHP002717,CUST000389,Shanghai Port,Durban Port,2024-10-11,2022-03-25,Delivered,Food,11.61,232.9,161782.17,94081.24
SHP002718,CUST000561,Dubai Port,Shanghai Port,2024-03-12,2022-09-16,In Transit,Vehicles,143.23,130.73,194698.62,131263.01
SHP002719,CUST002416,Lagos Port,Dubai Port,2024-11-04,2024-03-01,Delivered,Textiles,182.71,69.81,114682.39,21221.48
SHP002720,CUST002745,Los Angeles Port,Hamburg Port,2023-02-25,2023-01-28,In Transit,Oil,15.99,486.31,76125.44,52956.35
SHP002721,CUST000576,Shanghai Port,Lagos Port,2022-08-03,2023-05-24,Delayed,Oil,175.84,490.64,121069.41,69115.69
SHP002722,CUST001677,Los Angeles Port,Dubai Port,2024-03-19,2023-05-24,Delivered,Food,96.43,417.82,186158.71,64958.67
SHP002723,CUST002592,Hamburg Port,Los Angeles Port,2024-08-09,2022-02-07,Delayed,Food,181.85,488.9,167559.92,67464.16
SHP002724,CUST000502,Shanghai Port,Hamburg Port,2023-12-02,2022-02-04,Delivered,Food,105.88,335.78,114639.55,76403.33
SHP002725,CUST002361,Durban Port,Dubai Port,2024-04-26,2022-01-24,Delivered,Textiles,125.21,175.75,80193.44,35445.23
SHP002726,CUST000924,Hamburg Port,Durban Port,2024-03-06,2022-04-15,Delayed,Textiles,47.4,249.79,179738.41,115471.59
SHP002727,CUST000816,Lagos Port,Hamburg Port,2022-04-29,2024-03-10,Delivered,Textiles,125.94,488.3,116521.06,63701.81
SHP002728,CUST000744,Singapore Port,Shanghai Port,2022-11-25,2023-05-22,Delayed,Food,112.47,217.58,56407.29,21745.33
SHP002729,CUST002779,Singapore Port,Singapore Port,2024-05-13,2022-10-09,Delivered,Oil,78.31,459.81,176481.71,143317.43
SHP002730,CUST002584,Singapore Port,Hamburg Port,2024-08-17,2023-06-12,Delivered,Food,169.41,457.47,118490.1,99070.86
SHP002731,CUST001767,Singapore Port,Hamburg Port,2023-01-13,2023-08-26,In Transit,Vehicles,62.75,202.68,161387.78,109805.13
SHP002732,CUST002696,Singapore Port,Dubai Port,2023-06-10,2024-02-20,Delivered,Vehicles,8.76,334.03,143652.04,32947.91
SHP002733,CUST000295,Durban Port,Durban Port,2023-10-25,2023-09-01,In Transit,Electronics,54.51,448.14,21787.63,39344.47
SHP002734,CUST002533,Dubai Port,Durban Port,2024-12-13,2024-09-18,In Transit,Oil,77.36,303.24,171386.77,139360.6
SHP002735,CUST001805,Dubai Port,Rotterdam Port,2022-10-01,2023-01-02,Delayed,Vehicles,82.92,450.44,190277.75,36642.08
SHP002736,CUST002389,Dubai Port,Hamburg Port,2024-05-26,2023-07-29,In Transit,Oil,11.01,285.58,57841.97,129974.21
SHP002737,CUST001039,Rotterdam Port,Lagos Port,2024-02-28,2024-03-10,In Transit,Vehicles,99.16,385.76,68425.78,3225.21
SHP002738,CUST000240,Hamburg Port,Hamburg Port,2022-05-11,2022-05-17,Delivered,Food,11.33,400.97,30874.57,31664.66
SHP002739,CUST001042,Hamburg Port,Hamburg Port,2023-05-21,2024-09-23,Delivered,Textiles,14.31,421.32,139371.21,67790.56
SHP002740,CUST001782,Durban Port,Dubai Port,2022-04-30,2024-06-09,In Transit,Food,141.44,44.91,124423.44,102019.11
SHP002741,CUST001986,Durban Port,Singapore Port,2024-05-27,2023-09-10,Delayed,Food,156.49,319.93,176833.79,57849.32
SHP002742,CUST000922,Shanghai Port,Rotterdam Port,2022-05-24,2023-01-27,Delayed,Vehicles,109.89,242.61,91825.91,35954.39
SHP002743,CUST000969,Shanghai Port,Dubai Port,2022-02-22,2022-07-21,In Transit,Textiles,163.88,199.34,191930.94,64403.0
SHP002744,CUST001344,Durban Port,Lagos Port,2023-05-20,2024-06-02,Delivered,Electronics,87.26,156.71,96404.87,86146.39
SHP002745,CUST002785,Hamburg Port,Lagos Port,2022-08-15,2022-07-23,In Transit,Vehicles,180.64,139.27,10266.76,131225.26
SHP002746,CUST002956,Hamburg Port,Dubai Port,2024-04-08,2024-09-28,Delayed,Electronics,64.23,145.15,115981.16,63811.21
SHP002747,CUST001805,Hamburg Port,Hamburg Port,2024-01-09,2024-03-14,Delivered,Vehicles,67.57,355.68,27248.94,130737.9
SHP002748,CUST002187,Rotterdam Port,Durban Port,2024-11-29,2022-12-17,Delayed,Vehicles,6.7,127.0,111983.02,89162.98
SHP002749,CUST002435,Singapore Port,Hamburg Port,2024-12-26,2022-05-02,Delayed,Oil,61.68,188.4,193666.18,54735.7
SHP002750,CUST002276,Rotterdam Port,Durban Port,2024-03-14,2024-09-15,Delivered,Food,81.44,39.79,100000.87,132593.3
SHP002751,CUST000720,Los Angeles Port,Dubai Port,2022-12-18,2022-09-01,In Transit,Vehicles,99.67,226.26,167308.97,50873.05
SHP002752,CUST001786,Shanghai Port,Singapore Port,2022-04-14,2024-08-13,Delayed,Oil,111.75,172.07,106532.05,23733.6
SHP002753,CUST000404,Los Angeles Port,Lagos Port,2022-01-29,2023-03-04,In Transit,Electronics,160.94,492.16,134209.53,96892.6
SHP002754,CUST002304,Shanghai Port,Los Angeles Port,2024-08-20,2023-05-23,In Transit,Oil,171.64,334.01,190497.46,62678.74
SHP002755,CUST000134,Shanghai Port,Los Angeles Port,2024-09-07,2023-01-13,Delivered,Food,188.07,300.12,76847.49,34831.29
SHP002756,CUST000064,Dubai Port,Los Angeles Port,2024-10-06,2023-04-27,In Transit,Vehicles,134.95,460.01,89695.32,19297.51
SHP002757,CUST001599,Durban Port,Lagos Port,2023-07-27,2024-07-15,Delayed,Oil,112.41,111.9,108636.05,71703.7
SHP002758,CUST002369,Rotterdam Port,Lagos Port,2024-11-01,2022-11-08,In Transit,Electronics,81.93,173.91,182516.72,86704.98
SHP002759,CUST001077,Durban Port,Dubai Port,2024-10-14,2024-05-06,In Transit,Textiles,30.22,123.11,128592.81,64548.01
SHP002760,CUST001198,Los Angeles Port,Durban Port,2023-12-15,2024-02-16,In Transit,Vehicles,35.44,156.15,100944.68,103293.61
SHP002761,CUST002577,Los Angeles Port,Rotterdam Port,2024-02-07,2022-10-04,In Transit,Electronics,76.75,218.08,153066.13,94655.73
SHP002762,CUST002614,Dubai Port,Shanghai Port,2024-12-18,2024-12-26,Delayed,Electronics,5.9,83.35,151855.52,22169.5
SHP002763,CUST001903,Durban Port,Dubai Port,2023-06-11,2024-11-05,Delayed,Vehicles,133.47,496.76,34695.61,64005.5
SHP002764,CUST002825,Lagos Port,Los Angeles Port,2024-11-20,2022-05-31,Delivered,Electronics,91.12,267.38,197292.25,136771.6
SHP002765,CUST001437,Shanghai Port,Hamburg Port,2023-09-10,2022-03-01,Delivered,Food,38.55,442.97,157815.01,31714.79
SHP002766,CUST002562,Shanghai Port,Rotterdam Port,2024-04-02,2022-11-20,Delivered,Oil,93.01,113.44,70168.56,128117.55
SHP002767,CUST000036,Rotterdam Port,Shanghai Port,2024-05-07,2022-10-28,Delayed,Textiles,174.36,470.87,58895.38,96404.43
SHP002768,CUST001730,Los Angeles Port,Shanghai Port,2024-07-24,2024-12-17,Delivered,Electronics,88.14,265.18,140236.14,10818.37
SHP002769,CUST000509,Los Angeles Port,Dubai Port,2022-08-18,2024-01-11,Delivered,Oil,114.5,352.48,136396.6,83575.84
SHP002770,CUST002665,Los Angeles Port,Singapore Port,2024-04-12,2024-12-17,Delivered,Electronics,195.0,116.19,157140.82,101742.21
SHP002771,CUST000336,Durban Port,Lagos Port,2023-06-08,2022-08-08,In Transit,Electronics,150.98,452.63,14818.05,145297.1
SHP002772,CUST002294,Rotterdam Port,Rotterdam Port,2023-09-14,2023-10-21,Delivered,Vehicles,54.03,392.05,132790.89,18422.89
SHP002773,CUST002366,Hamburg Port,Singapore Port,2023-06-21,2023-08-31,In Transit,Textiles,186.35,380.15,69396.04,69952.24
SHP002774,CUST001990,Singapore Port,Singapore Port,2022-10-07,2022-08-22,Delayed,Electronics,121.36,14.46,160541.17,130940.41
SHP002775,CUST002783,Lagos Port,Rotterdam Port,2024-02-14,2024-04-18,Delayed,Electronics,79.32,121.28,127361.04,40259.1
SHP002776,CUST000876,Durban Port,Los Angeles Port,2022-04-02,2024-07-20,Delayed,Vehicles,125.26,284.24,112499.99,45407.23
SHP002777,CUST001316,Hamburg Port,Durban Port,2023-09-28,2022-03-10,In Transit,Oil,165.16,161.48,195437.86,11806.74
SHP002778,CUST000450,Rotterdam Port,Lagos Port,2024-01-03,2023-06-30,Delivered,Textiles,190.36,440.62,25926.92,124573.24
SHP002779,CUST002306,Durban Port,Dubai Port,2022-01-31,2023-04-19,In Transit,Textiles,182.11,288.87,80156.68,20520.85
SHP002780,CUST002512,Hamburg Port,Dubai Port,2022-05-28,2024-09-09,Delayed,Electronics,21.96,42.61,163047.85,135477.32
SHP002781,CUST000395,Singapore Port,Dubai Port,2023-07-31,2024-01-28,In Transit,Vehicles,136.3,410.56,99944.29,31864.17
SHP002782,CUST000767,Rotterdam Port,Rotterdam Port,2023-09-27,2023-09-05,In Transit,Textiles,56.83,499.62,71277.04,70450.08
SHP002783,CUST000761,Hamburg Port,Hamburg Port,2022-10-26,2023-05-11,In Transit,Textiles,132.46,39.33,137029.29,105227.1
SHP002784,CUST002726,Los Angeles Port,Dubai Port,2023-09-14,2022-11-03,Delivered,Oil,177.96,169.29,148364.27,58828.38
SHP002785,CUST002357,Lagos Port,Hamburg Port,2022-05-09,2024-09-24,Delivered,Textiles,198.38,444.3,118457.52,109982.54
SHP002786,CUST002478,Rotterdam Port,Los Angeles Port,2024-08-23,2023-07-27,Delivered,Textiles,86.8,81.32,166300.57,13664.27
SHP002787,CUST000846,Singapore Port,Lagos Port,2024-02-11,2022-11-02,In Transit,Food,196.8,318.89,58893.58,17507.57
SHP002788,CUST002742,Durban Port,Shanghai Port,2024-07-02,2023-06-25,In Transit,Textiles,23.7,30.27,11536.38,142188.42
SHP002789,CUST000051,Dubai Port,Durban Port,2024-02-26,2023-12-23,Delivered,Oil,118.23,158.69,107797.57,128035.19
SHP002790,CUST002116,Hamburg Port,Los Angeles Port,2023-10-15,2022-02-21,Delivered,Electronics,121.82,453.96,8520.96,80329.17
SHP002791,CUST002023,Durban Port,Dubai Port,2022-02-27,2022-12-08,Delayed,Food,138.03,441.92,22258.26,108915.99
SHP002792,CUST001826,Durban Port,Los Angeles Port,2024-09-23,2024-06-19,In Transit,Food,97.92,220.62,184722.17,62801.81
SHP002793,CUST000526,Los Angeles Port,Shanghai Port,2023-06-17,2024-09-22,In Transit,Textiles,85.13,499.32,185096.86,109247.84
SHP002794,CUST000619,Durban Port,Los Angeles Port,2022-09-18,2023-07-30,Delivered,Vehicles,58.36,268.79,6637.33,34840.47
SHP002795,CUST001102,Dubai Port,Los Angeles Port,2023-10-13,2023-11-23,Delivered,Textiles,49.84,128.71,47582.11,15045.74
SHP002796,CUST001218,Shanghai Port,Durban Port,2024-02-16,2024-10-12,In Transit,Food,168.88,165.93,140389.36,140109.42
SHP002797,CUST002335,Durban Port,Durban Port,2024-02-01,2023-08-07,Delayed,Textiles,65.28,136.93,193687.33,20435.4
SHP002798,CUST002848,Rotterdam Port,Singapore Port,2024-06-20,2023-06-21,Delayed,Oil,40.96,487.79,98975.36,16219.85
SHP002799,CUST000818,Shanghai Port,Singapore Port,2024-02-06,2024-02-29,Delivered,Vehicles,199.21,209.46,134658.3,122920.96
SHP002800,CUST002626,Durban Port,Durban Port,2024-04-03,2022-02-27,In Transit,Food,181.9,348.06,55262.41,34807.0
SHP002801,CUST001121,Durban Port,Hamburg Port,2024-05-12,2024-03-22,Delayed,Textiles,133.33,364.4,194521.94,98288.53
SHP002802,CUST001667,Singapore Port,Rotterdam Port,2022-07-08,2024-09-10,In Transit,Food,102.81,201.99,25665.13,3844.38
SHP002803,CUST001209,Rotterdam Port,Los Angeles Port,2022-03-04,2023-05-06,In Transit,Oil,89.53,46.22,146705.2,29755.77
SHP002804,CUST001343,Hamburg Port,Lagos Port,2024-05-03,2022-06-30,Delayed,Textiles,126.27,242.72,123316.96,120033.54
SHP002805,CUST000719,Durban Port,Dubai Port,2024-08-07,2023-01-30,Delivered,Electronics,41.42,310.77,117422.99,15708.04
SHP002806,CUST001140,Dubai Port,Shanghai Port,2024-05-11,2023-11-30,Delivered,Electronics,125.85,75.14,176834.18,24996.37
SHP002807,CUST000369,Shanghai Port,Singapore Port,2024-01-18,2022-02-04,Delivered,Vehicles,199.74,301.9,168901.53,143605.75
SHP002808,CUST000902,Lagos Port,Rotterdam Port,2024-03-25,2024-01-31,Delayed,Food,91.41,178.92,32323.79,59206.16
SHP002809,CUST001472,Singapore Port,Lagos Port,2024-09-19,2022-06-22,Delayed,Vehicles,100.51,413.85,48191.59,84837.96
SHP002810,CUST002792,Shanghai Port,Lagos Port,2024-08-12,2024-02-23,Delivered,Electronics,64.45,94.69,195395.88,90153.21
SHP002811,CUST001829,Durban Port,Los Angeles Port,2022-05-29,2024-10-26,Delayed,Textiles,111.53,100.86,42281.06,19696.27
SHP002812,CUST001279,Singapore Port,Hamburg Port,2023-09-21,2023-01-14,Delayed,Oil,121.38,51.36,142805.43,137694.38
SHP002813,CUST001426,Singapore Port,Durban Port,2024-08-23,2023-11-05,Delivered,Vehicles,167.16,464.2,90818.91,68179.97
SHP002814,CUST000621,Hamburg Port,Los Angeles Port,2023-05-11,2023-09-13,In Transit,Oil,12.48,373.46,144956.52,94263.87
SHP002815,CUST000344,Durban Port,Singapore Port,2024-02-08,2023-09-22,In Transit,Oil,133.85,251.24,184317.47,102711.67
SHP002816,CUST001033,Hamburg Port,Durban Port,2022-04-25,2024-08-07,Delivered,Textiles,21.1,231.19,26555.45,44938.44
SHP002817,CUST002850,Shanghai Port,Los Angeles Port,2024-11-16,2022-12-14,In Transit,Textiles,63.63,218.28,147457.39,32538.28
SHP002818,CUST002403,Shanghai Port,Lagos Port,2022-08-26,2022-04-26,Delivered,Oil,182.43,345.18,137715.79,50300.94
SHP002819,CUST002523,Singapore Port,Hamburg Port,2023-05-09,2023-11-23,Delayed,Textiles,131.24,243.69,7636.88,39280.46
SHP002820,CUST001895,Lagos Port,Dubai Port,2022-12-27,2022-06-12,In Transit,Food,101.05,206.95,21248.84,18574.44
SHP002821,CUST000370,Lagos Port,Singapore Port,2022-08-05,2024-05-27,In Transit,Vehicles,53.98,72.78,172255.3,144992.08
SHP002822,CUST000402,Shanghai Port,Rotterdam Port,2023-04-28,2024-11-01,Delayed,Electronics,157.92,295.98,166084.52,127887.95
SHP002823,CUST002567,Rotterdam Port,Rotterdam Port,2022-12-10,2022-02-25,Delivered,Oil,22.32,144.23,100738.28,16250.84
SHP002824,CUST000050,Rotterdam Port,Los Angeles Port,2022-01-05,2022-12-18,Delayed,Textiles,13.57,66.61,88006.43,99832.84
SHP002825,CUST001332,Los Angeles Port,Singapore Port,2024-04-19,2023-08-20,Delivered,Textiles,53.61,331.34,94858.68,143601.8
SHP002826,CUST000984,Dubai Port,Shanghai Port,2024-07-20,2023-03-11,Delayed,Oil,122.1,55.88,132334.88,13427.64
SHP002827,CUST002394,Shanghai Port,Singapore Port,2022-09-25,2024-07-23,Delayed,Food,67.93,57.33,56214.2,69726.03
SHP002828,CUST002995,Los Angeles Port,Durban Port,2023-04-09,2022-01-15,Delivered,Electronics,105.11,358.53,119792.48,124168.32
SHP002829,CUST000931,Los Angeles Port,Los Angeles Port,2023-02-19,2022-07-28,In Transit,Electronics,8.56,307.7,78991.83,111055.96
SHP002830,CUST001624,Durban Port,Rotterdam Port,2022-12-30,2022-05-26,In Transit,Food,123.74,159.57,38472.33,73230.29
SHP002831,CUST001915,Shanghai Port,Los Angeles Port,2022-03-10,2023-03-02,In Transit,Textiles,137.81,426.08,137300.28,30406.89
SHP002832,CUST000942,Shanghai Port,Lagos Port,2022-09-29,2024-01-27,In Transit,Oil,43.46,491.53,67486.4,138105.47
SHP002833,CUST000615,Shanghai Port,Singapore Port,2023-03-17,2022-06-17,In Transit,Textiles,34.88,361.29,132381.99,76839.0
SHP002834,CUST002388,Shanghai Port,Hamburg Port,2024-02-18,2024-03-12,Delayed,Food,13.95,106.91,48227.81,134764.6
SHP002835,CUST002136,Rotterdam Port,Lagos Port,2024-02-11,2024-07-30,In Transit,Food,168.49,276.08,173317.33,77754.66
SHP002836,CUST002633,Hamburg Port,Dubai Port,2023-08-21,2024-08-09,Delivered,Textiles,144.8,256.99,25171.75,121649.61
SHP002837,CUST001784,Hamburg Port,Singapore Port,2022-04-05,2024-11-05,Delayed,Vehicles,5.95,237.21,175087.95,92105.12
SHP002838,CUST000854,Hamburg Port,Durban Port,2024-01-24,2022-01-24,Delayed,Textiles,99.81,197.49,38397.8,19018.54
SHP002839,CUST002695,Shanghai Port,Los Angeles Port,2022-01-16,2022-08-31,In Transit,Vehicles,113.19,71.34,159615.36,68590.21
SHP002840,CUST000281,Lagos Port,Dubai Port,2022-03-20,2023-07-02,Delivered,Textiles,88.77,410.86,63789.95,105260.75
SHP002841,CUST000381,Rotterdam Port,Shanghai Port,2023-07-27,2022-08-18,Delivered,Vehicles,181.08,279.62,51884.55,120989.34
SHP002842,CUST002533,Rotterdam Port,Rotterdam Port,2024-03-22,2023-03-16,Delayed,Electronics,98.14,330.09,112328.67,88571.01
SHP002843,CUST001007,Los Angeles Port,Durban Port,2023-05-12,2022-11-08,In Transit,Vehicles,194.16,358.36,82786.79,120581.57
SHP002844,CUST001520,Los Angeles Port,Lagos Port,2022-12-26,2022-01-17,Delayed,Oil,79.21,278.22,116871.92,84215.15
SHP002845,CUST000951,Dubai Port,Singapore Port,2022-11-20,2024-11-04,Delayed,Vehicles,151.19,90.73,19397.11,44562.32
SHP002846,CUST000022,Singapore Port,Rotterdam Port,2024-12-16,2022-05-03,In Transit,Food,133.38,259.22,182621.6,33830.09
SHP002847,CUST002250,Shanghai Port,Shanghai Port,2024-12-24,2022-05-03,Delayed,Food,70.62,428.72,33837.35,118639.95
SHP002848,CUST001464,Dubai Port,Rotterdam Port,2022-01-12,2022-04-17,Delivered,Food,45.75,325.21,135159.18,97883.12
SHP002849,CUST000290,Durban Port,Lagos Port,2023-11-30,2024-06-28,Delivered,Oil,174.43,455.2,196468.85,127322.06
SHP002850,CUST001856,Lagos Port,Durban Port,2022-10-10,2024-11-06,Delayed,Textiles,7.51,497.77,106569.13,24003.15
SHP002851,CUST000567,Lagos Port,Singapore Port,2022-05-31,2023-11-04,Delivered,Vehicles,60.18,481.76,67606.49,65001.66
SHP002852,CUST001775,Los Angeles Port,Shanghai Port,2024-03-01,2022-07-29,Delayed,Vehicles,34.22,255.02,186536.09,23634.5
SHP002853,CUST000459,Dubai Port,Shanghai Port,2023-09-11,2022-08-04,Delivered,Textiles,109.53,36.3,90192.06,39458.82
SHP002854,CUST000258,Shanghai Port,Los Angeles Port,2022-11-11,2024-11-03,Delivered,Oil,192.52,425.29,35215.72,49774.56
SHP002855,CUST000199,Shanghai Port,Dubai Port,2022-03-15,2023-09-28,In Transit,Oil,119.0,130.01,88589.69,105985.27
SHP002856,CUST000415,Rotterdam Port,Los Angeles Port,2023-11-26,2023-02-25,Delayed,Oil,50.31,182.07,134352.77,146662.33
SHP002857,CUST001943,Shanghai Port,Dubai Port,2024-11-13,2024-11-06,Delivered,Vehicles,149.13,39.99,44499.43,95532.29
SHP002858,CUST001432,Singapore Port,Shanghai Port,2022-06-29,2022-02-24,Delayed,Textiles,136.43,73.71,40400.23,89950.4
SHP002859,CUST000580,Singapore Port,Hamburg Port,2022-04-12,2022-12-25,Delayed,Vehicles,17.62,121.63,44089.06,22754.88
SHP002860,CUST002893,Los Angeles Port,Dubai Port,2022-10-12,2022-06-07,Delayed,Vehicles,125.78,458.67,91174.58,145855.79
SHP002861,CUST000752,Shanghai Port,Los Angeles Port,2024-07-12,2024-08-08,In Transit,Food,193.34,193.95,84871.95,110410.97
SHP002862,CUST002511,Hamburg Port,Shanghai Port,2023-12-01,2022-11-07,Delayed,Electronics,171.86,224.21,179845.41,15233.89
SHP002863,CUST002966,Hamburg Port,Dubai Port,2022-09-21,2024-08-29,Delayed,Oil,76.34,189.72,63349.92,102120.82
SHP002864,CUST001380,Singapore Port,Shanghai Port,2023-12-17,2024-11-29,Delayed,Oil,129.27,338.64,140802.38,59291.6
SHP002865,CUST002256,Los Angeles Port,Singapore Port,2024-11-23,2022-09-14,In Transit,Vehicles,53.7,72.65,121631.71,46591.87
SHP002866,CUST001010,Rotterdam Port,Shanghai Port,2024-08-01,2023-11-09,Delayed,Oil,71.7,140.86,71202.25,102387.67
SHP002867,CUST002241,Durban Port,Lagos Port,2024-01-09,2023-09-27,Delayed,Vehicles,143.5,141.77,88102.87,40418.92
SHP002868,CUST000700,Hamburg Port,Rotterdam Port,2022-10-22,2023-05-20,Delayed,Electronics,101.08,428.87,30698.82,39478.62
SHP002869,CUST001606,Singapore Port,Singapore Port,2024-07-20,2024-09-04,Delivered,Food,12.22,54.94,31013.58,98066.21
SHP002870,CUST000243,Hamburg Port,Dubai Port,2022-04-23,2024-08-23,In Transit,Oil,134.08,433.5,68238.24,7202.68
SHP002871,CUST001473,Durban Port,Durban Port,2022-02-11,2023-04-14,In Transit,Textiles,171.21,146.12,63667.91,116711.99
SHP002872,CUST000674,Durban Port,Durban Port,2024-08-24,2023-04-16,Delayed,Textiles,33.99,479.63,54335.41,87858.54
SHP002873,CUST000457,Singapore Port,Los Angeles Port,2023-12-24,2024-12-20,In Transit,Food,77.38,39.76,198745.79,108800.35
SHP002874,CUST001333,Dubai Port,Hamburg Port,2023-01-22,2023-02-20,Delivered,Food,115.18,237.26,174730.84,53462.08
SHP002875,CUST001041,Lagos Port,Shanghai Port,2024-10-20,2023-01-16,Delayed,Vehicles,77.58,194.29,99583.48,62739.77
SHP002876,CUST001278,Durban Port,Rotterdam Port,2022-01-16,2024-01-02,Delivered,Vehicles,180.01,46.71,140479.96,59004.06
SHP002877,CUST000907,Lagos Port,Lagos Port,2022-01-17,2023-10-27,In Transit,Electronics,178.45,295.91,86134.8,91941.63
SHP002878,CUST000664,Dubai Port,Dubai Port,2024-12-05,2023-09-03,In Transit,Textiles,37.42,58.61,136941.9,37512.28
SHP002879,CUST000814,Durban Port,Dubai Port,2022-10-29,2022-11-26,In Transit,Electronics,57.24,61.31,155202.8,20275.45
SHP002880,CUST002307,Singapore Port,Los Angeles Port,2023-02-15,2023-06-19,In Transit,Electronics,46.24,140.39,198873.8,57818.8
SHP002881,CUST002910,Dubai Port,Hamburg Port,2023-05-26,2022-06-10,In Transit,Vehicles,71.74,102.95,184095.95,86020.2
SHP002882,CUST002983,Hamburg Port,Singapore Port,2024-08-01,2023-03-31,In Transit,Food,56.25,495.94,54347.56,45602.26
SHP002883,CUST001534,Singapore Port,Los Angeles Port,2022-04-07,2022-06-21,Delayed,Textiles,105.12,38.63,63596.96,65011.14
SHP002884,CUST001874,Shanghai Port,Durban Port,2023-11-05,2024-01-14,Delivered,Vehicles,189.91,397.02,36697.66,76352.93
SHP002885,CUST001974,Los Angeles Port,Hamburg Port,2022-06-08,2022-10-09,Delivered,Electronics,12.75,215.97,168164.64,149276.21
SHP002886,CUST002902,Rotterdam Port,Rotterdam Port,2024-04-08,2023-09-29,Delivered,Electronics,74.89,324.78,76516.15,132062.61
SHP002887,CUST000786,Shanghai Port,Dubai Port,2023-03-30,2023-04-10,In Transit,Food,34.76,319.12,21685.47,14142.56
SHP002888,CUST000046,Hamburg Port,Singapore Port,2022-08-05,2022-11-28,Delayed,Oil,149.15,330.39,41133.93,38970.38
SHP002889,CUST002273,Los Angeles Port,Shanghai Port,2022-10-21,2023-06-01,Delayed,Food,27.98,14.72,26649.4,13827.52
SHP002890,CUST000858,Rotterdam Port,Dubai Port,2024-08-25,2024-12-09,In Transit,Textiles,188.1,386.89,73102.2,103543.49
SHP002891,CUST000722,Durban Port,Shanghai Port,2024-10-02,2023-04-22,Delivered,Food,109.78,433.86,146007.59,127123.96
SHP002892,CUST001615,Dubai Port,Hamburg Port,2023-02-07,2024-03-22,Delayed,Oil,134.48,224.4,134270.04,59999.63
SHP002893,CUST001080,Singapore Port,Lagos Port,2022-05-10,2023-05-04,Delivered,Food,167.04,243.63,76545.14,85257.77
SHP002894,CUST001754,Rotterdam Port,Los Angeles Port,2023-08-12,2022-08-08,Delivered,Electronics,173.69,305.41,61430.71,109647.68
SHP002895,CUST001701,Los Angeles Port,Hamburg Port,2023-06-11,2022-08-09,Delivered,Electronics,177.67,263.34,123220.92,108354.38
SHP002896,CUST000682,Dubai Port,Rotterdam Port,2023-01-17,2022-11-05,Delivered,Textiles,191.78,282.03,162334.86,147912.61
SHP002897,CUST001596,Hamburg Port,Hamburg Port,2023-12-25,2022-05-19,Delivered,Electronics,166.61,459.56,108598.92,74442.37
SHP002898,CUST000412,Lagos Port,Lagos Port,2023-06-26,2024-09-01,Delayed,Textiles,118.71,396.6,170685.33,132176.65
SHP002899,CUST002299,Dubai Port,Hamburg Port,2024-06-05,2024-12-29,Delivered,Textiles,75.25,441.15,58975.29,70665.27
SHP002900,CUST001567,Singapore Port,Durban Port,2022-02-13,2022-01-31,In Transit,Vehicles,118.07,288.87,105676.83,6770.51
SHP002901,CUST002937,Los Angeles Port,Rotterdam Port,2022-02-05,2023-05-03,Delivered,Textiles,154.87,125.17,84079.12,148102.38
SHP002902,CUST002020,Durban Port,Durban Port,2023-03-14,2024-06-26,In Transit,Textiles,116.85,189.99,62175.4,26305.88
SHP002903,CUST000475,Durban Port,Rotterdam Port,2022-08-20,2022-05-22,Delayed,Textiles,6.55,391.01,127841.21,123275.53
SHP002904,CUST000441,Singapore Port,Durban Port,2023-11-21,2023-09-24,Delivered,Electronics,128.36,227.7,125441.79,91451.46
SHP002905,CUST000371,Durban Port,Lagos Port,2023-12-11,2022-11-09,Delayed,Textiles,79.76,427.06,37937.16,100148.39
SHP002906,CUST001652,Los Angeles Port,Los Angeles Port,2022-11-09,2024-06-25,Delayed,Textiles,103.82,67.37,188831.27,18165.45
SHP002907,CUST000747,Singapore Port,Rotterdam Port,2023-04-07,2024-12-26,In Transit,Textiles,14.05,463.2,114154.4,7415.46
SHP002908,CUST000944,Los Angeles Port,Los Angeles Port,2022-01-29,2024-12-09,Delivered,Textiles,131.08,386.87,164287.11,52071.81
SHP002909,CUST002768,Los Angeles Port,Dubai Port,2024-12-23,2022-07-15,Delivered,Vehicles,95.7,295.57,181107.56,36058.3
SHP002910,CUST001257,Dubai Port,Dubai Port,2024-06-18,2022-06-18,In Transit,Textiles,9.77,44.78,190825.55,149680.39
SHP002911,CUST001174,Hamburg Port,Rotterdam Port,2024-10-05,2024-08-04,Delivered,Textiles,92.72,366.23,46901.29,59826.8
SHP002912,CUST001443,Durban Port,Dubai Port,2022-05-09,2023-12-27,Delayed,Electronics,170.34,303.53,151115.13,74448.8
SHP002913,CUST000704,Durban Port,Hamburg Port,2022-12-30,2023-03-14,Delivered,Textiles,186.25,302.39,166307.56,13558.39
SHP002914,CUST001396,Lagos Port,Dubai Port,2022-10-12,2024-01-02,Delivered,Textiles,103.82,318.13,97036.39,5889.09
SHP002915,CUST002750,Hamburg Port,Singapore Port,2023-11-25,2023-11-26,In Transit,Vehicles,173.84,55.77,45206.2,23941.85
SHP002916,CUST000245,Dubai Port,Los Angeles Port,2024-06-20,2023-06-29,In Transit,Vehicles,100.82,463.63,70346.36,104350.23
SHP002917,CUST000366,Los Angeles Port,Shanghai Port,2023-02-13,2022-12-20,Delivered,Oil,71.99,287.88,21054.33,101539.9
SHP002918,CUST002146,Rotterdam Port,Dubai Port,2022-08-17,2022-01-08,Delayed,Electronics,66.06,374.22,147549.39,141336.43
SHP002919,CUST002096,Singapore Port,Lagos Port,2023-05-20,2023-04-28,Delivered,Vehicles,141.93,123.66,99464.18,89518.95
SHP002920,CUST001555,Singapore Port,Singapore Port,2022-10-03,2023-01-29,Delayed,Electronics,170.24,400.11,139804.91,146232.71
SHP002921,CUST000642,Rotterdam Port,Hamburg Port,2023-09-03,2022-09-04,Delivered,Vehicles,112.86,476.23,27671.9,124949.17
SHP002922,CUST001526,Lagos Port,Lagos Port,2024-01-08,2022-08-17,Delivered,Vehicles,181.78,63.82,60660.81,143640.13
SHP002923,CUST000890,Shanghai Port,Dubai Port,2024-01-24,2023-09-09,In Transit,Textiles,64.05,198.81,47685.89,140965.01
SHP002924,CUST000445,Los Angeles Port,Los Angeles Port,2024-04-03,2023-08-05,Delayed,Oil,175.66,235.15,30522.23,131450.1
SHP002925,CUST002930,Durban Port,Dubai Port,2022-09-28,2023-06-10,In Transit,Oil,103.48,479.96,175130.96,123629.87
SHP002926,CUST001500,Durban Port,Hamburg Port,2024-06-02,2023-09-02,Delivered,Electronics,6.07,97.91,60968.83,105750.11
SHP002927,CUST000592,Durban Port,Hamburg Port,2023-05-13,2022-02-05,Delayed,Textiles,70.99,68.52,148873.63,100087.25
SHP002928,CUST000948,Los Angeles Port,Singapore Port,2024-10-21,2023-11-10,Delivered,Food,50.55,420.47,36156.55,135915.1
SHP002929,CUST001135,Los Angeles Port,Dubai Port,2024-01-16,2022-10-03,In Transit,Textiles,27.07,70.66,142790.35,90591.71
SHP002930,CUST002032,Dubai Port,Singapore Port,2022-05-23,2024-05-08,Delivered,Electronics,42.5,304.08,157992.07,57709.21
SHP002931,CUST002086,Singapore Port,Lagos Port,2024-12-28,2024-01-08,Delivered,Oil,164.93,204.56,99152.41,65265.17
SHP002932,CUST000595,Rotterdam Port,Los Angeles Port,2023-07-28,2022-09-12,Delayed,Electronics,181.18,144.69,130223.31,77936.0
SHP002933,CUST002853,Rotterdam Port,Shanghai Port,2024-11-23,2024-08-19,Delayed,Vehicles,22.57,343.68,52424.21,30135.54
SHP002934,CUST000018,Hamburg Port,Durban Port,2024-04-04,2022-07-30,Delayed,Oil,170.91,266.22,150131.4,123211.8
SHP002935,CUST002406,Hamburg Port,Durban Port,2022-08-05,2024-04-13,Delayed,Oil,23.39,131.93,159363.37,11543.55
SHP002936,CUST000345,Singapore Port,Rotterdam Port,2023-08-13,2022-03-20,Delayed,Food,97.06,155.87,69251.79,130955.33
SHP002937,CUST002410,Shanghai Port,Los Angeles Port,2024-11-14,2022-02-16,Delayed,Electronics,135.05,27.75,86918.27,117899.91
SHP002938,CUST001940,Lagos Port,Durban Port,2023-12-14,2023-04-21,Delivered,Food,24.68,387.58,151313.01,44198.11
SHP002939,CUST001146,Shanghai Port,Los Angeles Port,2022-12-31,2022-11-09,Delivered,Food,68.81,423.63,176234.76,127787.39
SHP002940,CUST000599,Hamburg Port,Durban Port,2022-04-02,2024-04-16,In Transit,Food,125.17,309.1,167900.94,52303.98
SHP002941,CUST002375,Durban Port,Dubai Port,2024-01-06,2023-04-30,Delayed,Vehicles,125.54,87.39,99326.0,101693.58
SHP002942,CUST001027,Los Angeles Port,Los Angeles Port,2022-10-07,2024-09-24,Delivered,Electronics,23.62,454.84,45288.75,41694.03
SHP002943,CUST000420,Dubai Port,Los Angeles Port,2022-10-03,2022-07-12,In Transit,Food,168.29,268.96,137793.01,28063.92
SHP002944,CUST002248,Shanghai Port,Shanghai Port,2024-05-20,2022-07-08,In Transit,Vehicles,75.69,402.98,55863.73,74791.82
SHP002945,CUST002213,Dubai Port,Lagos Port,2023-09-24,2023-02-18,Delivered,Oil,125.07,367.11,143155.21,120937.44
SHP002946,CUST002237,Dubai Port,Dubai Port,2024-11-05,2022-02-18,Delayed,Textiles,156.46,295.05,144770.14,62805.1
SHP002947,CUST000196,Los Angeles Port,Singapore Port,2022-08-10,2024-02-10,Delivered,Vehicles,193.12,373.29,165489.16,70164.33
SHP002948,CUST000954,Rotterdam Port,Los Angeles Port,2023-08-21,2024-08-13,Delayed,Oil,146.54,210.73,76057.94,15816.48
SHP002949,CUST002361,Singapore Port,Los Angeles Port,2023-07-30,2023-07-04,Delayed,Electronics,117.1,208.47,120839.58,99527.18
SHP002950,CUST002475,Shanghai Port,Lagos Port,2023-02-02,2024-08-03,In Transit,Food,57.96,74.03,37050.17,15497.38
SHP002951,CUST000404,Dubai Port,Dubai Port,2022-04-07,2023-01-20,Delayed,Vehicles,125.58,24.09,113448.9,17263.24
SHP002952,CUST000882,Lagos Port,Dubai Port,2024-11-18,2023-08-10,In Transit,Textiles,37.9,319.07,170699.41,30985.1
SHP002953,CUST001704,Durban Port,Rotterdam Port,2023-09-26,2024-12-04,In Transit,Vehicles,51.85,222.0,183459.13,119618.29
SHP002954,CUST001969,Singapore Port,Singapore Port,2023-04-27,2023-06-10,In Transit,Textiles,113.71,425.45,75422.06,104053.59
SHP002955,CUST002734,Singapore Port,Dubai Port,2023-05-14,2023-02-15,In Transit,Electronics,50.76,370.55,38035.91,41394.99
SHP002956,CUST000703,Hamburg Port,Shanghai Port,2023-12-24,2024-08-17,Delivered,Oil,111.81,400.19,6923.57,123487.28
SHP002957,CUST001000,Singapore Port,Singapore Port,2024-09-05,2024-03-29,Delivered,Electronics,145.03,391.09,169123.88,19439.18
SHP002958,CUST002323,Shanghai Port,Singapore Port,2023-04-14,2023-01-28,Delayed,Vehicles,43.46,407.31,113243.85,139021.8
SHP002959,CUST002122,Singapore Port,Dubai Port,2022-12-26,2023-10-01,In Transit,Food,174.15,175.82,29286.59,52966.18
SHP002960,CUST002224,Rotterdam Port,Rotterdam Port,2024-08-27,2023-03-28,Delivered,Textiles,100.28,10.05,101047.83,77140.39
SHP002961,CUST002480,Rotterdam Port,Singapore Port,2022-07-05,2024-03-30,Delivered,Oil,124.45,313.85,35181.56,132463.7
SHP002962,CUST002824,Durban Port,Hamburg Port,2023-03-04,2024-04-21,Delayed,Electronics,171.38,301.56,66137.82,128545.96
SHP002963,CUST002700,Singapore Port,Los Angeles Port,2022-09-04,2023-10-15,Delivered,Oil,59.7,300.4,30153.09,126439.75
SHP002964,CUST001709,Hamburg Port,Rotterdam Port,2023-11-23,2023-02-14,Delivered,Vehicles,75.74,105.98,151288.64,108935.1
SHP002965,CUST001940,Los Angeles Port,Singapore Port,2023-03-25,2024-05-14,In Transit,Food,186.97,63.83,45087.56,87714.72
SHP002966,CUST001390,Rotterdam Port,Singapore Port,2023-09-21,2024-09-27,Delivered,Textiles,9.5,215.94,24687.98,18992.26
SHP002967,CUST001962,Rotterdam Port,Hamburg Port,2023-11-26,2023-06-28,Delayed,Vehicles,56.29,68.39,198966.72,104414.91
SHP002968,CUST002738,Singapore Port,Shanghai Port,2022-07-20,2023-05-01,Delayed,Food,38.55,196.32,54701.23,54442.9
SHP002969,CUST001354,Hamburg Port,Hamburg Port,2024-08-28,2023-11-18,In Transit,Oil,54.72,330.17,159827.18,77556.88
SHP002970,CUST000461,Hamburg Port,Singapore Port,2024-10-20,2024-12-04,In Transit,Food,33.69,380.84,64554.96,92096.71
SHP002971,CUST001109,Lagos Port,Shanghai Port,2022-07-17,2022-10-05,Delivered,Vehicles,181.15,89.64,53533.66,36884.95
SHP002972,CUST001726,Durban Port,Singapore Port,2024-02-18,2023-02-20,In Transit,Electronics,55.99,52.58,53434.21,128197.39
SHP002973,CUST000858,Shanghai Port,Shanghai Port,2022-09-19,2023-02-22,Delayed,Textiles,144.34,73.68,39369.72,24904.42
SHP002974,CUST001339,Singapore Port,Hamburg Port,2024-06-14,2022-12-19,In Transit,Food,188.2,129.42,11180.18,129841.36
SHP002975,CUST000137,Singapore Port,Shanghai Port,2024-03-01,2023-01-08,In Transit,Food,46.22,256.08,199198.41,33613.93
SHP002976,CUST001839,Lagos Port,Shanghai Port,2022-05-19,2024-06-26,In Transit,Electronics,184.38,132.44,84038.67,108509.65
SHP002977,CUST002460,Durban Port,Dubai Port,2024-12-18,2023-12-11,Delayed,Vehicles,16.67,265.36,184373.92,124961.51
SHP002978,CUST000968,Dubai Port,Shanghai Port,2024-04-15,2024-09-16,In Transit,Food,118.31,479.69,25902.62,49794.08
SHP002979,CUST001557,Los Angeles Port,Durban Port,2024-01-24,2024-07-18,In Transit,Oil,69.27,245.81,81225.31,65091.76
SHP002980,CUST000947,Durban Port,Dubai Port,2022-02-06,2022-08-13,Delayed,Electronics,70.19,112.19,55710.93,123348.9
SHP002981,CUST002879,Shanghai Port,Shanghai Port,2024-04-17,2022-01-20,In Transit,Food,193.49,50.79,128417.47,146252.5
SHP002982,CUST001689,Singapore Port,Dubai Port,2024-02-19,2022-02-22,Delivered,Vehicles,137.64,142.64,112753.72,129580.09
SHP002983,CUST000858,Rotterdam Port,Lagos Port,2023-02-20,2024-05-28,In Transit,Oil,98.13,143.79,149799.2,11132.52
SHP002984,CUST002584,Durban Port,Hamburg Port,2024-03-27,2024-06-02,Delivered,Electronics,191.12,452.23,42481.22,36005.08
SHP002985,CUST000480,Singapore Port,Rotterdam Port,2022-02-12,2022-12-22,Delayed,Food,63.86,178.86,35698.01,62503.21
SHP002986,CUST000677,Shanghai Port,Dubai Port,2023-05-25,2024-07-13,Delayed,Oil,49.73,466.73,30810.73,48381.79
SHP002987,CUST001946,Durban Port,Los Angeles Port,2022-01-26,2023-08-02,Delayed,Textiles,46.37,251.68,172669.89,112817.41
SHP002988,CUST000213,Lagos Port,Singapore Port,2024-07-22,2024-02-01,Delayed,Oil,18.07,59.13,195741.26,79622.92
SHP002989,CUST000719,Rotterdam Port,Lagos Port,2023-08-31,2024-07-14,Delivered,Vehicles,106.42,224.15,86069.91,76918.19
SHP002990,CUST000350,Lagos Port,Singapore Port,2023-10-29,2022-01-11,Delayed,Vehicles,11.16,237.67,152922.5,42828.66
SHP002991,CUST002502,Lagos Port,Durban Port,2023-12-03,2022-08-23,Delayed,Textiles,52.49,241.23,54740.75,80153.59
SHP002992,CUST002071,Singapore Port,Singapore Port,2022-03-09,2023-11-17,Delivered,Vehicles,175.86,27.12,142832.42,135523.2
SHP002993,CUST001201,Lagos Port,Shanghai Port,2023-08-01,2023-09-20,Delivered,Food,5.16,265.85,7651.45,56719.75
SHP002994,CUST000687,Durban Port,Rotterdam Port,2022-06-06,2024-11-27,Delayed,Vehicles,125.53,452.32,46013.84,115248.47
SHP002995,CUST001506,Durban Port,Rotterdam Port,2022-01-02,2024-06-30,In Transit,Food,48.84,202.65,163795.64,39453.87
SHP002996,CUST000969,Singapore Port,Lagos Port,2024-08-10,2022-08-19,Delayed,Electronics,26.93,114.26,28177.43,132481.81
SHP002997,CUST001171,Singapore Port,Singapore Port,2024-10-15,2024-06-04,Delayed,Vehicles,198.34,473.37,113161.5,83666.09
SHP002998,CUST000367,Singapore Port,Los Angeles Port,2024-11-18,2022-01-17,Delayed,Electronics,180.23,47.67,173433.28,70309.93
SHP002999,CUST002991,Rotterdam Port,Rotterdam Port,2022-02-19,2024-09-16,Delayed,Food,66.13,184.87,96890.37,64113.9
SHP003000,CUST000107,Dubai Port,Lagos Port,2023-11-08,2022-10-05,Delayed,Oil,53.28,433.2,195672.14,44882.21
