vessel_id,vessel_name,capacity_teu,fuel_consumption_tpd,current_route,status
VSL000001,Oceanic Titan,13163,66.24,RTE000791,Active
VSL000002,Evergreen,9791,171.5,RTE001872,Docked
VSL000003,Atlantic Carrier,14220,280.48,RTE002368,Active
VSL000004,Evergreen,12873,279.39,RTE000985,Maintenance
VSL000005,Evergreen,9721,107.09,RTE001102,Active
VSL000006,Evergreen,17703,286.74,RTE002796,Maintenance
VSL000007,Oceanic Titan,3752,105.11,RTE002250,Active
VSL000008,Atlantic Carrier,17333,168.38,RTE002750,Maintenance
VSL000009,Atlantic Carrier,10605,92.45,RTE001905,Maintenance
VSL000010,MSC Aurora,6803,291.38,RTE002038,Docked
VSL000011,Maersk Horizon,19125,112.86,RTE002301,Maintenance
VSL000012,Evergreen,13403,206.88,RTE001127,Maintenance
VSL000013,Atlantic Carrier,19681,93.89,RTE002702,Active
VSL000014,Atlantic Carrier,15073,222.58,RTE000648,Maintenance
VSL000015,MSC Aurora,4789,279.61,RTE002140,Active
VSL000016,MSC Aurora,1334,159.65,RTE000405,Docked
VSL000017,Atlantic Carrier,8126,112.52,RTE000333,Docked
VSL000018,Evergreen,7333,92.8,RTE002857,Active
VSL000019,MSC Aurora,8362,293.89,RTE002626,Maintenance
VSL000020,MSC Aurora,1228,298.45,RTE000562,Docked
VSL000021,Evergreen,6212,188.2,RTE002785,Maintenance
VSL000022,Oceanic Titan,3067,275.33,RTE002741,Maintenance
VSL000023,Oceanic Titan,3576,50.22,RTE001903,Active
VSL000024,Evergreen,8708,172.0,RTE000936,Maintenance
VSL000025,MSC Aurora,16205,269.94,RTE000429,Active
VSL000026,Evergreen,10978,205.6,RTE002750,Active
VSL000027,Oceanic Titan,3688,100.06,RTE002721,Active
VSL000028,MSC Aurora,7731,174.1,RTE000587,Active
VSL000029,MSC Aurora,18821,173.08,RTE000450,Docked
VSL000030,Oceanic Titan,1354,120.68,RTE002540,Maintenance
VSL000031,Evergreen,8924,212.32,RTE002669,Active
VSL000032,MSC Aurora,19811,119.81,RTE001966,Maintenance
VSL000033,Atlantic Carrier,13007,299.23,RTE002111,Maintenance
VSL000034,Evergreen,19979,288.71,RTE001115,Active
VSL000035,Oceanic Titan,8904,231.69,RTE001290,Docked
VSL000036,Maersk Horizon,7037,209.56,RTE001543,Maintenance
VSL000037,Atlantic Carrier,7876,206.1,RTE000142,Maintenance
VSL000038,Atlantic Carrier,9603,107.07,RTE002450,Active
VSL000039,MSC Aurora,14749,280.15,RTE000381,Active
VSL000040,MSC Aurora,3496,109.85,RTE000960,Docked
VSL000041,Atlantic Carrier,15008,110.41,RTE002909,Active
VSL000042,MSC Aurora,9070,293.7,RTE002268,Docked
VSL000043,Evergreen,14831,284.35,RTE001430,Active
VSL000044,Atlantic Carrier,6850,241.98,RTE002601,Maintenance
VSL000045,Atlantic Carrier,14837,78.98,RTE001077,Docked
VSL000046,Atlantic Carrier,15978,284.26,RTE002721,Docked
VSL000047,MSC Aurora,6428,56.4,RTE002827,Maintenance
VSL000048,Atlantic Carrier,17413,165.64,RTE002327,Active
VSL000049,MSC Aurora,17644,211.48,RTE000982,Docked
VSL000050,Evergreen,5173,242.9,RTE001637,Active
VSL000051,MSC Aurora,13628,52.99,RTE002875,Active
VSL000052,MSC Aurora,2275,149.4,RTE001775,Maintenance
VSL000053,Atlantic Carrier,12602,237.37,RTE000697,Docked
VSL000054,MSC Aurora,11960,60.48,RTE002540,Docked
VSL000055,Oceanic Titan,9641,159.83,RTE001199,Docked
VSL000056,Oceanic Titan,16574,216.97,RTE001752,Maintenance
VSL000057,Atlantic Carrier,3113,194.2,RTE001150,Maintenance
VSL000058,MSC Aurora,11650,246.49,RTE001158,Docked
VSL000059,Atlantic Carrier,7766,224.32,RTE001196,Docked
VSL000060,Atlantic Carrier,12905,261.19,RTE000108,Maintenance
VSL000061,Maersk Horizon,13299,206.49,RTE001647,Maintenance
VSL000062,Evergreen,7372,234.64,RTE001758,Docked
VSL000063,Evergreen,4163,292.45,RTE000725,Docked
VSL000064,Maersk Horizon,4871,166.55,RTE001851,Docked
VSL000065,Oceanic Titan,14355,287.56,RTE000169,Docked
VSL000066,Atlantic Carrier,2512,71.6,RTE000121,Docked
VSL000067,Atlantic Carrier,2277,229.3,RTE002772,Active
VSL000068,Oceanic Titan,6615,205.4,RTE000896,Maintenance
VSL000069,Atlantic Carrier,18345,175.08,RTE001252,Docked
VSL000070,Atlantic Carrier,15831,68.42,RTE000177,Active
VSL000071,Atlantic Carrier,7528,113.59,RTE001341,Docked
VSL000072,Atlantic Carrier,5256,257.63,RTE002941,Maintenance
VSL000073,MSC Aurora,5714,113.75,RTE000284,Docked
VSL000074,MSC Aurora,3121,89.89,RTE000681,Docked
VSL000075,Atlantic Carrier,4590,79.83,RTE002285,Docked
VSL000076,Atlantic Carrier,7301,178.16,RTE002019,Maintenance
VSL000077,Oceanic Titan,14442,95.78,RTE001782,Maintenance
VSL000078,Maersk Horizon,5002,89.5,RTE000141,Maintenance
VSL000079,Oceanic Titan,7329,88.64,RTE001123,Docked
VSL000080,Evergreen,14791,117.4,RTE000501,Active
VSL000081,MSC Aurora,16528,127.98,RTE001303,Maintenance
VSL000082,Evergreen,9877,62.16,RTE001422,Active
VSL000083,MSC Aurora,8851,117.25,RTE000957,Maintenance
VSL000084,Atlantic Carrier,10238,122.61,RTE001075,Docked
VSL000085,MSC Aurora,12409,94.16,RTE002983,Maintenance
VSL000086,Evergreen,4016,260.97,RTE001813,Active
VSL000087,Atlantic Carrier,1887,248.46,RTE000607,Active
VSL000088,Oceanic Titan,9326,156.37,RTE002172,Docked
VSL000089,Oceanic Titan,4047,91.08,RTE000242,Docked
VSL000090,Maersk Horizon,5212,262.59,RTE000390,Active
VSL000091,Maersk Horizon,14085,140.92,RTE002132,Docked
VSL000092,Oceanic Titan,9833,58.3,RTE002954,Active
VSL000093,MSC Aurora,19754,238.53,RTE001417,Docked
VSL000094,Maersk Horizon,11869,202.34,RTE000215,Maintenance
VSL000095,Maersk Horizon,9271,199.3,RTE000496,Docked
VSL000096,Atlantic Carrier,9352,181.98,RTE002792,Maintenance
VSL000097,Atlantic Carrier,6898,150.82,RTE001111,Maintenance
VSL000098,Maersk Horizon,19687,122.0,RTE000064,Docked
VSL000099,Evergreen,16531,227.7,RTE000778,Maintenance
VSL000100,Evergreen,15118,210.49,RTE002922,Maintenance
VSL000101,Atlantic Carrier,17558,270.41,RTE002141,Active
VSL000102,Atlantic Carrier,2516,250.58,RTE001735,Maintenance
VSL000103,Atlantic Carrier,2161,128.7,RTE000523,Active
VSL000104,Oceanic Titan,19524,163.07,RTE002496,Docked
VSL000105,Maersk Horizon,2587,264.41,RTE002494,Docked
VSL000106,Atlantic Carrier,6985,151.94,RTE002471,Active
VSL000107,Maersk Horizon,14189,252.82,RTE000869,Docked
VSL000108,Atlantic Carrier,19692,247.65,RTE001951,Docked
VSL000109,Evergreen,3717,174.1,RTE001079,Docked
VSL000110,Atlantic Carrier,3507,125.04,RTE000778,Docked
VSL000111,Atlantic Carrier,13250,222.1,RTE002668,Docked
VSL000112,Oceanic Titan,1806,204.56,RTE002525,Active
VSL000113,Evergreen,8192,106.53,RTE002871,Maintenance
VSL000114,Evergreen,11360,73.68,RTE001035,Active
VSL000115,Evergreen,10378,262.82,RTE001162,Maintenance
VSL000116,Maersk Horizon,8313,216.84,RTE002742,Active
VSL000117,Oceanic Titan,7892,183.24,RTE000406,Maintenance
VSL000118,MSC Aurora,1866,255.5,RTE000070,Maintenance
VSL000119,MSC Aurora,16960,185.48,RTE001271,Docked
VSL000120,MSC Aurora,9803,186.56,RTE002278,Active
VSL000121,Evergreen,11763,189.35,RTE001723,Docked
VSL000122,Oceanic Titan,3718,76.93,RTE000649,Docked
VSL000123,Evergreen,3698,79.82,RTE000730,Active
VSL000124,Evergreen,3770,208.35,RTE000303,Maintenance
VSL000125,MSC Aurora,6709,246.97,RTE001528,Maintenance
VSL000126,Maersk Horizon,18131,269.05,RTE002310,Docked
VSL000127,MSC Aurora,11778,260.65,RTE000353,Maintenance
VSL000128,Oceanic Titan,12817,258.92,RTE002337,Docked
VSL000129,Evergreen,19954,93.74,RTE000165,Docked
VSL000130,Maersk Horizon,17098,294.18,RTE002073,Maintenance
VSL000131,Evergreen,2596,228.78,RTE000636,Maintenance
VSL000132,Maersk Horizon,18086,268.26,RTE000849,Maintenance
VSL000133,Evergreen,16610,273.23,RTE002812,Maintenance
VSL000134,Evergreen,13852,121.13,RTE000689,Active
VSL000135,MSC Aurora,5944,231.88,RTE000910,Active
VSL000136,Evergreen,15541,121.33,RTE001577,Active
VSL000137,Atlantic Carrier,9969,129.1,RTE000911,Maintenance
VSL000138,Oceanic Titan,5880,230.22,RTE000822,Maintenance
VSL000139,Evergreen,10956,299.68,RTE001997,Maintenance
VSL000140,Oceanic Titan,15791,76.93,RTE000821,Docked
VSL000141,MSC Aurora,14838,218.48,RTE002438,Docked
VSL000142,Evergreen,16532,98.97,RTE001817,Active
VSL000143,Atlantic Carrier,17021,70.47,RTE001598,Docked
VSL000144,Evergreen,7107,248.33,RTE000648,Maintenance
VSL000145,Maersk Horizon,3404,207.8,RTE002574,Docked
VSL000146,MSC Aurora,17132,124.47,RTE001808,Docked
VSL000147,Atlantic Carrier,14517,183.76,RTE000897,Docked
VSL000148,Maersk Horizon,15025,250.74,RTE001293,Active
VSL000149,MSC Aurora,1251,287.56,RTE002185,Maintenance
VSL000150,Maersk Horizon,1689,206.2,RTE000161,Docked
VSL000151,Evergreen,1313,256.7,RTE001691,Docked
VSL000152,Maersk Horizon,9891,183.21,RTE002831,Maintenance
VSL000153,Atlantic Carrier,16866,176.77,RTE000172,Active
VSL000154,Maersk Horizon,15341,266.56,RTE000405,Docked
VSL000155,MSC Aurora,17188,267.09,RTE000067,Maintenance
VSL000156,Oceanic Titan,18707,67.42,RTE002504,Active
VSL000157,MSC Aurora,12674,140.21,RTE000489,Maintenance
VSL000158,Maersk Horizon,4888,221.08,RTE002689,Maintenance
VSL000159,Oceanic Titan,6000,155.03,RTE001732,Active
VSL000160,Maersk Horizon,4582,174.64,RTE001752,Maintenance
VSL000161,Maersk Horizon,19908,139.43,RTE001448,Active
VSL000162,Evergreen,6120,110.39,RTE002627,Docked
VSL000163,Atlantic Carrier,1015,236.47,RTE001019,Maintenance
VSL000164,Maersk Horizon,3670,250.94,RTE002952,Docked
VSL000165,Atlantic Carrier,6101,183.63,RTE001229,Maintenance
VSL000166,Maersk Horizon,16559,124.99,RTE002876,Maintenance
VSL000167,MSC Aurora,18049,64.64,RTE001351,Active
VSL000168,Evergreen,14498,140.34,RTE002989,Maintenance
VSL000169,Evergreen,18852,197.27,RTE002394,Active
VSL000170,Maersk Horizon,18292,111.14,RTE000518,Maintenance
VSL000171,Oceanic Titan,5644,117.05,RTE002063,Docked
VSL000172,Atlantic Carrier,9478,52.87,RTE001516,Maintenance
VSL000173,Maersk Horizon,7868,70.06,RTE000290,Docked
VSL000174,Evergreen,2692,69.42,RTE001392,Docked
VSL000175,MSC Aurora,2596,104.18,RTE001543,Docked
VSL000176,MSC Aurora,14245,131.94,RTE000951,Docked
VSL000177,MSC Aurora,19268,100.17,RTE001163,Active
VSL000178,MSC Aurora,12572,142.24,RTE002014,Maintenance
VSL000179,Evergreen,7090,274.63,RTE000238,Active
VSL000180,Evergreen,18221,57.84,RTE001673,Docked
VSL000181,MSC Aurora,4502,177.22,RTE002602,Docked
VSL000182,Evergreen,14448,144.54,RTE001297,Active
VSL000183,Maersk Horizon,12975,77.83,RTE002027,Active
VSL000184,MSC Aurora,5231,112.12,RTE002019,Docked
VSL000185,Atlantic Carrier,4696,260.9,RTE000070,Maintenance
VSL000186,Evergreen,8309,200.92,RTE000313,Maintenance
VSL000187,Atlantic Carrier,12204,128.79,RTE002751,Docked
VSL000188,MSC Aurora,11933,100.63,RTE002601,Active
VSL000189,Evergreen,2220,273.01,RTE000894,Maintenance
VSL000190,Oceanic Titan,19293,57.26,RTE002929,Docked
VSL000191,MSC Aurora,7454,67.03,RTE001558,Active
VSL000192,MSC Aurora,10959,236.93,RTE001642,Active
VSL000193,Evergreen,15115,272.47,RTE000186,Docked
VSL000194,MSC Aurora,13960,255.08,RTE000345,Active
VSL000195,Evergreen,10832,168.63,RTE002465,Active
VSL000196,Maersk Horizon,6082,184.62,RTE002603,Active
VSL000197,Evergreen,17334,144.92,RTE001962,Active
VSL000198,Atlantic Carrier,18765,248.02,RTE000674,Maintenance
VSL000199,MSC Aurora,13750,114.77,RTE000984,Active
VSL000200,Oceanic Titan,9140,231.78,RTE002490,Maintenance
VSL000201,MSC Aurora,18206,189.23,RTE001472,Maintenance
VSL000202,Maersk Horizon,11825,84.94,RTE001120,Active
VSL000203,Maersk Horizon,8875,283.95,RTE001116,Maintenance
VSL000204,Evergreen,18823,117.86,RTE000441,Active
VSL000205,Evergreen,9866,240.41,RTE002986,Active
VSL000206,Evergreen,18603,73.89,RTE000582,Maintenance
VSL000207,Atlantic Carrier,10925,288.83,RTE001072,Active
VSL000208,MSC Aurora,14204,244.81,RTE000396,Maintenance
VSL000209,Oceanic Titan,10262,229.36,RTE002514,Maintenance
VSL000210,Maersk Horizon,1483,236.88,RTE002597,Active
VSL000211,Atlantic Carrier,5506,276.38,RTE001692,Docked
VSL000212,Atlantic Carrier,14798,255.97,RTE001893,Active
VSL000213,Maersk Horizon,6629,210.42,RTE001330,Docked
VSL000214,MSC Aurora,13678,92.63,RTE002732,Docked
VSL000215,Oceanic Titan,5699,253.87,RTE002559,Docked
VSL000216,Evergreen,2812,225.03,RTE000059,Active
VSL000217,Oceanic Titan,5630,294.36,RTE001284,Maintenance
VSL000218,Maersk Horizon,11226,103.82,RTE002044,Docked
VSL000219,Oceanic Titan,1702,274.69,RTE001869,Active
VSL000220,Maersk Horizon,9798,152.89,RTE000945,Active
VSL000221,Atlantic Carrier,6174,60.45,RTE001008,Active
VSL000222,MSC Aurora,18192,86.06,RTE002098,Active
VSL000223,Oceanic Titan,8167,138.31,RTE002177,Maintenance
VSL000224,Evergreen,16124,241.53,RTE000098,Active
VSL000225,Evergreen,16784,293.21,RTE000316,Docked
VSL000226,MSC Aurora,18464,177.44,RTE001497,Docked
VSL000227,Evergreen,8793,210.46,RTE001155,Docked
VSL000228,Maersk Horizon,13604,161.09,RTE000704,Active
VSL000229,Oceanic Titan,18195,178.4,RTE000789,Maintenance
VSL000230,Oceanic Titan,16847,262.95,RTE002471,Active
VSL000231,Oceanic Titan,3414,124.66,RTE000631,Maintenance
VSL000232,Evergreen,10976,281.68,RTE002727,Maintenance
VSL000233,Oceanic Titan,6232,93.3,RTE001409,Maintenance
VSL000234,Atlantic Carrier,16330,201.87,RTE000754,Docked
VSL000235,MSC Aurora,16528,136.8,RTE000907,Maintenance
VSL000236,Atlantic Carrier,5520,197.3,RTE002163,Active
VSL000237,Atlantic Carrier,14014,276.35,RTE001888,Docked
VSL000238,Oceanic Titan,4575,286.56,RTE001608,Docked
VSL000239,Oceanic Titan,14685,181.48,RTE000672,Maintenance
VSL000240,MSC Aurora,13520,112.84,RTE001514,Active
VSL000241,Maersk Horizon,17693,246.17,RTE000010,Active
VSL000242,Evergreen,14757,60.02,RTE000590,Docked
VSL000243,Oceanic Titan,19609,151.22,RTE001767,Maintenance
VSL000244,Evergreen,19244,70.3,RTE000984,Docked
VSL000245,Atlantic Carrier,16754,173.8,RTE002671,Docked
VSL000246,MSC Aurora,5694,260.81,RTE001070,Active
VSL000247,Maersk Horizon,11946,76.08,RTE001591,Active
VSL000248,MSC Aurora,1950,281.83,RTE000776,Docked
VSL000249,Maersk Horizon,3087,268.8,RTE001754,Active
VSL000250,Oceanic Titan,19793,292.94,RTE000441,Active
VSL000251,Atlantic Carrier,15590,220.95,RTE002827,Maintenance
VSL000252,Atlantic Carrier,6015,232.12,RTE000685,Active
VSL000253,MSC Aurora,19555,102.04,RTE000684,Active
VSL000254,Evergreen,11703,230.95,RTE001898,Active
VSL000255,Oceanic Titan,14029,99.53,RTE001719,Active
VSL000256,Oceanic Titan,9625,141.08,RTE002251,Active
VSL000257,Atlantic Carrier,12991,273.03,RTE002585,Maintenance
VSL000258,Oceanic Titan,13201,288.88,RTE000089,Maintenance
VSL000259,Atlantic Carrier,6077,145.04,RTE002140,Active
VSL000260,MSC Aurora,6167,210.38,RTE000711,Docked
VSL000261,Atlantic Carrier,8118,80.46,RTE002721,Docked
VSL000262,Maersk Horizon,5059,210.76,RTE002285,Docked
VSL000263,Atlantic Carrier,11237,139.55,RTE002438,Active
VSL000264,Evergreen,7171,214.01,RTE002403,Active
VSL000265,MSC Aurora,7529,168.05,RTE000594,Docked
VSL000266,Evergreen,7580,82.42,RTE002864,Active
VSL000267,Maersk Horizon,5881,122.69,RTE000895,Docked
VSL000268,MSC Aurora,8412,149.79,RTE002156,Maintenance
VSL000269,MSC Aurora,6994,255.17,RTE002058,Docked
VSL000270,Maersk Horizon,7838,269.27,RTE000040,Maintenance
VSL000271,Maersk Horizon,1123,218.04,RTE002304,Maintenance
VSL000272,Oceanic Titan,15110,207.84,RTE002385,Docked
VSL000273,Evergreen,1176,98.7,RTE001263,Docked
VSL000274,Oceanic Titan,2645,262.18,RTE000969,Maintenance
VSL000275,Atlantic Carrier,14486,289.76,RTE001496,Maintenance
VSL000276,Atlantic Carrier,11955,150.1,RTE001368,Docked
VSL000277,Maersk Horizon,5592,291.76,RTE001041,Active
VSL000278,Atlantic Carrier,12486,231.33,RTE002855,Maintenance
VSL000279,Evergreen,10478,188.65,RTE000765,Maintenance
VSL000280,Evergreen,15459,243.16,RTE001138,Maintenance
VSL000281,Evergreen,14018,81.1,RTE000527,Maintenance
VSL000282,Evergreen,10779,104.61,RTE000783,Docked
VSL000283,MSC Aurora,12579,281.33,RTE002520,Docked
VSL000284,Maersk Horizon,14369,136.49,RTE002844,Docked
VSL000285,Atlantic Carrier,13786,271.98,RTE001780,Active
VSL000286,Maersk Horizon,13348,66.23,RTE000025,Active
VSL000287,Evergreen,14730,241.58,RTE000174,Active
VSL000288,Atlantic Carrier,9239,76.27,RTE000524,Maintenance
VSL000289,Maersk Horizon,3909,50.9,RTE000841,Docked
VSL000290,Atlantic Carrier,15179,293.42,RTE001517,Active
VSL000291,Atlantic Carrier,18332,64.23,RTE001216,Docked
VSL000292,Oceanic Titan,13817,152.92,RTE000247,Maintenance
VSL000293,Atlantic Carrier,4733,210.02,RTE000921,Maintenance
VSL000294,Evergreen,4715,258.41,RTE000587,Active
VSL000295,MSC Aurora,14523,200.64,RTE001194,Docked
VSL000296,Evergreen,3612,83.61,RTE001478,Active
VSL000297,MSC Aurora,11101,118.87,RTE000748,Maintenance
VSL000298,Atlantic Carrier,11419,238.28,RTE001768,Active
VSL000299,Maersk Horizon,2329,297.73,RTE001263,Maintenance
VSL000300,Atlantic Carrier,1598,234.73,RTE002413,Active
VSL000301,MSC Aurora,17235,122.54,RTE001148,Maintenance
VSL000302,MSC Aurora,3356,166.89,RTE000980,Active
VSL000303,Atlantic Carrier,8814,176.39,RTE000066,Docked
VSL000304,Maersk Horizon,2213,193.34,RTE002043,Active
VSL000305,Evergreen,2152,58.71,RTE001061,Maintenance
VSL000306,Atlantic Carrier,7324,158.26,RTE001416,Maintenance
VSL000307,Maersk Horizon,10110,299.09,RTE000145,Maintenance
VSL000308,Evergreen,2892,108.25,RTE001655,Maintenance
VSL000309,Evergreen,18857,273.11,RTE002490,Active
VSL000310,Maersk Horizon,5370,147.75,RTE001781,Maintenance
VSL000311,Oceanic Titan,5943,286.96,RTE002459,Docked
VSL000312,MSC Aurora,1146,176.63,RTE002259,Active
VSL000313,Maersk Horizon,6536,176.85,RTE000036,Maintenance
VSL000314,Oceanic Titan,18800,72.78,RTE001269,Active
VSL000315,MSC Aurora,19303,299.89,RTE002298,Maintenance
VSL000316,Atlantic Carrier,15845,216.47,RTE001544,Docked
VSL000317,Evergreen,18297,52.71,RTE001031,Active
VSL000318,Atlantic Carrier,3735,269.64,RTE001667,Maintenance
VSL000319,Evergreen,1995,137.39,RTE002294,Maintenance
VSL000320,MSC Aurora,8192,121.2,RTE002257,Active
VSL000321,Oceanic Titan,5000,54.39,RTE000965,Maintenance
VSL000322,MSC Aurora,7004,175.06,RTE002990,Maintenance
VSL000323,Maersk Horizon,17120,104.66,RTE002015,Maintenance
VSL000324,Atlantic Carrier,6340,179.58,RTE000182,Maintenance
VSL000325,Oceanic Titan,7045,204.65,RTE001028,Maintenance
VSL000326,Atlantic Carrier,6043,181.65,RTE000495,Docked
VSL000327,Maersk Horizon,9539,285.18,RTE001515,Maintenance
VSL000328,Maersk Horizon,9126,121.31,RTE000313,Maintenance
VSL000329,MSC Aurora,13259,295.29,RTE001730,Docked
VSL000330,Evergreen,3757,50.83,RTE002468,Maintenance
VSL000331,Evergreen,10005,174.58,RTE000064,Docked
VSL000332,Evergreen,13133,130.47,RTE001345,Docked
VSL000333,Maersk Horizon,6938,51.78,RTE001732,Active
VSL000334,Oceanic Titan,17967,152.28,RTE002043,Active
VSL000335,Atlantic Carrier,9160,104.41,RTE000510,Docked
VSL000336,Atlantic Carrier,2055,267.44,RTE001755,Maintenance
VSL000337,MSC Aurora,18838,163.71,RTE001228,Maintenance
VSL000338,MSC Aurora,16175,185.12,RTE001687,Docked
VSL000339,Maersk Horizon,7695,156.9,RTE002143,Docked
VSL000340,Maersk Horizon,19938,140.77,RTE000262,Docked
VSL000341,Maersk Horizon,6007,198.4,RTE002909,Active
VSL000342,Evergreen,10182,208.86,RTE002041,Maintenance
VSL000343,Atlantic Carrier,19105,189.36,RTE002763,Docked
VSL000344,Evergreen,7015,119.58,RTE002718,Docked
VSL000345,MSC Aurora,1948,183.25,RTE000728,Docked
VSL000346,Maersk Horizon,13986,206.59,RTE000998,Docked
VSL000347,Oceanic Titan,14039,145.31,RTE000544,Docked
VSL000348,Maersk Horizon,8844,88.03,RTE000174,Active
VSL000349,Evergreen,19913,280.83,RTE001619,Docked
VSL000350,Maersk Horizon,16884,246.59,RTE001232,Maintenance
VSL000351,Maersk Horizon,2262,84.8,RTE001805,Docked
VSL000352,Evergreen,18185,108.63,RTE002739,Docked
VSL000353,Oceanic Titan,18153,139.72,RTE002693,Maintenance
VSL000354,Oceanic Titan,17842,110.09,RTE000430,Active
VSL000355,Atlantic Carrier,3692,111.5,RTE001174,Maintenance
VSL000356,Maersk Horizon,1753,217.03,RTE001638,Docked
VSL000357,Atlantic Carrier,2788,187.22,RTE002306,Active
VSL000358,MSC Aurora,16681,91.14,RTE000572,Docked
VSL000359,Maersk Horizon,16439,152.78,RTE001760,Maintenance
VSL000360,MSC Aurora,19403,286.16,RTE002041,Active
VSL000361,Oceanic Titan,9450,290.09,RTE001526,Active
VSL000362,Maersk Horizon,19472,58.62,RTE002290,Active
VSL000363,Evergreen,10352,161.35,RTE002458,Active
VSL000364,MSC Aurora,16060,138.05,RTE000149,Docked
VSL000365,Oceanic Titan,16256,163.62,RTE002874,Active
VSL000366,Atlantic Carrier,13226,89.28,RTE000154,Docked
VSL000367,Maersk Horizon,16172,274.53,RTE002525,Maintenance
VSL000368,MSC Aurora,11930,270.05,RTE000253,Maintenance
VSL000369,Oceanic Titan,11676,95.96,RTE001914,Maintenance
VSL000370,Atlantic Carrier,19117,182.71,RTE002650,Active
VSL000371,Oceanic Titan,19626,195.68,RTE001487,Docked
VSL000372,Evergreen,14583,167.94,RTE002162,Active
VSL000373,MSC Aurora,8955,153.29,RTE002691,Maintenance
VSL000374,Maersk Horizon,1830,296.02,RTE000555,Active
VSL000375,Atlantic Carrier,7268,251.7,RTE001144,Active
VSL000376,Evergreen,2544,70.44,RTE001859,Docked
VSL000377,MSC Aurora,14849,186.18,RTE001807,Maintenance
VSL000378,Evergreen,13193,154.39,RTE002679,Maintenance
VSL000379,Maersk Horizon,4709,165.5,RTE002208,Maintenance
VSL000380,Atlantic Carrier,9073,130.61,RTE000769,Maintenance
VSL000381,MSC Aurora,3960,177.38,RTE002335,Active
VSL000382,Atlantic Carrier,6256,166.88,RTE000874,Active
VSL000383,Oceanic Titan,6391,297.15,RTE001576,Docked
VSL000384,Evergreen,6322,115.32,RTE001010,Docked
VSL000385,Oceanic Titan,10277,55.62,RTE001167,Docked
VSL000386,Atlantic Carrier,8463,90.78,RTE000414,Active
VSL000387,Atlantic Carrier,1416,257.6,RTE000264,Active
VSL000388,Evergreen,18605,205.98,RTE000984,Maintenance
VSL000389,Maersk Horizon,4445,274.69,RTE000775,Maintenance
VSL000390,Oceanic Titan,19174,228.26,RTE000428,Docked
VSL000391,Atlantic Carrier,1850,279.8,RTE002750,Maintenance
VSL000392,Maersk Horizon,12826,141.2,RTE001719,Active
VSL000393,Oceanic Titan,11953,191.22,RTE000914,Maintenance
VSL000394,MSC Aurora,7607,98.69,RTE001383,Maintenance
VSL000395,MSC Aurora,2047,196.76,RTE001214,Maintenance
VSL000396,Atlantic Carrier,9240,148.64,RTE000525,Active
VSL000397,Oceanic Titan,19199,85.4,RTE000575,Active
VSL000398,MSC Aurora,10902,236.09,RTE002775,Maintenance
VSL000399,Atlantic Carrier,10401,78.64,RTE002103,Docked
VSL000400,MSC Aurora,4885,88.23,RTE002778,Active
VSL000401,Evergreen,18268,181.82,RTE001512,Maintenance
VSL000402,Oceanic Titan,15163,186.06,RTE002674,Docked
VSL000403,Maersk Horizon,16013,245.83,RTE002347,Maintenance
VSL000404,Oceanic Titan,9075,237.94,RTE000982,Maintenance
VSL000405,Oceanic Titan,1800,193.73,RTE001474,Active
VSL000406,Oceanic Titan,17874,263.47,RTE000552,Maintenance
VSL000407,Evergreen,13494,89.45,RTE002806,Docked
VSL000408,MSC Aurora,19223,294.8,RTE000933,Maintenance
VSL000409,Maersk Horizon,14288,82.86,RTE000377,Docked
VSL000410,Atlantic Carrier,9501,114.05,RTE002636,Maintenance
VSL000411,Evergreen,8264,50.95,RTE001843,Docked
VSL000412,Evergreen,2156,257.36,RTE002580,Docked
VSL000413,MSC Aurora,12646,201.08,RTE002769,Docked
VSL000414,Atlantic Carrier,11033,203.18,RTE001504,Maintenance
VSL000415,Evergreen,5642,265.88,RTE001796,Docked
VSL000416,MSC Aurora,14371,55.2,RTE002392,Active
VSL000417,Maersk Horizon,8264,206.42,RTE000706,Active
VSL000418,Atlantic Carrier,8337,206.57,RTE001096,Maintenance
VSL000419,Oceanic Titan,15924,178.43,RTE000352,Maintenance
VSL000420,Atlantic Carrier,15017,267.3,RTE000105,Maintenance
VSL000421,Maersk Horizon,11255,211.33,RTE001957,Active
VSL000422,MSC Aurora,7237,176.5,RTE002971,Active
VSL000423,Evergreen,8511,64.79,RTE002802,Docked
VSL000424,Atlantic Carrier,3232,108.64,RTE001355,Maintenance
VSL000425,Atlantic Carrier,18293,219.02,RTE002471,Active
VSL000426,Atlantic Carrier,19737,254.54,RTE002140,Maintenance
VSL000427,Evergreen,11881,130.35,RTE001354,Maintenance
VSL000428,Evergreen,9558,79.14,RTE000720,Maintenance
VSL000429,Atlantic Carrier,11048,186.65,RTE002352,Active
VSL000430,Evergreen,8921,110.87,RTE002198,Docked
VSL000431,Evergreen,5860,64.41,RTE002476,Active
VSL000432,Atlantic Carrier,11773,121.43,RTE001032,Active
VSL000433,Oceanic Titan,4954,179.04,RTE000506,Maintenance
VSL000434,Oceanic Titan,11708,217.95,RTE000087,Maintenance
VSL000435,Oceanic Titan,15768,264.64,RTE000361,Docked
VSL000436,Maersk Horizon,10956,119.41,RTE001679,Active
VSL000437,MSC Aurora,10603,126.89,RTE001553,Maintenance
VSL000438,Oceanic Titan,10486,219.86,RTE002772,Active
VSL000439,Oceanic Titan,16650,156.7,RTE002431,Maintenance
VSL000440,Oceanic Titan,19117,185.92,RTE000492,Active
VSL000441,Maersk Horizon,13106,207.82,RTE002575,Active
VSL000442,Evergreen,1698,273.74,RTE000977,Docked
VSL000443,Atlantic Carrier,15541,235.36,RTE000265,Docked
VSL000444,Maersk Horizon,10129,122.12,RTE000129,Maintenance
VSL000445,Atlantic Carrier,4757,281.28,RTE000985,Docked
VSL000446,Oceanic Titan,3702,293.9,RTE001455,Active
VSL000447,Oceanic Titan,13602,158.97,RTE000155,Active
VSL000448,Evergreen,18434,163.36,RTE002087,Maintenance
VSL000449,Oceanic Titan,15746,127.86,RTE002185,Active
VSL000450,Atlantic Carrier,11953,56.95,RTE001671,Active
VSL000451,Evergreen,11392,51.03,RTE001187,Active
VSL000452,MSC Aurora,1132,70.97,RTE002397,Active
VSL000453,MSC Aurora,17155,163.18,RTE001337,Active
VSL000454,Maersk Horizon,14099,58.97,RTE001112,Active
VSL000455,Maersk Horizon,13117,94.11,RTE000814,Active
VSL000456,Atlantic Carrier,3900,189.32,RTE000074,Maintenance
VSL000457,Oceanic Titan,10873,162.16,RTE000106,Docked
VSL000458,Atlantic Carrier,13537,252.59,RTE001046,Maintenance
VSL000459,Evergreen,4986,173.43,RTE002380,Active
VSL000460,Evergreen,14453,185.21,RTE001096,Docked
VSL000461,Atlantic Carrier,3750,237.94,RTE001034,Maintenance
VSL000462,Oceanic Titan,3140,117.98,RTE002052,Active
VSL000463,Oceanic Titan,6930,131.45,RTE002705,Active
VSL000464,MSC Aurora,1956,285.58,RTE002061,Docked
VSL000465,MSC Aurora,14384,121.93,RTE000302,Docked
VSL000466,Maersk Horizon,6890,80.92,RTE000041,Docked
VSL000467,Evergreen,18978,231.3,RTE002037,Docked
VSL000468,Atlantic Carrier,2364,81.73,RTE000773,Maintenance
VSL000469,Evergreen,1251,89.81,RTE001244,Docked
VSL000470,Maersk Horizon,18925,249.0,RTE001245,Maintenance
VSL000471,Atlantic Carrier,10554,261.84,RTE000763,Docked
VSL000472,Atlantic Carrier,4407,230.8,RTE001135,Docked
VSL000473,MSC Aurora,9870,286.6,RTE000835,Maintenance
VSL000474,Atlantic Carrier,5673,237.44,RTE000367,Docked
VSL000475,MSC Aurora,9169,245.85,RTE002582,Docked
VSL000476,Atlantic Carrier,7243,237.19,RTE002489,Maintenance
VSL000477,Evergreen,9206,163.14,RTE000411,Active
VSL000478,MSC Aurora,2874,250.43,RTE002261,Docked
VSL000479,Atlantic Carrier,12873,183.8,RTE002002,Docked
VSL000480,MSC Aurora,13739,242.92,RTE002683,Docked
VSL000481,Atlantic Carrier,4614,124.3,RTE000430,Active
VSL000482,Maersk Horizon,3102,134.31,RTE002306,Docked
VSL000483,Oceanic Titan,5614,141.77,RTE000907,Maintenance
VSL000484,Oceanic Titan,3404,93.86,RTE000121,Maintenance
VSL000485,MSC Aurora,15976,136.87,RTE002935,Maintenance
VSL000486,MSC Aurora,1501,62.34,RTE000220,Maintenance
VSL000487,MSC Aurora,4918,207.67,RTE002205,Docked
VSL000488,Maersk Horizon,2447,180.36,RTE001104,Maintenance
VSL000489,Evergreen,9751,91.45,RTE001649,Maintenance
VSL000490,Maersk Horizon,19753,73.65,RTE001993,Active
VSL000491,Maersk Horizon,1636,126.34,RTE002928,Docked
VSL000492,Atlantic Carrier,2359,239.07,RTE000302,Maintenance
VSL000493,Maersk Horizon,13714,111.05,RTE001547,Active
VSL000494,Maersk Horizon,13262,81.67,RTE001987,Docked
VSL000495,Atlantic Carrier,15219,192.52,RTE001250,Docked
VSL000496,Maersk Horizon,2382,275.36,RTE001761,Active
VSL000497,Maersk Horizon,4611,294.78,RTE002124,Docked
VSL000498,Oceanic Titan,8666,288.23,RTE000386,Maintenance
VSL000499,MSC Aurora,16050,201.65,RTE002922,Maintenance
VSL000500,Evergreen,4816,245.27,RTE000585,Active
VSL000501,Oceanic Titan,8455,243.81,RTE000645,Docked
VSL000502,Maersk Horizon,17526,121.92,RTE001110,Docked
VSL000503,MSC Aurora,3412,192.27,RTE000926,Active
VSL000504,Atlantic Carrier,6578,215.55,RTE001960,Maintenance
VSL000505,Evergreen,11902,161.67,RTE002025,Docked
VSL000506,Maersk Horizon,12636,221.51,RTE000936,Docked
VSL000507,Evergreen,18243,238.19,RTE001898,Maintenance
VSL000508,Atlantic Carrier,1599,157.67,RTE001421,Active
VSL000509,Atlantic Carrier,9849,298.94,RTE001077,Active
VSL000510,Oceanic Titan,12827,86.24,RTE000656,Active
VSL000511,Evergreen,15489,82.61,RTE001305,Active
VSL000512,Atlantic Carrier,11389,80.92,RTE000052,Maintenance
VSL000513,MSC Aurora,10141,176.72,RTE001280,Docked
VSL000514,Evergreen,11002,243.02,RTE002040,Docked
VSL000515,MSC Aurora,14848,295.0,RTE000923,Active
VSL000516,Evergreen,16212,209.12,RTE002994,Active
VSL000517,Atlantic Carrier,10194,55.77,RTE001094,Maintenance
VSL000518,Evergreen,2670,105.32,RTE002421,Docked
VSL000519,Atlantic Carrier,8348,205.51,RTE002447,Docked
VSL000520,Oceanic Titan,1138,113.37,RTE001225,Docked
VSL000521,Atlantic Carrier,1769,274.64,RTE000135,Maintenance
VSL000522,Maersk Horizon,6873,247.5,RTE002307,Maintenance
VSL000523,Evergreen,2754,281.73,RTE000557,Docked
VSL000524,Evergreen,4373,136.13,RTE000521,Maintenance
VSL000525,Atlantic Carrier,2632,277.51,RTE001435,Active
VSL000526,Maersk Horizon,6035,212.86,RTE000964,Docked
VSL000527,Oceanic Titan,17284,245.55,RTE000648,Active
VSL000528,Atlantic Carrier,11211,182.98,RTE000026,Docked
VSL000529,Evergreen,18581,67.47,RTE001575,Active
VSL000530,Maersk Horizon,14581,107.4,RTE002851,Docked
VSL000531,Atlantic Carrier,1543,50.06,RTE002919,Docked
VSL000532,MSC Aurora,18858,286.77,RTE000983,Active
VSL000533,Oceanic Titan,13751,58.0,RTE002968,Maintenance
VSL000534,MSC Aurora,4882,179.86,RTE002705,Docked
VSL000535,MSC Aurora,12987,296.12,RTE002989,Maintenance
VSL000536,Evergreen,9792,178.32,RTE001719,Active
VSL000537,Oceanic Titan,7816,58.33,RTE002390,Docked
VSL000538,Maersk Horizon,1705,297.25,RTE000715,Active
VSL000539,Oceanic Titan,14785,298.96,RTE000915,Maintenance
VSL000540,Evergreen,6656,153.91,RTE001428,Maintenance
VSL000541,Evergreen,18395,55.63,RTE002086,Maintenance
VSL000542,MSC Aurora,16734,139.83,RTE002671,Docked
VSL000543,MSC Aurora,1393,82.13,RTE000517,Maintenance
VSL000544,MSC Aurora,11577,243.54,RTE001039,Docked
VSL000545,Maersk Horizon,5319,273.54,RTE000249,Active
VSL000546,MSC Aurora,8526,74.3,RTE002806,Docked
VSL000547,Evergreen,1533,187.62,RTE001714,Docked
VSL000548,MSC Aurora,3047,88.78,RTE000615,Maintenance
VSL000549,Oceanic Titan,18172,69.97,RTE002208,Docked
VSL000550,MSC Aurora,1972,205.28,RTE001346,Active
VSL000551,Atlantic Carrier,11597,213.75,RTE002775,Maintenance
VSL000552,MSC Aurora,5090,73.23,RTE000694,Maintenance
VSL000553,Atlantic Carrier,14649,117.74,RTE001844,Active
VSL000554,Evergreen,1433,98.93,RTE000217,Maintenance
VSL000555,Maersk Horizon,5217,261.41,RTE002429,Docked
VSL000556,MSC Aurora,13821,260.56,RTE002904,Active
VSL000557,MSC Aurora,13002,239.31,RTE001946,Maintenance
VSL000558,Maersk Horizon,7488,287.97,RTE002688,Docked
VSL000559,Maersk Horizon,14372,154.22,RTE002709,Active
VSL000560,Evergreen,1193,110.73,RTE001075,Docked
VSL000561,Atlantic Carrier,1502,96.07,RTE000166,Active
VSL000562,Maersk Horizon,3554,51.29,RTE001686,Docked
VSL000563,Atlantic Carrier,13763,165.49,RTE000584,Maintenance
VSL000564,Maersk Horizon,1527,155.3,RTE002652,Docked
VSL000565,Evergreen,4941,177.32,RTE001664,Maintenance
VSL000566,Evergreen,19587,148.85,RTE001672,Active
VSL000567,Maersk Horizon,4879,185.87,RTE002873,Active
VSL000568,MSC Aurora,14760,293.51,RTE002244,Active
VSL000569,Evergreen,14536,266.22,RTE001996,Active
VSL000570,Atlantic Carrier,2064,95.96,RTE001495,Active
VSL000571,Atlantic Carrier,1442,194.04,RTE001347,Active
VSL000572,Oceanic Titan,9171,114.35,RTE000492,Maintenance
VSL000573,Maersk Horizon,2619,69.58,RTE001631,Active
VSL000574,MSC Aurora,18809,283.46,RTE000685,Docked
VSL000575,MSC Aurora,8435,113.97,RTE002597,Maintenance
VSL000576,MSC Aurora,17157,149.67,RTE001720,Active
VSL000577,Evergreen,2647,224.12,RTE002712,Active
VSL000578,Evergreen,12452,152.11,RTE001967,Active
VSL000579,MSC Aurora,2271,178.37,RTE001485,Maintenance
VSL000580,MSC Aurora,8310,225.21,RTE002187,Docked
VSL000581,Atlantic Carrier,7229,153.05,RTE001155,Docked
VSL000582,Atlantic Carrier,11177,186.05,RTE002242,Active
VSL000583,Oceanic Titan,15495,215.64,RTE000373,Docked
VSL000584,Oceanic Titan,10299,273.21,RTE001193,Active
VSL000585,Evergreen,11955,70.52,RTE001933,Maintenance
VSL000586,MSC Aurora,4847,180.9,RTE002120,Docked
VSL000587,Maersk Horizon,1800,164.2,RTE002935,Maintenance
VSL000588,Maersk Horizon,17151,141.51,RTE002156,Maintenance
VSL000589,Maersk Horizon,1893,220.32,RTE000346,Docked
VSL000590,MSC Aurora,14627,239.22,RTE000751,Active
VSL000591,Oceanic Titan,5914,244.35,RTE002659,Maintenance
VSL000592,Oceanic Titan,6512,209.56,RTE001870,Docked
VSL000593,Oceanic Titan,15106,157.14,RTE002205,Maintenance
VSL000594,Oceanic Titan,9494,224.59,RTE002159,Maintenance
VSL000595,Atlantic Carrier,6864,296.09,RTE000524,Active
VSL000596,Oceanic Titan,10615,292.44,RTE001075,Docked
VSL000597,Maersk Horizon,4724,56.46,RTE002755,Active
VSL000598,Atlantic Carrier,5318,85.4,RTE001262,Docked
VSL000599,Oceanic Titan,4652,132.88,RTE002713,Active
VSL000600,Evergreen,11219,112.21,RTE000995,Docked
VSL000601,Maersk Horizon,4385,251.29,RTE000822,Docked
VSL000602,Evergreen,7831,282.64,RTE001104,Maintenance
VSL000603,Oceanic Titan,17032,54.72,RTE002375,Docked
VSL000604,MSC Aurora,13924,238.8,RTE000602,Active
VSL000605,Evergreen,4211,72.04,RTE002150,Maintenance
VSL000606,Maersk Horizon,13798,100.0,RTE002116,Active
VSL000607,Oceanic Titan,8355,243.82,RTE000823,Maintenance
VSL000608,Evergreen,19808,298.9,RTE001960,Docked
VSL000609,Atlantic Carrier,19899,221.1,RTE001513,Maintenance
VSL000610,MSC Aurora,8775,154.81,RTE000640,Active
VSL000611,Atlantic Carrier,11663,252.61,RTE002905,Docked
VSL000612,Oceanic Titan,6586,246.1,RTE000161,Maintenance
VSL000613,MSC Aurora,18645,235.25,RTE001522,Maintenance
VSL000614,Evergreen,10309,106.18,RTE002869,Docked
VSL000615,Oceanic Titan,6592,64.47,RTE002486,Docked
VSL000616,Evergreen,12549,99.25,RTE001670,Maintenance
VSL000617,Evergreen,11544,213.78,RTE002651,Maintenance
VSL000618,MSC Aurora,9328,174.99,RTE001121,Maintenance
VSL000619,Evergreen,14433,133.1,RTE002750,Docked
VSL000620,Oceanic Titan,8193,126.67,RTE000971,Maintenance
VSL000621,Evergreen,16800,171.17,RTE000043,Docked
VSL000622,MSC Aurora,17325,126.62,RTE001785,Maintenance
VSL000623,Atlantic Carrier,11041,249.51,RTE002515,Maintenance
VSL000624,Oceanic Titan,15822,156.22,RTE000863,Docked
VSL000625,Oceanic Titan,9576,198.63,RTE002163,Maintenance
VSL000626,Atlantic Carrier,14649,95.17,RTE002423,Active
VSL000627,Maersk Horizon,19832,89.23,RTE002548,Maintenance
VSL000628,Oceanic Titan,3838,273.2,RTE001601,Maintenance
VSL000629,Maersk Horizon,13407,169.39,RTE000674,Docked
VSL000630,Atlantic Carrier,12809,234.92,RTE002660,Maintenance
VSL000631,Oceanic Titan,5275,249.2,RTE001378,Docked
VSL000632,Maersk Horizon,10692,67.27,RTE000593,Maintenance
VSL000633,MSC Aurora,15039,159.57,RTE002189,Docked
VSL000634,Maersk Horizon,17319,93.88,RTE001178,Docked
VSL000635,Evergreen,16509,106.97,RTE001928,Docked
VSL000636,Evergreen,15833,150.89,RTE002184,Docked
VSL000637,MSC Aurora,11635,234.79,RTE000398,Docked
VSL000638,Evergreen,15671,149.87,RTE001199,Active
VSL000639,Maersk Horizon,5545,54.52,RTE000221,Docked
VSL000640,Oceanic Titan,6369,68.86,RTE000519,Docked
VSL000641,MSC Aurora,2894,86.57,RTE002142,Maintenance
VSL000642,Oceanic Titan,17825,149.37,RTE000560,Docked
VSL000643,Oceanic Titan,12060,205.76,RTE002247,Maintenance
VSL000644,MSC Aurora,10531,124.07,RTE001511,Active
VSL000645,Evergreen,15790,246.15,RTE002869,Maintenance
VSL000646,Atlantic Carrier,5545,109.18,RTE000423,Docked
VSL000647,Atlantic Carrier,14487,143.34,RTE000987,Maintenance
VSL000648,Oceanic Titan,6865,70.2,RTE000418,Docked
VSL000649,MSC Aurora,10890,158.88,RTE002363,Active
VSL000650,Evergreen,1288,98.15,RTE000054,Maintenance
VSL000651,Oceanic Titan,5329,194.09,RTE002273,Active
VSL000652,Oceanic Titan,13463,247.2,RTE000425,Maintenance
VSL000653,Maersk Horizon,19919,230.47,RTE001010,Docked
VSL000654,MSC Aurora,12745,199.92,RTE001772,Active
VSL000655,Maersk Horizon,11017,216.11,RTE001175,Active
VSL000656,Maersk Horizon,13798,215.37,RTE000078,Docked
VSL000657,Maersk Horizon,18299,261.32,RTE001102,Docked
VSL000658,Atlantic Carrier,13109,110.18,RTE000085,Maintenance
VSL000659,Oceanic Titan,13339,73.1,RTE002374,Maintenance
VSL000660,MSC Aurora,9842,145.34,RTE001818,Active
VSL000661,Oceanic Titan,9973,82.17,RTE001507,Docked
VSL000662,Atlantic Carrier,2372,147.93,RTE001739,Docked
VSL000663,MSC Aurora,9069,108.68,RTE001204,Maintenance
VSL000664,Atlantic Carrier,17604,85.36,RTE001198,Active
VSL000665,MSC Aurora,19379,198.51,RTE001113,Active
VSL000666,Oceanic Titan,7940,278.12,RTE000097,Active
VSL000667,Evergreen,14748,142.44,RTE002204,Maintenance
VSL000668,MSC Aurora,16648,249.4,RTE002561,Maintenance
VSL000669,Atlantic Carrier,11182,131.6,RTE001953,Docked
VSL000670,MSC Aurora,3978,84.89,RTE002498,Active
VSL000671,Atlantic Carrier,15951,120.7,RTE002463,Maintenance
VSL000672,Evergreen,10318,156.71,RTE000196,Active
VSL000673,Evergreen,12936,111.87,RTE002157,Active
VSL000674,Atlantic Carrier,8731,283.62,RTE002434,Docked
VSL000675,Evergreen,9573,272.82,RTE001893,Maintenance
VSL000676,Maersk Horizon,15707,182.65,RTE002107,Active
VSL000677,MSC Aurora,4582,144.82,RTE001061,Docked
VSL000678,Evergreen,13377,107.05,RTE002953,Active
VSL000679,Atlantic Carrier,11582,185.23,RTE001329,Maintenance
VSL000680,Oceanic Titan,13303,119.99,RTE002584,Active
VSL000681,Oceanic Titan,10284,233.86,RTE002816,Active
VSL000682,Evergreen,18756,91.49,RTE002329,Maintenance
VSL000683,Oceanic Titan,19095,266.32,RTE001373,Maintenance
VSL000684,Oceanic Titan,10194,189.96,RTE002969,Docked
VSL000685,Evergreen,8661,263.89,RTE001967,Active
VSL000686,Atlantic Carrier,7515,207.53,RTE000188,Maintenance
VSL000687,Atlantic Carrier,3405,253.06,RTE001082,Docked
VSL000688,Atlantic Carrier,4728,206.92,RTE002318,Maintenance
VSL000689,Maersk Horizon,1245,128.02,RTE002870,Active
VSL000690,MSC Aurora,2520,188.96,RTE002165,Active
VSL000691,Maersk Horizon,12621,78.99,RTE002785,Docked
VSL000692,Oceanic Titan,2063,213.06,RTE000886,Active
VSL000693,Evergreen,7449,283.92,RTE002611,Maintenance
VSL000694,Evergreen,7855,263.66,RTE001398,Maintenance
VSL000695,Evergreen,13480,290.23,RTE000586,Docked
VSL000696,Oceanic Titan,13374,81.82,RTE002907,Docked
VSL000697,Oceanic Titan,14041,173.35,RTE000658,Active
VSL000698,Atlantic Carrier,8153,217.05,RTE000823,Active
VSL000699,Atlantic Carrier,7976,146.15,RTE000931,Active
VSL000700,Atlantic Carrier,4512,155.96,RTE001380,Active
VSL000701,Evergreen,13847,118.38,RTE000786,Maintenance
VSL000702,Maersk Horizon,4827,148.91,RTE002033,Docked
VSL000703,MSC Aurora,14344,288.23,RTE001401,Active
VSL000704,MSC Aurora,3044,158.09,RTE000486,Docked
VSL000705,Maersk Horizon,6265,138.82,RTE002936,Active
VSL000706,MSC Aurora,3765,159.93,RTE001066,Docked
VSL000707,Maersk Horizon,14426,297.17,RTE001456,Maintenance
VSL000708,Atlantic Carrier,8936,286.78,RTE000789,Active
VSL000709,Oceanic Titan,16301,230.8,RTE002615,Active
VSL000710,Atlantic Carrier,9809,209.82,RTE002555,Active
VSL000711,Evergreen,3179,297.02,RTE000977,Docked
VSL000712,Oceanic Titan,17914,108.62,RTE001167,Maintenance
VSL000713,Maersk Horizon,17517,205.32,RTE001178,Docked
VSL000714,Maersk Horizon,2992,73.28,RTE002219,Docked
VSL000715,MSC Aurora,6598,126.92,RTE002754,Active
VSL000716,Atlantic Carrier,14629,125.05,RTE001874,Maintenance
VSL000717,Maersk Horizon,12035,122.0,RTE000942,Active
VSL000718,Oceanic Titan,1654,134.31,RTE002418,Docked
VSL000719,MSC Aurora,14776,215.17,RTE001045,Active
VSL000720,Atlantic Carrier,18966,284.53,RTE000317,Docked
VSL000721,Maersk Horizon,7547,66.73,RTE001640,Active
VSL000722,MSC Aurora,17521,219.28,RTE001234,Docked
VSL000723,MSC Aurora,12526,201.25,RTE002716,Maintenance
VSL000724,Maersk Horizon,1883,86.06,RTE002621,Docked
VSL000725,Oceanic Titan,16582,165.42,RTE002899,Active
VSL000726,Oceanic Titan,4689,112.93,RTE000383,Active
VSL000727,Evergreen,12254,75.39,RTE002197,Maintenance
VSL000728,Evergreen,16059,185.55,RTE001956,Maintenance
VSL000729,Maersk Horizon,1369,138.81,RTE001977,Maintenance
VSL000730,Oceanic Titan,12983,90.84,RTE000479,Maintenance
VSL000731,MSC Aurora,7392,173.05,RTE002335,Maintenance
VSL000732,Maersk Horizon,14224,61.82,RTE002642,Maintenance
VSL000733,MSC Aurora,15673,141.26,RTE000212,Docked
VSL000734,Oceanic Titan,7871,117.02,RTE001550,Maintenance
VSL000735,Oceanic Titan,2000,213.2,RTE000402,Maintenance
VSL000736,MSC Aurora,7882,160.38,RTE002904,Maintenance
VSL000737,MSC Aurora,10452,77.11,RTE002998,Maintenance
VSL000738,Maersk Horizon,9610,248.21,RTE001775,Docked
VSL000739,Maersk Horizon,8612,255.99,RTE001504,Active
VSL000740,Oceanic Titan,3408,99.21,RTE002759,Active
VSL000741,MSC Aurora,18983,131.18,RTE002332,Active
VSL000742,Maersk Horizon,8479,103.18,RTE002172,Docked
VSL000743,Oceanic Titan,11578,180.5,RTE002332,Maintenance
VSL000744,Atlantic Carrier,13504,52.61,RTE002803,Maintenance
VSL000745,MSC Aurora,4865,277.95,RTE001696,Maintenance
VSL000746,Maersk Horizon,17638,298.85,RTE000348,Maintenance
VSL000747,Maersk Horizon,1562,269.31,RTE002944,Maintenance
VSL000748,Atlantic Carrier,17120,122.45,RTE000257,Maintenance
VSL000749,Evergreen,9117,265.96,RTE001289,Maintenance
VSL000750,Evergreen,16695,254.82,RTE000950,Active
VSL000751,Oceanic Titan,17628,193.46,RTE001443,Docked
VSL000752,Evergreen,11120,170.53,RTE002195,Docked
VSL000753,MSC Aurora,8712,79.08,RTE002971,Docked
VSL000754,MSC Aurora,7236,151.93,RTE000672,Docked
VSL000755,Evergreen,13261,249.23,RTE002840,Docked
VSL000756,Evergreen,12391,180.44,RTE001360,Maintenance
VSL000757,MSC Aurora,3276,235.48,RTE001977,Maintenance
VSL000758,MSC Aurora,14040,217.86,RTE001446,Docked
VSL000759,Maersk Horizon,3161,230.55,RTE000436,Maintenance
VSL000760,Evergreen,13214,243.07,RTE001917,Maintenance
VSL000761,Maersk Horizon,14243,139.57,RTE002245,Docked
VSL000762,Atlantic Carrier,4539,181.72,RTE001323,Active
VSL000763,Evergreen,10773,259.51,RTE001189,Docked
VSL000764,Oceanic Titan,16977,125.19,RTE002201,Maintenance
VSL000765,MSC Aurora,15078,58.4,RTE001798,Active
VSL000766,MSC Aurora,9256,249.26,RTE001711,Docked
VSL000767,Evergreen,5532,249.26,RTE002662,Docked
VSL000768,MSC Aurora,15171,79.42,RTE001672,Maintenance
VSL000769,Oceanic Titan,12900,200.73,RTE001652,Active
VSL000770,Evergreen,15292,215.52,RTE002679,Maintenance
VSL000771,MSC Aurora,19632,102.3,RTE002758,Docked
VSL000772,Evergreen,14862,129.93,RTE000966,Maintenance
VSL000773,Maersk Horizon,4900,97.7,RTE002378,Active
VSL000774,Oceanic Titan,6598,244.8,RTE001602,Maintenance
VSL000775,Evergreen,12740,154.66,RTE000420,Maintenance
VSL000776,MSC Aurora,12812,181.08,RTE002270,Active
VSL000777,Maersk Horizon,8357,198.43,RTE002900,Active
VSL000778,MSC Aurora,6147,109.88,RTE002898,Docked
VSL000779,MSC Aurora,17029,75.01,RTE002500,Docked
VSL000780,Oceanic Titan,5998,79.6,RTE000725,Active
VSL000781,Oceanic Titan,9852,153.1,RTE000934,Docked
VSL000782,Maersk Horizon,14540,85.59,RTE001165,Docked
VSL000783,Oceanic Titan,10510,183.64,RTE000609,Docked
VSL000784,Maersk Horizon,14392,109.1,RTE002587,Maintenance
VSL000785,Oceanic Titan,14751,145.32,RTE000524,Docked
VSL000786,Maersk Horizon,10631,211.96,RTE002552,Active
VSL000787,Maersk Horizon,6573,245.47,RTE001530,Active
VSL000788,Maersk Horizon,2868,120.18,RTE000247,Docked
VSL000789,Evergreen,5474,73.45,RTE000126,Maintenance
VSL000790,Maersk Horizon,15405,286.21,RTE000041,Docked
VSL000791,Evergreen,6784,154.57,RTE000036,Docked
VSL000792,Atlantic Carrier,3388,253.69,RTE000958,Active
VSL000793,Atlantic Carrier,16692,92.94,RTE000264,Docked
VSL000794,Maersk Horizon,7452,177.54,RTE002436,Maintenance
VSL000795,Maersk Horizon,3380,259.14,RTE002883,Docked
VSL000796,Maersk Horizon,18055,218.12,RTE002881,Docked
VSL000797,Evergreen,2986,75.86,RTE002811,Maintenance
VSL000798,Evergreen,8693,117.97,RTE001243,Active
VSL000799,Oceanic Titan,18068,224.21,RTE000079,Docked
VSL000800,Maersk Horizon,17824,172.86,RTE001769,Active
VSL000801,Oceanic Titan,1290,269.38,RTE001135,Active
VSL000802,Oceanic Titan,10371,264.99,RTE001424,Maintenance
VSL000803,Oceanic Titan,12270,268.81,RTE001742,Docked
VSL000804,Oceanic Titan,7615,151.13,RTE000386,Maintenance
VSL000805,Maersk Horizon,17492,183.46,RTE000899,Active
VSL000806,MSC Aurora,19419,155.77,RTE001700,Docked
VSL000807,Evergreen,17399,267.77,RTE002863,Active
VSL000808,Atlantic Carrier,17427,212.22,RTE001686,Active
VSL000809,MSC Aurora,10483,221.08,RTE002719,Maintenance
VSL000810,Oceanic Titan,15530,129.47,RTE000725,Maintenance
VSL000811,Evergreen,9636,262.77,RTE000771,Docked
VSL000812,Maersk Horizon,3612,170.29,RTE000339,Active
VSL000813,Evergreen,8968,80.95,RTE002157,Active
VSL000814,Atlantic Carrier,15524,135.88,RTE000701,Docked
VSL000815,Evergreen,19530,234.0,RTE002999,Docked
VSL000816,Oceanic Titan,5810,248.48,RTE002618,Maintenance
VSL000817,Atlantic Carrier,15205,253.37,RTE002988,Maintenance
VSL000818,Atlantic Carrier,18326,134.68,RTE001464,Docked
VSL000819,Oceanic Titan,11861,240.2,RTE002570,Docked
VSL000820,Atlantic Carrier,13791,197.43,RTE000802,Maintenance
VSL000821,Evergreen,13573,91.22,RTE002533,Maintenance
VSL000822,Oceanic Titan,15206,295.07,RTE001857,Maintenance
VSL000823,Evergreen,2053,257.7,RTE002673,Active
VSL000824,Maersk Horizon,12953,134.94,RTE000386,Maintenance
VSL000825,Evergreen,19939,184.76,RTE000366,Maintenance
VSL000826,MSC Aurora,18386,88.88,RTE000687,Docked
VSL000827,Evergreen,15332,266.15,RTE000750,Maintenance
VSL000828,Evergreen,9935,121.37,RTE001091,Maintenance
VSL000829,Maersk Horizon,18061,107.94,RTE002318,Active
VSL000830,Maersk Horizon,11631,237.51,RTE001631,Active
VSL000831,MSC Aurora,10116,233.4,RTE000972,Maintenance
VSL000832,Oceanic Titan,1806,184.24,RTE001160,Docked
VSL000833,Oceanic Titan,11284,277.39,RTE001133,Active
VSL000834,Maersk Horizon,18265,217.46,RTE002296,Docked
VSL000835,Maersk Horizon,9248,164.76,RTE001241,Docked
VSL000836,Maersk Horizon,12059,135.9,RTE000599,Active
VSL000837,MSC Aurora,19956,173.35,RTE001290,Active
VSL000838,Atlantic Carrier,4476,100.19,RTE002595,Maintenance
VSL000839,MSC Aurora,10448,219.5,RTE001001,Maintenance
VSL000840,Oceanic Titan,11067,257.88,RTE000947,Active
VSL000841,Atlantic Carrier,18583,96.84,RTE001173,Maintenance
VSL000842,Maersk Horizon,15706,279.16,RTE000153,Docked
VSL000843,Atlantic Carrier,17890,66.31,RTE001815,Maintenance
VSL000844,Evergreen,11354,246.47,RTE000428,Active
VSL000845,Oceanic Titan,19051,131.78,RTE002211,Docked
VSL000846,Evergreen,10670,221.17,RTE001670,Docked
VSL000847,Atlantic Carrier,8641,244.55,RTE000526,Docked
VSL000848,Oceanic Titan,4707,97.95,RTE000508,Maintenance
VSL000849,Atlantic Carrier,14495,187.17,RTE000701,Docked
VSL000850,Oceanic Titan,1209,243.17,RTE001783,Maintenance
VSL000851,Atlantic Carrier,17008,288.78,RTE000843,Active
VSL000852,Evergreen,1327,103.24,RTE000815,Active
VSL000853,Maersk Horizon,16989,174.07,RTE000443,Docked
VSL000854,Evergreen,11746,62.22,RTE000838,Docked
VSL000855,Oceanic Titan,8051,92.05,RTE000099,Maintenance
VSL000856,Maersk Horizon,19724,161.12,RTE001637,Active
VSL000857,Evergreen,18592,242.26,RTE002257,Docked
VSL000858,Oceanic Titan,15715,58.0,RTE002146,Active
VSL000859,Maersk Horizon,11925,169.67,RTE000919,Docked
VSL000860,Evergreen,3821,131.82,RTE001983,Maintenance
VSL000861,Maersk Horizon,16613,202.18,RTE000847,Maintenance
VSL000862,Evergreen,3480,256.09,RTE001354,Active
VSL000863,MSC Aurora,13068,223.92,RTE001917,Active
VSL000864,Oceanic Titan,6605,245.89,RTE001720,Maintenance
VSL000865,MSC Aurora,14355,74.4,RTE001223,Docked
VSL000866,Atlantic Carrier,1327,264.88,RTE002991,Maintenance
VSL000867,Atlantic Carrier,5960,133.13,RTE001863,Active
VSL000868,Oceanic Titan,12162,57.02,RTE002007,Active
VSL000869,Atlantic Carrier,10426,231.63,RTE000087,Maintenance
VSL000870,Atlantic Carrier,18250,205.5,RTE001186,Docked
VSL000871,Maersk Horizon,10809,141.46,RTE000453,Docked
VSL000872,MSC Aurora,11619,216.16,RTE002449,Maintenance
VSL000873,MSC Aurora,11752,197.19,RTE000051,Docked
VSL000874,Atlantic Carrier,13538,156.35,RTE001289,Docked
VSL000875,MSC Aurora,15590,158.91,RTE002312,Active
VSL000876,Maersk Horizon,18009,205.19,RTE001793,Docked
VSL000877,MSC Aurora,3205,124.15,RTE001244,Active
VSL000878,Maersk Horizon,5715,87.42,RTE000852,Maintenance
VSL000879,MSC Aurora,9310,73.3,RTE001114,Maintenance
VSL000880,MSC Aurora,2027,293.15,RTE002604,Active
VSL000881,MSC Aurora,12408,122.7,RTE001298,Docked
VSL000882,Atlantic Carrier,10639,221.27,RTE001231,Maintenance
VSL000883,MSC Aurora,11383,143.83,RTE002008,Maintenance
VSL000884,Atlantic Carrier,6132,211.97,RTE001821,Active
VSL000885,Maersk Horizon,18889,112.94,RTE000281,Docked
VSL000886,Oceanic Titan,5882,204.13,RTE001132,Active
VSL000887,Evergreen,12258,88.8,RTE000140,Maintenance
VSL000888,Atlantic Carrier,14823,269.04,RTE000361,Active
VSL000889,MSC Aurora,9927,161.79,RTE000093,Active
VSL000890,Atlantic Carrier,13677,83.26,RTE001574,Docked
VSL000891,Evergreen,16614,181.96,RTE000823,Docked
VSL000892,MSC Aurora,16933,133.41,RTE001497,Maintenance
VSL000893,Evergreen,7694,120.96,RTE000663,Docked
VSL000894,MSC Aurora,5418,189.51,RTE001507,Active
VSL000895,MSC Aurora,16986,295.79,RTE001174,Active
VSL000896,Oceanic Titan,1468,199.18,RTE000547,Docked
VSL000897,Oceanic Titan,16938,138.79,RTE002313,Maintenance
VSL000898,Maersk Horizon,15540,280.55,RTE002030,Active
VSL000899,MSC Aurora,2610,197.25,RTE000576,Active
VSL000900,Maersk Horizon,15670,297.97,RTE001334,Maintenance
VSL000901,Atlantic Carrier,2154,191.67,RTE001862,Maintenance
VSL000902,Maersk Horizon,4770,206.4,RTE001727,Maintenance
VSL000903,Maersk Horizon,9603,81.56,RTE001065,Maintenance
VSL000904,Maersk Horizon,10666,274.35,RTE002578,Docked
VSL000905,Evergreen,19276,125.19,RTE001663,Maintenance
VSL000906,Evergreen,14794,280.59,RTE001574,Docked
VSL000907,Maersk Horizon,4535,126.77,RTE002756,Docked
VSL000908,Atlantic Carrier,5424,88.14,RTE002149,Maintenance
VSL000909,Evergreen,18341,206.55,RTE000555,Docked
VSL000910,Atlantic Carrier,9510,160.59,RTE002270,Docked
VSL000911,Atlantic Carrier,5701,184.25,RTE000002,Docked
VSL000912,Maersk Horizon,7192,139.85,RTE001331,Maintenance
VSL000913,Atlantic Carrier,2182,214.98,RTE000049,Docked
VSL000914,Atlantic Carrier,10396,136.11,RTE000675,Docked
VSL000915,Maersk Horizon,12785,98.93,RTE000274,Docked
VSL000916,Maersk Horizon,7876,233.82,RTE001472,Active
VSL000917,Oceanic Titan,3619,264.86,RTE001105,Maintenance
VSL000918,Oceanic Titan,11137,203.33,RTE002311,Active
VSL000919,Evergreen,1247,88.15,RTE000535,Active
VSL000920,Oceanic Titan,7822,230.93,RTE001561,Active
VSL000921,Evergreen,5476,128.43,RTE001003,Maintenance
VSL000922,Oceanic Titan,15172,112.23,RTE002386,Maintenance
VSL000923,Evergreen,13497,200.75,RTE000070,Maintenance
VSL000924,MSC Aurora,9179,151.09,RTE000705,Docked
VSL000925,Maersk Horizon,18960,234.39,RTE000297,Active
VSL000926,Evergreen,11720,254.78,RTE001349,Docked
VSL000927,MSC Aurora,15385,176.8,RTE001792,Maintenance
VSL000928,Maersk Horizon,5288,61.91,RTE000924,Maintenance
VSL000929,MSC Aurora,13471,197.78,RTE000491,Active
VSL000930,MSC Aurora,19480,214.75,RTE001951,Docked
VSL000931,MSC Aurora,12137,124.93,RTE001842,Maintenance
VSL000932,Oceanic Titan,1484,298.57,RTE002521,Docked
VSL000933,Evergreen,10341,70.81,RTE001853,Active
VSL000934,Evergreen,10805,83.67,RTE001849,Docked
VSL000935,Evergreen,5426,128.48,RTE002699,Maintenance
VSL000936,Evergreen,11784,258.12,RTE002800,Docked
VSL000937,Atlantic Carrier,16782,118.62,RTE002759,Maintenance
VSL000938,Evergreen,16932,149.46,RTE002370,Active
VSL000939,Atlantic Carrier,15713,142.38,RTE000424,Maintenance
VSL000940,MSC Aurora,19861,233.36,RTE000474,Maintenance
VSL000941,Maersk Horizon,19775,170.73,RTE000441,Maintenance
VSL000942,Evergreen,6624,109.73,RTE001936,Maintenance
VSL000943,Evergreen,1375,281.52,RTE001709,Maintenance
VSL000944,Evergreen,19621,258.07,RTE001260,Active
VSL000945,Oceanic Titan,19873,150.18,RTE002915,Docked
VSL000946,MSC Aurora,6955,90.28,RTE001998,Docked
VSL000947,Oceanic Titan,6148,209.69,RTE002805,Maintenance
VSL000948,Oceanic Titan,15558,261.74,RTE000095,Docked
VSL000949,Atlantic Carrier,13603,148.04,RTE001217,Active
VSL000950,Atlantic Carrier,8173,139.1,RTE002432,Docked
VSL000951,Maersk Horizon,14289,137.36,RTE002773,Docked
VSL000952,Maersk Horizon,16607,135.63,RTE000786,Maintenance
VSL000953,Oceanic Titan,11047,85.13,RTE002520,Docked
VSL000954,Evergreen,2759,121.71,RTE001972,Active
VSL000955,MSC Aurora,9739,283.19,RTE002935,Docked
VSL000956,Evergreen,5947,200.73,RTE001869,Docked
VSL000957,Atlantic Carrier,17247,139.77,RTE002559,Active
VSL000958,Evergreen,2043,126.03,RTE001817,Docked
VSL000959,Evergreen,1686,218.42,RTE002725,Active
VSL000960,Oceanic Titan,19612,109.37,RTE002557,Maintenance
VSL000961,Oceanic Titan,8912,71.49,RTE002494,Docked
VSL000962,Oceanic Titan,10989,54.67,RTE001489,Maintenance
VSL000963,Oceanic Titan,14242,240.36,RTE000352,Docked
VSL000964,Atlantic Carrier,12051,189.29,RTE000818,Maintenance
VSL000965,Oceanic Titan,13452,134.91,RTE000083,Docked
VSL000966,Evergreen,10247,230.27,RTE000778,Active
VSL000967,Oceanic Titan,8877,261.3,RTE001808,Maintenance
VSL000968,MSC Aurora,8730,283.62,RTE002942,Active
VSL000969,Maersk Horizon,14168,56.96,RTE000009,Maintenance
VSL000970,Oceanic Titan,6342,238.71,RTE002825,Active
VSL000971,MSC Aurora,17578,225.39,RTE002596,Active
VSL000972,Maersk Horizon,12922,195.67,RTE002328,Maintenance
VSL000973,Atlantic Carrier,5875,58.62,RTE001818,Maintenance
VSL000974,MSC Aurora,19023,91.09,RTE002532,Docked
VSL000975,MSC Aurora,13488,192.33,RTE001977,Active
VSL000976,Atlantic Carrier,15944,265.21,RTE001378,Docked
VSL000977,Oceanic Titan,10410,229.26,RTE000053,Docked
VSL000978,Evergreen,8317,58.45,RTE002062,Docked
VSL000979,MSC Aurora,3625,99.37,RTE001120,Maintenance
VSL000980,Maersk Horizon,10691,119.2,RTE000449,Active
VSL000981,MSC Aurora,4786,185.69,RTE001537,Active
VSL000982,Atlantic Carrier,10758,125.27,RTE002531,Active
VSL000983,Evergreen,9493,163.07,RTE001868,Maintenance
VSL000984,Maersk Horizon,8401,285.89,RTE001177,Docked
VSL000985,Atlantic Carrier,16783,122.04,RTE000258,Active
VSL000986,MSC Aurora,17107,104.01,RTE000827,Docked
VSL000987,MSC Aurora,7331,159.84,RTE000118,Maintenance
VSL000988,Atlantic Carrier,9991,240.63,RTE001447,Maintenance
VSL000989,Oceanic Titan,16053,263.63,RTE000340,Maintenance
VSL000990,MSC Aurora,18274,117.08,RTE001335,Maintenance
VSL000991,Oceanic Titan,14292,95.92,RTE000718,Docked
VSL000992,Maersk Horizon,12444,89.43,RTE001094,Docked
VSL000993,MSC Aurora,9547,191.11,RTE001070,Maintenance
VSL000994,MSC Aurora,6057,178.16,RTE002755,Active
VSL000995,Maersk Horizon,9283,194.31,RTE001892,Docked
VSL000996,Evergreen,9732,240.88,RTE002616,Docked
VSL000997,Evergreen,5927,99.8,RTE000073,Active
VSL000998,Atlantic Carrier,2281,147.91,RTE002670,Active
VSL000999,Atlantic Carrier,19752,179.38,RTE002165,Docked
VSL001000,MSC Aurora,17697,270.09,RTE002567,Maintenance
VSL001001,Maersk Horizon,5240,272.57,RTE000862,Active
VSL001002,Oceanic Titan,9552,283.83,RTE002890,Maintenance
VSL001003,Oceanic Titan,17807,81.34,RTE000499,Active
VSL001004,Atlantic Carrier,14967,202.27,RTE001542,Active
VSL001005,Evergreen,19819,212.81,RTE000822,Maintenance
VSL001006,Maersk Horizon,4354,80.33,RTE001149,Docked
VSL001007,Maersk Horizon,19614,272.65,RTE002910,Docked
VSL001008,Maersk Horizon,4366,50.3,RTE000656,Maintenance
VSL001009,Maersk Horizon,8833,128.07,RTE001491,Docked
VSL001010,Evergreen,12381,129.25,RTE000696,Active
VSL001011,Evergreen,11069,189.81,RTE002229,Docked
VSL001012,Maersk Horizon,15229,209.6,RTE000237,Maintenance
VSL001013,Evergreen,4327,84.21,RTE000457,Docked
VSL001014,Oceanic Titan,9884,273.55,RTE001214,Maintenance
VSL001015,Evergreen,17921,248.13,RTE001960,Docked
VSL001016,Evergreen,3458,72.05,RTE000301,Maintenance
VSL001017,Oceanic Titan,12141,54.95,RTE001827,Active
VSL001018,Maersk Horizon,2938,61.08,RTE000629,Active
VSL001019,Atlantic Carrier,3343,256.56,RTE002084,Docked
VSL001020,Oceanic Titan,7219,195.14,RTE000937,Maintenance
VSL001021,MSC Aurora,16756,142.39,RTE001082,Maintenance
VSL001022,MSC Aurora,5023,284.38,RTE002162,Maintenance
VSL001023,Oceanic Titan,7968,158.24,RTE000594,Maintenance
VSL001024,Maersk Horizon,11829,290.88,RTE002756,Maintenance
VSL001025,MSC Aurora,11686,141.12,RTE002232,Maintenance
VSL001026,Atlantic Carrier,12780,63.29,RTE002906,Docked
VSL001027,Evergreen,8434,100.27,RTE000322,Active
VSL001028,Evergreen,18732,145.02,RTE001691,Docked
VSL001029,Atlantic Carrier,14865,181.43,RTE000615,Maintenance
VSL001030,Maersk Horizon,3153,267.08,RTE002920,Active
VSL001031,Atlantic Carrier,9176,225.49,RTE000144,Active
VSL001032,MSC Aurora,16759,101.31,RTE002820,Maintenance
VSL001033,MSC Aurora,14970,112.84,RTE001132,Docked
VSL001034,Evergreen,12856,211.83,RTE002743,Maintenance
VSL001035,Oceanic Titan,8618,90.7,RTE002299,Active
VSL001036,Atlantic Carrier,13211,218.16,RTE001909,Maintenance
VSL001037,Maersk Horizon,16871,153.6,RTE000707,Active
VSL001038,Atlantic Carrier,9583,97.22,RTE002693,Docked
VSL001039,Evergreen,6459,110.94,RTE001325,Maintenance
VSL001040,Oceanic Titan,8655,248.52,RTE002248,Maintenance
VSL001041,Oceanic Titan,16963,107.73,RTE002836,Maintenance
VSL001042,Evergreen,13914,127.18,RTE002360,Maintenance
VSL001043,MSC Aurora,1698,236.36,RTE000061,Docked
VSL001044,Atlantic Carrier,10700,206.05,RTE002068,Active
VSL001045,Maersk Horizon,6820,198.29,RTE000796,Active
VSL001046,MSC Aurora,11561,108.22,RTE002257,Docked
VSL001047,Evergreen,6089,195.19,RTE001764,Maintenance
VSL001048,Atlantic Carrier,15535,103.68,RTE000194,Maintenance
VSL001049,MSC Aurora,12686,242.66,RTE000697,Docked
VSL001050,MSC Aurora,4099,70.17,RTE000700,Active
VSL001051,Oceanic Titan,6642,249.98,RTE001722,Active
VSL001052,Maersk Horizon,19068,80.74,RTE000333,Active
VSL001053,Atlantic Carrier,3121,298.58,RTE002454,Active
VSL001054,Atlantic Carrier,6987,102.86,RTE001508,Docked
VSL001055,Oceanic Titan,15631,110.65,RTE000756,Active
VSL001056,MSC Aurora,11813,262.39,RTE001788,Docked
VSL001057,Oceanic Titan,19572,100.64,RTE001344,Active
VSL001058,MSC Aurora,5631,147.62,RTE002372,Maintenance
VSL001059,MSC Aurora,8465,182.75,RTE000358,Maintenance
VSL001060,Atlantic Carrier,10799,196.99,RTE001269,Active
VSL001061,Atlantic Carrier,5831,148.97,RTE000380,Docked
VSL001062,MSC Aurora,13124,252.42,RTE001091,Active
VSL001063,Atlantic Carrier,1868,176.94,RTE002830,Maintenance
VSL001064,Oceanic Titan,10484,72.02,RTE000192,Docked
VSL001065,Maersk Horizon,3348,59.42,RTE002605,Active
VSL001066,Atlantic Carrier,15771,76.15,RTE002628,Docked
VSL001067,Atlantic Carrier,2085,271.53,RTE002800,Docked
VSL001068,Atlantic Carrier,4871,282.92,RTE000491,Maintenance
VSL001069,Oceanic Titan,7565,140.89,RTE002823,Docked
VSL001070,Oceanic Titan,6983,254.53,RTE000942,Active
VSL001071,Evergreen,5026,262.4,RTE002004,Maintenance
VSL001072,Maersk Horizon,16479,95.42,RTE000973,Active
VSL001073,Evergreen,10728,188.36,RTE002977,Docked
VSL001074,Atlantic Carrier,11372,68.51,RTE000834,Docked
VSL001075,Evergreen,18599,267.08,RTE001363,Docked
VSL001076,Evergreen,14636,275.71,RTE002766,Active
VSL001077,Atlantic Carrier,11169,96.13,RTE002644,Active
VSL001078,MSC Aurora,3635,164.22,RTE002909,Docked
VSL001079,Maersk Horizon,16511,198.09,RTE000408,Docked
VSL001080,Evergreen,8841,157.77,RTE000180,Active
VSL001081,MSC Aurora,1322,153.06,RTE001159,Active
VSL001082,Atlantic Carrier,19984,88.46,RTE002693,Maintenance
VSL001083,Atlantic Carrier,6403,103.62,RTE002060,Docked
VSL001084,Oceanic Titan,1586,123.31,RTE001984,Active
VSL001085,Atlantic Carrier,16505,157.39,RTE002807,Maintenance
VSL001086,Evergreen,17807,184.18,RTE001619,Docked
VSL001087,MSC Aurora,6860,182.68,RTE000670,Maintenance
VSL001088,Oceanic Titan,12282,262.38,RTE001189,Docked
VSL001089,Evergreen,1255,265.65,RTE001008,Active
VSL001090,Evergreen,6083,186.31,RTE001822,Maintenance
VSL001091,Atlantic Carrier,7363,236.94,RTE002607,Docked
VSL001092,Evergreen,6622,116.25,RTE000699,Active
VSL001093,MSC Aurora,10612,93.37,RTE002019,Active
VSL001094,MSC Aurora,15979,175.67,RTE002453,Maintenance
VSL001095,Evergreen,2334,119.64,RTE001959,Maintenance
VSL001096,Maersk Horizon,18211,277.72,RTE001466,Maintenance
VSL001097,Atlantic Carrier,19584,138.75,RTE002675,Active
VSL001098,Atlantic Carrier,19206,121.42,RTE000495,Active
VSL001099,Oceanic Titan,13470,67.01,RTE000054,Active
VSL001100,Oceanic Titan,15608,154.49,RTE001393,Active
VSL001101,Maersk Horizon,5873,171.97,RTE001941,Maintenance
VSL001102,Maersk Horizon,18875,202.11,RTE000450,Maintenance
VSL001103,Evergreen,17787,281.35,RTE001059,Maintenance
VSL001104,Evergreen,8641,207.43,RTE000321,Maintenance
VSL001105,MSC Aurora,12271,220.2,RTE001184,Active
VSL001106,Atlantic Carrier,3274,147.5,RTE002562,Active
VSL001107,Evergreen,14907,105.83,RTE000663,Docked
VSL001108,Evergreen,9059,268.73,RTE002127,Active
VSL001109,Oceanic Titan,5140,296.64,RTE000430,Maintenance
VSL001110,Atlantic Carrier,2996,51.75,RTE002484,Maintenance
VSL001111,Maersk Horizon,18543,56.92,RTE001481,Maintenance
VSL001112,MSC Aurora,16647,225.82,RTE000085,Maintenance
VSL001113,MSC Aurora,5150,229.46,RTE002673,Active
VSL001114,Maersk Horizon,2456,76.04,RTE002471,Active
VSL001115,Oceanic Titan,9201,105.78,RTE001561,Active
VSL001116,Evergreen,18649,137.28,RTE002254,Active
VSL001117,Oceanic Titan,9738,241.04,RTE000323,Docked
VSL001118,Atlantic Carrier,18642,249.32,RTE000815,Maintenance
VSL001119,Maersk Horizon,11813,163.63,RTE001744,Maintenance
VSL001120,Maersk Horizon,13941,268.73,RTE001304,Docked
VSL001121,Evergreen,7576,292.16,RTE001853,Maintenance
VSL001122,MSC Aurora,7298,198.0,RTE001549,Active
VSL001123,Oceanic Titan,13464,284.62,RTE000503,Maintenance
VSL001124,MSC Aurora,7851,222.71,RTE002868,Active
VSL001125,Maersk Horizon,14109,288.56,RTE002073,Maintenance
VSL001126,Oceanic Titan,4097,246.87,RTE002131,Active
VSL001127,Maersk Horizon,17946,180.87,RTE000786,Docked
VSL001128,Atlantic Carrier,19016,115.6,RTE002375,Active
VSL001129,Maersk Horizon,2220,72.66,RTE000964,Docked
VSL001130,Maersk Horizon,9218,73.03,RTE000120,Docked
VSL001131,Oceanic Titan,8309,133.63,RTE001618,Active
VSL001132,MSC Aurora,9392,65.07,RTE002657,Maintenance
VSL001133,Atlantic Carrier,11071,148.44,RTE001835,Active
VSL001134,Atlantic Carrier,17926,237.7,RTE002518,Active
VSL001135,Oceanic Titan,8407,207.27,RTE002643,Docked
VSL001136,MSC Aurora,12939,159.0,RTE000991,Docked
VSL001137,Oceanic Titan,14850,65.96,RTE000587,Maintenance
VSL001138,Maersk Horizon,15017,226.84,RTE002372,Maintenance
VSL001139,Evergreen,2301,158.58,RTE001085,Docked
VSL001140,MSC Aurora,3758,257.37,RTE000700,Docked
VSL001141,Atlantic Carrier,2153,229.1,RTE000445,Maintenance
VSL001142,Atlantic Carrier,17238,255.03,RTE002928,Docked
VSL001143,Maersk Horizon,10717,294.48,RTE002927,Maintenance
VSL001144,Maersk Horizon,3034,76.58,RTE002624,Maintenance
VSL001145,MSC Aurora,5776,135.29,RTE000619,Active
VSL001146,MSC Aurora,10596,270.46,RTE001067,Docked
VSL001147,MSC Aurora,8067,155.72,RTE002684,Active
VSL001148,Maersk Horizon,18165,175.26,RTE001842,Docked
VSL001149,Atlantic Carrier,9903,227.1,RTE000192,Maintenance
VSL001150,Oceanic Titan,19700,173.4,RTE001631,Active
VSL001151,MSC Aurora,11392,292.77,RTE001084,Docked
VSL001152,Oceanic Titan,19106,254.74,RTE002802,Docked
VSL001153,Maersk Horizon,12228,179.03,RTE001794,Active
VSL001154,Oceanic Titan,3943,214.23,RTE000576,Active
VSL001155,Oceanic Titan,2942,114.07,RTE000650,Maintenance
VSL001156,Maersk Horizon,18853,282.83,RTE001108,Active
VSL001157,MSC Aurora,10578,68.34,RTE002317,Active
VSL001158,Oceanic Titan,16116,235.67,RTE001380,Docked
VSL001159,Evergreen,18467,113.82,RTE001936,Active
VSL001160,Atlantic Carrier,19158,158.63,RTE000007,Active
VSL001161,Oceanic Titan,15401,162.21,RTE002447,Maintenance
VSL001162,Evergreen,4688,133.8,RTE001855,Active
VSL001163,Atlantic Carrier,3057,84.72,RTE000115,Docked
VSL001164,Atlantic Carrier,13905,270.39,RTE000486,Maintenance
VSL001165,MSC Aurora,17412,61.25,RTE001102,Docked
VSL001166,Oceanic Titan,18056,181.09,RTE002061,Maintenance
VSL001167,Evergreen,3236,180.61,RTE001268,Docked
VSL001168,Evergreen,11042,215.33,RTE001092,Docked
VSL001169,MSC Aurora,3003,155.89,RTE001980,Maintenance
VSL001170,Maersk Horizon,7338,134.23,RTE000887,Docked
VSL001171,Oceanic Titan,12882,118.07,RTE002201,Maintenance
VSL001172,MSC Aurora,8402,109.0,RTE000617,Active
VSL001173,Oceanic Titan,9633,67.73,RTE000028,Docked
VSL001174,Evergreen,15414,279.87,RTE000314,Active
VSL001175,Maersk Horizon,16752,194.19,RTE000721,Docked
VSL001176,Oceanic Titan,16013,245.23,RTE002465,Docked
VSL001177,MSC Aurora,4865,295.88,RTE001449,Maintenance
VSL001178,MSC Aurora,10197,243.52,RTE001982,Active
VSL001179,Maersk Horizon,11474,292.54,RTE001985,Active
VSL001180,Maersk Horizon,14574,194.02,RTE001683,Active
VSL001181,Oceanic Titan,8035,111.71,RTE002877,Maintenance
VSL001182,MSC Aurora,11317,101.32,RTE000560,Active
VSL001183,Atlantic Carrier,6622,236.04,RTE001460,Active
VSL001184,MSC Aurora,1115,75.12,RTE001984,Active
VSL001185,Oceanic Titan,18019,228.99,RTE000072,Docked
VSL001186,Maersk Horizon,8173,135.69,RTE000714,Docked
VSL001187,Maersk Horizon,10041,252.1,RTE002990,Maintenance
VSL001188,Atlantic Carrier,10243,121.41,RTE001981,Docked
VSL001189,Oceanic Titan,9914,90.9,RTE001856,Active
VSL001190,Atlantic Carrier,11905,71.17,RTE000712,Active
VSL001191,MSC Aurora,11479,114.47,RTE000942,Docked
VSL001192,MSC Aurora,4139,261.81,RTE002371,Maintenance
VSL001193,Maersk Horizon,7076,225.75,RTE000705,Docked
VSL001194,Maersk Horizon,7517,210.06,RTE001898,Docked
VSL001195,Atlantic Carrier,11309,222.62,RTE001705,Docked
VSL001196,Oceanic Titan,5452,254.38,RTE001194,Docked
VSL001197,Atlantic Carrier,17043,215.65,RTE001981,Maintenance
VSL001198,Oceanic Titan,6943,198.98,RTE000945,Maintenance
VSL001199,Atlantic Carrier,6816,273.62,RTE000415,Maintenance
VSL001200,Evergreen,1630,80.69,RTE000607,Docked
VSL001201,Atlantic Carrier,11517,290.33,RTE001257,Maintenance
VSL001202,MSC Aurora,13497,286.06,RTE002163,Maintenance
VSL001203,MSC Aurora,10929,217.91,RTE000058,Docked
VSL001204,Evergreen,12514,175.34,RTE000943,Docked
VSL001205,Atlantic Carrier,14274,92.4,RTE000778,Active
VSL001206,Maersk Horizon,10045,283.77,RTE002452,Maintenance
VSL001207,Atlantic Carrier,4848,65.25,RTE002364,Docked
VSL001208,MSC Aurora,1194,283.52,RTE002573,Docked
VSL001209,MSC Aurora,2006,91.98,RTE000087,Docked
VSL001210,MSC Aurora,14355,238.3,RTE000401,Maintenance
VSL001211,Maersk Horizon,19292,295.48,RTE000038,Active
VSL001212,Atlantic Carrier,15280,201.19,RTE000062,Docked
VSL001213,Oceanic Titan,7365,193.46,RTE000670,Docked
VSL001214,Evergreen,2757,163.73,RTE002850,Maintenance
VSL001215,Evergreen,5200,166.36,RTE000006,Docked
VSL001216,Atlantic Carrier,13068,104.23,RTE001042,Maintenance
VSL001217,Oceanic Titan,11668,75.59,RTE002085,Docked
VSL001218,MSC Aurora,3222,226.52,RTE000620,Docked
VSL001219,Oceanic Titan,17964,150.03,RTE001380,Docked
VSL001220,Evergreen,3551,117.08,RTE002911,Maintenance
VSL001221,MSC Aurora,11322,248.72,RTE000455,Active
VSL001222,MSC Aurora,16964,145.12,RTE002965,Active
VSL001223,Oceanic Titan,11063,50.06,RTE000366,Maintenance
VSL001224,Atlantic Carrier,7186,276.7,RTE002075,Maintenance
VSL001225,Maersk Horizon,3577,231.76,RTE001579,Docked
VSL001226,Maersk Horizon,19170,203.96,RTE001545,Docked
VSL001227,Evergreen,16588,191.82,RTE002134,Maintenance
VSL001228,Maersk Horizon,11148,287.36,RTE001250,Maintenance
VSL001229,Oceanic Titan,2776,295.4,RTE000699,Maintenance
VSL001230,Evergreen,8278,296.47,RTE000010,Active
VSL001231,Maersk Horizon,13886,284.12,RTE002880,Docked
VSL001232,Atlantic Carrier,11683,275.27,RTE000574,Active
VSL001233,Oceanic Titan,17875,242.02,RTE002080,Maintenance
VSL001234,Maersk Horizon,14303,210.5,RTE002956,Maintenance
VSL001235,Atlantic Carrier,12831,69.9,RTE001255,Active
VSL001236,Evergreen,9445,76.16,RTE001716,Active
VSL001237,Oceanic Titan,13654,253.03,RTE001688,Active
VSL001238,Oceanic Titan,16785,145.53,RTE000550,Active
VSL001239,Oceanic Titan,4497,145.04,RTE001774,Docked
VSL001240,Evergreen,4392,130.56,RTE000588,Maintenance
VSL001241,MSC Aurora,10237,263.14,RTE001799,Docked
VSL001242,Atlantic Carrier,11746,90.79,RTE001103,Maintenance
VSL001243,Evergreen,14965,75.76,RTE000599,Maintenance
VSL001244,Oceanic Titan,12831,147.59,RTE001375,Docked
VSL001245,Maersk Horizon,9264,59.97,RTE000090,Docked
VSL001246,Evergreen,2445,65.33,RTE001425,Maintenance
VSL001247,Evergreen,5833,245.76,RTE001066,Active
VSL001248,Evergreen,1856,70.02,RTE002730,Docked
VSL001249,Atlantic Carrier,10782,83.65,RTE002471,Maintenance
VSL001250,Oceanic Titan,5858,103.2,RTE000871,Docked
VSL001251,Atlantic Carrier,6076,134.57,RTE001065,Active
VSL001252,MSC Aurora,16399,173.0,RTE002968,Maintenance
VSL001253,MSC Aurora,4623,54.37,RTE002996,Maintenance
VSL001254,Evergreen,1154,172.98,RTE000638,Maintenance
VSL001255,Maersk Horizon,11266,281.4,RTE001773,Docked
VSL001256,Maersk Horizon,8927,295.45,RTE002779,Docked
VSL001257,Evergreen,9620,144.41,RTE002795,Docked
VSL001258,Evergreen,6815,253.75,RTE002077,Docked
VSL001259,Maersk Horizon,12260,190.55,RTE001339,Docked
VSL001260,Oceanic Titan,15786,265.42,RTE000813,Maintenance
VSL001261,Evergreen,15976,252.82,RTE002124,Maintenance
VSL001262,MSC Aurora,8195,159.03,RTE001961,Maintenance
VSL001263,Maersk Horizon,16744,65.11,RTE001300,Active
VSL001264,Oceanic Titan,14966,281.24,RTE000287,Active
VSL001265,Evergreen,15223,77.2,RTE002316,Docked
VSL001266,MSC Aurora,13366,243.8,RTE001308,Maintenance
VSL001267,MSC Aurora,10309,264.62,RTE000385,Maintenance
VSL001268,Evergreen,8336,265.94,RTE001116,Docked
VSL001269,Oceanic Titan,18990,281.03,RTE000585,Docked
VSL001270,Oceanic Titan,7210,101.45,RTE000159,Docked
VSL001271,Oceanic Titan,19743,111.69,RTE001071,Active
VSL001272,Maersk Horizon,16392,186.3,RTE001989,Maintenance
VSL001273,Oceanic Titan,4788,223.56,RTE001472,Docked
VSL001274,Oceanic Titan,10410,131.96,RTE000308,Maintenance
VSL001275,Evergreen,14293,278.68,RTE000526,Docked
VSL001276,Evergreen,1193,153.78,RTE002021,Docked
VSL001277,Oceanic Titan,15328,94.03,RTE001718,Active
VSL001278,Maersk Horizon,14354,172.41,RTE001719,Docked
VSL001279,Maersk Horizon,1565,80.33,RTE002931,Maintenance
VSL001280,Maersk Horizon,16466,287.9,RTE002913,Docked
VSL001281,MSC Aurora,1845,170.12,RTE000816,Docked
VSL001282,MSC Aurora,11245,111.46,RTE000561,Maintenance
VSL001283,Atlantic Carrier,9703,134.92,RTE001395,Active
VSL001284,Atlantic Carrier,19882,171.65,RTE001176,Maintenance
VSL001285,Maersk Horizon,4539,71.49,RTE001530,Active
VSL001286,Oceanic Titan,3626,128.33,RTE000024,Maintenance
VSL001287,Oceanic Titan,11218,90.7,RTE002195,Docked
VSL001288,Atlantic Carrier,6178,133.25,RTE002917,Active
VSL001289,Evergreen,17796,287.61,RTE002230,Docked
VSL001290,MSC Aurora,1323,230.58,RTE000951,Active
VSL001291,Maersk Horizon,8224,251.63,RTE001622,Active
VSL001292,Evergreen,8849,197.06,RTE001723,Active
VSL001293,MSC Aurora,2739,55.54,RTE000093,Active
VSL001294,Evergreen,13670,54.96,RTE001506,Maintenance
VSL001295,Maersk Horizon,1860,83.25,RTE002437,Maintenance
VSL001296,Oceanic Titan,3810,108.47,RTE001581,Maintenance
VSL001297,Atlantic Carrier,2830,121.8,RTE000354,Docked
VSL001298,Oceanic Titan,10256,205.82,RTE001537,Active
VSL001299,Oceanic Titan,11933,217.28,RTE000698,Active
VSL001300,Maersk Horizon,5802,251.27,RTE002339,Docked
VSL001301,Oceanic Titan,2272,80.23,RTE002519,Maintenance
VSL001302,Evergreen,11692,219.2,RTE002472,Active
VSL001303,MSC Aurora,12383,227.0,RTE001895,Active
VSL001304,Evergreen,13009,130.51,RTE001843,Docked
VSL001305,Oceanic Titan,1264,287.84,RTE000800,Docked
VSL001306,Atlantic Carrier,1003,238.99,RTE002342,Maintenance
VSL001307,Evergreen,4089,132.93,RTE001708,Maintenance
VSL001308,Atlantic Carrier,13013,95.94,RTE000150,Active
VSL001309,Maersk Horizon,4080,142.06,RTE001746,Docked
VSL001310,MSC Aurora,9378,165.88,RTE000543,Maintenance
VSL001311,Atlantic Carrier,1206,290.68,RTE001541,Maintenance
VSL001312,MSC Aurora,3786,53.34,RTE002700,Active
VSL001313,Oceanic Titan,10651,88.04,RTE000956,Active
VSL001314,Evergreen,12679,62.0,RTE001785,Maintenance
VSL001315,MSC Aurora,19625,273.72,RTE000669,Docked
VSL001316,Atlantic Carrier,4961,190.04,RTE000803,Active
VSL001317,MSC Aurora,10883,298.61,RTE002674,Maintenance
VSL001318,Atlantic Carrier,14897,81.21,RTE000206,Active
VSL001319,Atlantic Carrier,3627,93.94,RTE000359,Docked
VSL001320,Maersk Horizon,5812,76.8,RTE001779,Maintenance
VSL001321,Maersk Horizon,11886,187.47,RTE000321,Docked
VSL001322,Oceanic Titan,1778,255.81,RTE002920,Maintenance
VSL001323,Oceanic Titan,17904,278.63,RTE001679,Active
VSL001324,MSC Aurora,14533,120.06,RTE001924,Active
VSL001325,Evergreen,8997,56.87,RTE000879,Docked
VSL001326,Evergreen,13932,232.75,RTE002289,Docked
VSL001327,MSC Aurora,6462,184.69,RTE000696,Maintenance
VSL001328,Atlantic Carrier,10128,197.93,RTE001779,Active
VSL001329,Atlantic Carrier,6471,92.33,RTE002599,Maintenance
VSL001330,Oceanic Titan,12244,167.74,RTE002720,Active
VSL001331,Oceanic Titan,18534,131.95,RTE001006,Maintenance
VSL001332,Maersk Horizon,13959,298.61,RTE001236,Maintenance
VSL001333,MSC Aurora,6916,293.86,RTE001767,Docked
VSL001334,MSC Aurora,6338,281.07,RTE002036,Docked
VSL001335,Maersk Horizon,6569,73.01,RTE002371,Active
VSL001336,MSC Aurora,5310,181.96,RTE000978,Active
VSL001337,Evergreen,15904,54.33,RTE001535,Maintenance
VSL001338,Evergreen,17613,180.23,RTE000872,Active
VSL001339,Oceanic Titan,13905,242.67,RTE002778,Docked
VSL001340,Evergreen,1437,100.57,RTE001198,Active
VSL001341,Evergreen,10104,141.46,RTE002572,Docked
VSL001342,Atlantic Carrier,19348,189.04,RTE001643,Docked
VSL001343,MSC Aurora,18172,231.07,RTE001969,Active
VSL001344,Maersk Horizon,9097,155.88,RTE000950,Active
VSL001345,Atlantic Carrier,19246,220.82,RTE001723,Docked
VSL001346,Maersk Horizon,4838,212.46,RTE001115,Docked
VSL001347,Atlantic Carrier,3891,63.08,RTE001686,Active
VSL001348,MSC Aurora,5482,129.28,RTE001595,Docked
VSL001349,MSC Aurora,18642,54.04,RTE000712,Maintenance
VSL001350,Atlantic Carrier,7204,164.87,RTE001567,Docked
VSL001351,Evergreen,5966,219.19,RTE002641,Maintenance
VSL001352,Evergreen,3060,63.5,RTE001340,Maintenance
VSL001353,MSC Aurora,17880,59.16,RTE001053,Docked
VSL001354,MSC Aurora,9832,201.74,RTE000957,Docked
VSL001355,Evergreen,5289,170.35,RTE001746,Docked
VSL001356,MSC Aurora,17462,135.06,RTE000515,Active
VSL001357,Maersk Horizon,16907,161.08,RTE002717,Active
VSL001358,Maersk Horizon,16101,139.63,RTE002912,Docked
VSL001359,MSC Aurora,10109,124.53,RTE002363,Active
VSL001360,Oceanic Titan,14628,221.36,RTE000813,Active
VSL001361,Atlantic Carrier,16089,104.42,RTE002421,Active
VSL001362,MSC Aurora,17133,159.75,RTE001830,Maintenance
VSL001363,Evergreen,11468,186.62,RTE000101,Maintenance
VSL001364,Maersk Horizon,12500,132.0,RTE002349,Docked
VSL001365,Oceanic Titan,2346,269.78,RTE000095,Maintenance
VSL001366,MSC Aurora,11177,92.92,RTE002036,Docked
VSL001367,MSC Aurora,1522,99.18,RTE002398,Maintenance
VSL001368,MSC Aurora,17886,276.39,RTE000355,Docked
VSL001369,Oceanic Titan,7006,148.8,RTE002362,Maintenance
VSL001370,MSC Aurora,4994,226.11,RTE000455,Docked
VSL001371,Evergreen,7022,264.7,RTE000519,Docked
VSL001372,Evergreen,8407,172.73,RTE002926,Active
VSL001373,Maersk Horizon,8769,164.33,RTE001869,Docked
VSL001374,Atlantic Carrier,7414,117.85,RTE002623,Maintenance
VSL001375,Evergreen,4739,270.55,RTE000407,Active
VSL001376,Atlantic Carrier,13354,171.74,RTE002353,Docked
VSL001377,MSC Aurora,11768,161.9,RTE000479,Docked
VSL001378,MSC Aurora,1579,123.47,RTE002156,Active
VSL001379,Maersk Horizon,6859,92.36,RTE002322,Active
VSL001380,Atlantic Carrier,14911,241.14,RTE002474,Active
VSL001381,Evergreen,11756,223.13,RTE002330,Maintenance
VSL001382,Oceanic Titan,16682,192.62,RTE001709,Maintenance
VSL001383,Oceanic Titan,11721,141.95,RTE002189,Maintenance
VSL001384,Atlantic Carrier,8633,254.65,RTE002198,Active
VSL001385,Oceanic Titan,12115,176.33,RTE002547,Maintenance
VSL001386,Evergreen,16043,207.05,RTE002797,Docked
VSL001387,Maersk Horizon,4192,143.33,RTE002040,Active
VSL001388,Maersk Horizon,13586,180.38,RTE002831,Maintenance
VSL001389,MSC Aurora,15539,85.28,RTE000781,Active
VSL001390,Oceanic Titan,19211,184.84,RTE001554,Active
VSL001391,Evergreen,7623,191.63,RTE002792,Active
VSL001392,Atlantic Carrier,19199,228.91,RTE002026,Maintenance
VSL001393,Oceanic Titan,17342,72.62,RTE002777,Active
VSL001394,MSC Aurora,18338,273.04,RTE000717,Maintenance
VSL001395,Oceanic Titan,4615,175.21,RTE001037,Active
VSL001396,Oceanic Titan,3424,53.91,RTE002150,Active
VSL001397,Oceanic Titan,14623,240.83,RTE002413,Maintenance
VSL001398,Oceanic Titan,8815,237.87,RTE000885,Maintenance
VSL001399,Atlantic Carrier,14052,281.23,RTE002413,Docked
VSL001400,Evergreen,9739,280.34,RTE002980,Maintenance
VSL001401,Evergreen,14450,269.61,RTE001251,Maintenance
VSL001402,Evergreen,17388,204.28,RTE001029,Active
VSL001403,Evergreen,14671,67.47,RTE000886,Maintenance
VSL001404,Atlantic Carrier,5918,194.69,RTE002490,Maintenance
VSL001405,Evergreen,3280,256.27,RTE001670,Active
VSL001406,Evergreen,5803,190.33,RTE001803,Maintenance
VSL001407,Atlantic Carrier,3678,62.2,RTE001611,Maintenance
VSL001408,Evergreen,3426,230.08,RTE001533,Maintenance
VSL001409,Maersk Horizon,2256,91.92,RTE000080,Docked
VSL001410,MSC Aurora,5750,208.27,RTE002435,Active
VSL001411,Atlantic Carrier,13017,172.06,RTE002136,Maintenance
VSL001412,Maersk Horizon,7555,53.31,RTE001097,Active
VSL001413,Evergreen,4161,263.2,RTE002107,Maintenance
VSL001414,Atlantic Carrier,7340,117.13,RTE001746,Maintenance
VSL001415,Evergreen,2929,190.34,RTE001567,Docked
VSL001416,Evergreen,5376,244.01,RTE001160,Active
VSL001417,Evergreen,6972,259.48,RTE000162,Maintenance
VSL001418,Maersk Horizon,5420,183.24,RTE000503,Active
VSL001419,Evergreen,10819,57.1,RTE001247,Docked
VSL001420,Oceanic Titan,5642,159.73,RTE000248,Active
VSL001421,Evergreen,11519,178.79,RTE002791,Docked
VSL001422,Maersk Horizon,1344,286.4,RTE000685,Maintenance
VSL001423,Atlantic Carrier,3831,96.51,RTE001755,Docked
VSL001424,MSC Aurora,12791,293.34,RTE002715,Maintenance
VSL001425,Evergreen,3840,91.99,RTE000388,Active
VSL001426,MSC Aurora,13241,163.07,RTE001448,Active
VSL001427,Oceanic Titan,11734,247.48,RTE002193,Maintenance
VSL001428,MSC Aurora,3457,245.26,RTE002486,Docked
VSL001429,MSC Aurora,16578,170.92,RTE000144,Active
VSL001430,MSC Aurora,15676,187.19,RTE001834,Active
VSL001431,Atlantic Carrier,1716,171.65,RTE001723,Docked
VSL001432,Maersk Horizon,12586,243.6,RTE002479,Maintenance
VSL001433,Oceanic Titan,9975,283.67,RTE000321,Active
VSL001434,Evergreen,1675,291.6,RTE002708,Docked
VSL001435,MSC Aurora,15825,125.85,RTE000618,Active
VSL001436,Oceanic Titan,15229,233.3,RTE002197,Active
VSL001437,Maersk Horizon,1988,114.32,RTE001689,Active
VSL001438,Maersk Horizon,17070,99.27,RTE000662,Docked
VSL001439,Evergreen,17555,88.36,RTE001091,Docked
VSL001440,Oceanic Titan,19104,164.78,RTE001801,Docked
VSL001441,Atlantic Carrier,7835,269.46,RTE001608,Docked
VSL001442,Evergreen,7570,67.03,RTE000592,Active
VSL001443,Evergreen,1585,54.78,RTE002753,Maintenance
VSL001444,Evergreen,12556,170.54,RTE001806,Docked
VSL001445,Oceanic Titan,12439,102.61,RTE001659,Active
VSL001446,Evergreen,12530,250.88,RTE000745,Docked
VSL001447,Atlantic Carrier,17617,113.83,RTE002887,Docked
VSL001448,Evergreen,12702,59.26,RTE000938,Docked
VSL001449,Maersk Horizon,8835,147.5,RTE002839,Maintenance
VSL001450,Atlantic Carrier,11364,220.14,RTE001600,Docked
VSL001451,MSC Aurora,9994,250.09,RTE002521,Maintenance
VSL001452,Maersk Horizon,9099,64.76,RTE002094,Active
VSL001453,Evergreen,7942,170.28,RTE002380,Docked
VSL001454,Oceanic Titan,19893,84.19,RTE002841,Active
VSL001455,MSC Aurora,18406,179.79,RTE000643,Active
VSL001456,Evergreen,13406,101.2,RTE002404,Docked
VSL001457,Oceanic Titan,15895,224.49,RTE001063,Maintenance
VSL001458,Atlantic Carrier,6269,121.93,RTE000794,Active
VSL001459,Maersk Horizon,15706,147.46,RTE001699,Active
VSL001460,Atlantic Carrier,5750,109.5,RTE002032,Active
VSL001461,MSC Aurora,18999,60.96,RTE000792,Maintenance
VSL001462,Atlantic Carrier,6634,297.82,RTE000458,Docked
VSL001463,Maersk Horizon,3053,284.17,RTE002120,Docked
VSL001464,Maersk Horizon,9412,207.77,RTE001288,Maintenance
VSL001465,MSC Aurora,3898,163.53,RTE000346,Docked
VSL001466,Maersk Horizon,1235,184.93,RTE002279,Docked
VSL001467,MSC Aurora,5850,125.68,RTE001647,Active
VSL001468,MSC Aurora,1921,177.27,RTE002278,Maintenance
VSL001469,Evergreen,16470,118.88,RTE002805,Maintenance
VSL001470,Evergreen,13712,262.52,RTE001836,Maintenance
VSL001471,MSC Aurora,7795,93.24,RTE002113,Maintenance
VSL001472,Atlantic Carrier,1009,157.38,RTE002447,Docked
VSL001473,MSC Aurora,14159,53.47,RTE002352,Docked
VSL001474,Atlantic Carrier,18054,138.17,RTE002384,Active
VSL001475,MSC Aurora,19395,265.61,RTE000733,Active
VSL001476,Oceanic Titan,8242,51.48,RTE001168,Maintenance
VSL001477,MSC Aurora,6881,234.01,RTE002508,Maintenance
VSL001478,MSC Aurora,3822,141.51,RTE002871,Active
VSL001479,Atlantic Carrier,14851,169.32,RTE001432,Active
VSL001480,Evergreen,12814,106.54,RTE002370,Docked
VSL001481,MSC Aurora,9685,58.7,RTE000514,Active
VSL001482,Atlantic Carrier,11951,182.78,RTE000765,Active
VSL001483,Oceanic Titan,12467,63.39,RTE002181,Docked
VSL001484,Oceanic Titan,19452,113.76,RTE001720,Maintenance
VSL001485,Oceanic Titan,10455,161.62,RTE001005,Maintenance
VSL001486,Maersk Horizon,14458,106.75,RTE002072,Active
VSL001487,Evergreen,7579,158.99,RTE001490,Docked
VSL001488,MSC Aurora,10968,118.62,RTE001531,Docked
VSL001489,Atlantic Carrier,16884,223.17,RTE000157,Docked
VSL001490,Maersk Horizon,6120,124.04,RTE002053,Maintenance
VSL001491,Evergreen,14327,152.07,RTE000746,Docked
VSL001492,Maersk Horizon,7344,188.06,RTE001968,Active
VSL001493,Evergreen,10974,239.76,RTE000235,Docked
VSL001494,Oceanic Titan,3385,179.85,RTE002878,Maintenance
VSL001495,MSC Aurora,1094,164.7,RTE001453,Maintenance
VSL001496,Maersk Horizon,8637,197.95,RTE002487,Docked
VSL001497,MSC Aurora,18922,255.67,RTE002058,Docked
VSL001498,Evergreen,8146,252.63,RTE000513,Docked
VSL001499,Maersk Horizon,15626,130.45,RTE001635,Docked
VSL001500,Oceanic Titan,1602,183.59,RTE001212,Maintenance
VSL001501,Evergreen,9768,136.23,RTE001162,Docked
VSL001502,Evergreen,15917,75.41,RTE000751,Active
VSL001503,Atlantic Carrier,2361,298.23,RTE002373,Maintenance
VSL001504,Evergreen,2703,81.92,RTE000588,Docked
VSL001505,Maersk Horizon,15356,162.37,RTE002485,Maintenance
VSL001506,MSC Aurora,11813,67.72,RTE000831,Active
VSL001507,Maersk Horizon,14088,241.55,RTE002092,Maintenance
VSL001508,Atlantic Carrier,19037,212.56,RTE001676,Active
VSL001509,Evergreen,18330,77.06,RTE001717,Maintenance
VSL001510,Oceanic Titan,10755,166.63,RTE002422,Maintenance
VSL001511,Evergreen,14737,214.11,RTE000307,Active
VSL001512,Oceanic Titan,5270,198.15,RTE001774,Docked
VSL001513,Atlantic Carrier,9143,108.18,RTE001840,Active
VSL001514,Atlantic Carrier,5619,289.12,RTE001163,Maintenance
VSL001515,MSC Aurora,8226,241.12,RTE000438,Active
VSL001516,Maersk Horizon,1419,271.7,RTE000987,Docked
VSL001517,Maersk Horizon,3039,222.93,RTE002454,Docked
VSL001518,Oceanic Titan,2094,187.51,RTE001022,Active
VSL001519,Maersk Horizon,14262,219.83,RTE002904,Active
VSL001520,Oceanic Titan,16930,87.88,RTE002325,Active
VSL001521,Oceanic Titan,8921,258.75,RTE001080,Active
VSL001522,Atlantic Carrier,2459,157.62,RTE000812,Maintenance
VSL001523,Oceanic Titan,10652,133.64,RTE000652,Active
VSL001524,Atlantic Carrier,10641,149.93,RTE000426,Docked
VSL001525,Maersk Horizon,3581,150.0,RTE000512,Maintenance
VSL001526,Evergreen,6263,202.53,RTE002163,Active
VSL001527,Maersk Horizon,15512,276.16,RTE002308,Active
VSL001528,Oceanic Titan,14370,151.77,RTE000871,Active
VSL001529,MSC Aurora,15657,150.97,RTE002235,Maintenance
VSL001530,Oceanic Titan,6821,292.81,RTE002843,Docked
VSL001531,Oceanic Titan,10013,255.5,RTE000869,Active
VSL001532,Maersk Horizon,5019,164.12,RTE001605,Active
VSL001533,Maersk Horizon,14540,251.58,RTE000297,Active
VSL001534,Maersk Horizon,5507,230.5,RTE000300,Active
VSL001535,Maersk Horizon,7610,246.81,RTE001151,Docked
VSL001536,Atlantic Carrier,10546,51.86,RTE002705,Docked
VSL001537,Maersk Horizon,9445,62.31,RTE001992,Active
VSL001538,Evergreen,15057,211.75,RTE001862,Active
VSL001539,Atlantic Carrier,9656,215.81,RTE001489,Maintenance
VSL001540,Evergreen,5089,202.5,RTE001186,Maintenance
VSL001541,Evergreen,8845,219.37,RTE001630,Docked
VSL001542,Maersk Horizon,1331,57.5,RTE001914,Docked
VSL001543,Maersk Horizon,1008,62.2,RTE001849,Docked
VSL001544,Oceanic Titan,17969,189.62,RTE002787,Docked
VSL001545,Maersk Horizon,7208,88.7,RTE002941,Maintenance
VSL001546,Atlantic Carrier,15075,257.3,RTE001781,Docked
VSL001547,Maersk Horizon,13300,87.07,RTE000582,Docked
VSL001548,Oceanic Titan,19311,171.16,RTE001286,Docked
VSL001549,Evergreen,5034,291.36,RTE001268,Maintenance
VSL001550,Atlantic Carrier,15639,266.78,RTE001790,Maintenance
VSL001551,Evergreen,16544,278.18,RTE000504,Maintenance
VSL001552,Atlantic Carrier,3087,238.16,RTE002427,Docked
VSL001553,Oceanic Titan,9561,66.52,RTE001794,Active
VSL001554,Oceanic Titan,19864,79.91,RTE002210,Maintenance
VSL001555,Maersk Horizon,7056,183.99,RTE000494,Docked
VSL001556,Evergreen,2217,218.32,RTE001613,Maintenance
VSL001557,Evergreen,16412,283.45,RTE001204,Docked
VSL001558,Evergreen,14220,233.57,RTE001595,Docked
VSL001559,Oceanic Titan,15734,65.11,RTE002005,Maintenance
VSL001560,Oceanic Titan,4602,52.72,RTE001569,Maintenance
VSL001561,Oceanic Titan,15647,291.57,RTE001839,Docked
VSL001562,Evergreen,13380,278.44,RTE001616,Maintenance
VSL001563,Oceanic Titan,1101,95.84,RTE000564,Active
VSL001564,Atlantic Carrier,19654,161.2,RTE002564,Docked
VSL001565,Atlantic Carrier,9378,168.86,RTE001300,Docked
VSL001566,Atlantic Carrier,18628,122.29,RTE002896,Active
VSL001567,Oceanic Titan,6673,180.55,RTE002590,Docked
VSL001568,Oceanic Titan,4928,142.85,RTE001600,Maintenance
VSL001569,Maersk Horizon,7574,247.74,RTE000018,Docked
VSL001570,Oceanic Titan,15391,140.68,RTE002915,Docked
VSL001571,Evergreen,16867,206.56,RTE000868,Docked
VSL001572,Evergreen,14681,156.89,RTE000231,Docked
VSL001573,Oceanic Titan,16418,261.73,RTE000758,Maintenance
VSL001574,MSC Aurora,1477,87.47,RTE002806,Maintenance
VSL001575,Oceanic Titan,9457,98.74,RTE001380,Active
VSL001576,MSC Aurora,11927,51.69,RTE001756,Active
VSL001577,Maersk Horizon,5444,75.69,RTE001504,Active
VSL001578,MSC Aurora,17569,259.27,RTE001616,Active
VSL001579,Maersk Horizon,2506,89.16,RTE002537,Docked
VSL001580,Oceanic Titan,8030,144.19,RTE000415,Maintenance
VSL001581,Atlantic Carrier,5530,296.5,RTE002677,Docked
VSL001582,MSC Aurora,17955,206.93,RTE001945,Docked
VSL001583,Oceanic Titan,18689,271.98,RTE001937,Maintenance
VSL001584,Evergreen,7523,266.48,RTE001045,Docked
VSL001585,Maersk Horizon,3862,204.32,RTE000573,Active
VSL001586,Evergreen,13646,159.51,RTE002598,Docked
VSL001587,Maersk Horizon,16199,168.02,RTE001912,Docked
VSL001588,Evergreen,12812,244.89,RTE000270,Docked
VSL001589,Maersk Horizon,8099,248.52,RTE002807,Active
VSL001590,Oceanic Titan,4838,252.93,RTE002371,Active
VSL001591,Maersk Horizon,17195,111.47,RTE001052,Active
VSL001592,MSC Aurora,9059,59.75,RTE000034,Docked
VSL001593,MSC Aurora,11666,240.8,RTE001051,Maintenance
VSL001594,Evergreen,6016,140.42,RTE002931,Maintenance
VSL001595,Atlantic Carrier,17516,291.32,RTE001224,Docked
VSL001596,MSC Aurora,19244,222.66,RTE002562,Maintenance
VSL001597,Maersk Horizon,10790,150.86,RTE001479,Docked
VSL001598,Atlantic Carrier,12817,107.81,RTE000676,Active
VSL001599,Evergreen,5858,243.92,RTE000839,Maintenance
VSL001600,Evergreen,14299,139.55,RTE002379,Maintenance
VSL001601,Oceanic Titan,17223,171.23,RTE002534,Maintenance
VSL001602,Atlantic Carrier,11320,105.15,RTE000611,Maintenance
VSL001603,Oceanic Titan,12984,190.43,RTE000165,Docked
VSL001604,Atlantic Carrier,3225,130.29,RTE000457,Active
VSL001605,Maersk Horizon,2944,266.99,RTE001983,Maintenance
VSL001606,Maersk Horizon,6123,61.72,RTE000086,Maintenance
VSL001607,Oceanic Titan,6532,293.61,RTE000909,Docked
VSL001608,MSC Aurora,7008,220.84,RTE000032,Maintenance
VSL001609,Maersk Horizon,8273,167.32,RTE001309,Maintenance
VSL001610,Evergreen,10764,120.79,RTE002946,Active
VSL001611,Evergreen,3722,83.35,RTE002143,Maintenance
VSL001612,Oceanic Titan,13529,132.39,RTE000595,Active
VSL001613,Evergreen,4126,255.2,RTE002465,Docked
VSL001614,Evergreen,8333,110.59,RTE002050,Active
VSL001615,MSC Aurora,5503,288.73,RTE002625,Maintenance
VSL001616,Maersk Horizon,10988,138.58,RTE002767,Maintenance
VSL001617,MSC Aurora,11817,75.11,RTE001893,Maintenance
VSL001618,Maersk Horizon,10867,126.48,RTE001740,Active
VSL001619,Maersk Horizon,12988,178.86,RTE002805,Maintenance
VSL001620,Atlantic Carrier,14605,268.39,RTE002746,Active
VSL001621,MSC Aurora,10912,173.56,RTE000887,Docked
VSL001622,Oceanic Titan,8668,176.18,RTE002379,Active
VSL001623,Oceanic Titan,18467,55.45,RTE000658,Docked
VSL001624,Oceanic Titan,2233,222.24,RTE002872,Maintenance
VSL001625,Maersk Horizon,17000,262.44,RTE002148,Maintenance
VSL001626,Atlantic Carrier,6520,132.64,RTE001197,Active
VSL001627,Evergreen,4801,224.94,RTE002907,Active
VSL001628,Evergreen,19235,298.66,RTE001854,Active
VSL001629,Atlantic Carrier,10319,101.2,RTE001280,Docked
VSL001630,MSC Aurora,3999,202.75,RTE001277,Maintenance
VSL001631,MSC Aurora,1242,202.68,RTE001810,Maintenance
VSL001632,Atlantic Carrier,11422,254.95,RTE000556,Maintenance
VSL001633,Evergreen,1495,299.48,RTE000118,Active
VSL001634,MSC Aurora,10221,108.09,RTE002378,Docked
VSL001635,Oceanic Titan,9698,218.07,RTE001902,Maintenance
VSL001636,Evergreen,10945,184.35,RTE000467,Active
VSL001637,MSC Aurora,9136,200.7,RTE002936,Docked
VSL001638,MSC Aurora,12219,64.03,RTE002558,Active
VSL001639,MSC Aurora,8105,168.14,RTE002966,Active
VSL001640,Atlantic Carrier,18099,103.25,RTE002071,Docked
VSL001641,Atlantic Carrier,13208,256.49,RTE000255,Maintenance
VSL001642,Maersk Horizon,6121,215.03,RTE000003,Active
VSL001643,Evergreen,2941,205.01,RTE000331,Active
VSL001644,Oceanic Titan,19657,67.96,RTE001103,Active
VSL001645,Maersk Horizon,2341,91.04,RTE000452,Active
VSL001646,MSC Aurora,11323,164.23,RTE000977,Docked
VSL001647,Oceanic Titan,17062,72.24,RTE001668,Maintenance
VSL001648,Atlantic Carrier,8478,61.19,RTE002955,Active
VSL001649,Atlantic Carrier,9100,104.66,RTE002439,Docked
VSL001650,Oceanic Titan,16339,130.2,RTE001421,Active
VSL001651,Evergreen,16054,55.05,RTE000928,Active
VSL001652,Maersk Horizon,19411,71.35,RTE001263,Docked
VSL001653,Oceanic Titan,13134,162.43,RTE001028,Active
VSL001654,Oceanic Titan,18825,285.56,RTE000249,Active
VSL001655,Evergreen,15802,216.57,RTE002329,Active
VSL001656,MSC Aurora,8185,184.13,RTE000028,Active
VSL001657,Atlantic Carrier,10719,54.51,RTE001054,Maintenance
VSL001658,Atlantic Carrier,3845,51.53,RTE000099,Docked
VSL001659,Atlantic Carrier,10501,213.19,RTE001001,Docked
VSL001660,Atlantic Carrier,11783,209.47,RTE000272,Docked
VSL001661,Oceanic Titan,12150,251.46,RTE001646,Maintenance
VSL001662,MSC Aurora,8425,257.28,RTE000578,Docked
VSL001663,Oceanic Titan,14158,185.59,RTE001854,Active
VSL001664,MSC Aurora,10814,204.62,RTE000398,Docked
VSL001665,Atlantic Carrier,13329,160.8,RTE000297,Docked
VSL001666,Evergreen,14109,247.04,RTE001671,Docked
VSL001667,Atlantic Carrier,19612,77.54,RTE001769,Active
VSL001668,Evergreen,8012,54.75,RTE002606,Active
VSL001669,Atlantic Carrier,17872,62.46,RTE001281,Active
VSL001670,MSC Aurora,4553,278.25,RTE000239,Docked
VSL001671,Evergreen,9065,281.07,RTE000440,Maintenance
VSL001672,MSC Aurora,5317,75.68,RTE002118,Maintenance
VSL001673,Maersk Horizon,3873,122.83,RTE002638,Maintenance
VSL001674,Maersk Horizon,13986,192.44,RTE002857,Active
VSL001675,Maersk Horizon,12024,130.08,RTE002926,Docked
VSL001676,Maersk Horizon,7044,197.97,RTE002940,Maintenance
VSL001677,Atlantic Carrier,19338,117.95,RTE000551,Docked
VSL001678,Oceanic Titan,17525,242.06,RTE001553,Active
VSL001679,Evergreen,2971,215.24,RTE001954,Maintenance
VSL001680,Maersk Horizon,12774,109.31,RTE000034,Docked
VSL001681,Maersk Horizon,1995,68.3,RTE002025,Active
VSL001682,Evergreen,14743,291.6,RTE001921,Active
VSL001683,Oceanic Titan,2972,180.89,RTE000660,Docked
VSL001684,MSC Aurora,17720,138.78,RTE002888,Active
VSL001685,Evergreen,4171,85.11,RTE002316,Active
VSL001686,Evergreen,2828,214.28,RTE002750,Maintenance
VSL001687,Evergreen,10365,161.4,RTE002569,Maintenance
VSL001688,MSC Aurora,3240,173.04,RTE002896,Maintenance
VSL001689,Atlantic Carrier,16742,184.66,RTE002500,Active
VSL001690,Oceanic Titan,7420,282.52,RTE001976,Docked
VSL001691,Atlantic Carrier,18298,226.26,RTE002572,Active
VSL001692,Evergreen,15859,166.47,RTE001910,Maintenance
VSL001693,Oceanic Titan,19825,121.83,RTE002600,Active
VSL001694,Atlantic Carrier,16851,294.05,RTE002129,Active
VSL001695,Maersk Horizon,6974,55.55,RTE000298,Docked
VSL001696,Evergreen,4112,132.29,RTE000029,Active
VSL001697,Atlantic Carrier,7445,159.95,RTE002657,Active
VSL001698,Atlantic Carrier,1881,207.55,RTE000635,Maintenance
VSL001699,MSC Aurora,3364,297.12,RTE002630,Docked
VSL001700,Maersk Horizon,12207,150.44,RTE002766,Active
VSL001701,Evergreen,14391,107.84,RTE000758,Maintenance
VSL001702,Atlantic Carrier,16604,81.13,RTE002535,Active
VSL001703,Oceanic Titan,8124,263.32,RTE000936,Active
VSL001704,Evergreen,16394,87.15,RTE002978,Active
VSL001705,Oceanic Titan,18661,144.71,RTE001982,Docked
VSL001706,Oceanic Titan,9786,209.34,RTE001254,Active
VSL001707,Maersk Horizon,17301,256.54,RTE000003,Active
VSL001708,Oceanic Titan,8679,267.28,RTE002953,Maintenance
VSL001709,Oceanic Titan,8529,193.29,RTE001125,Active
VSL001710,Oceanic Titan,5018,105.25,RTE000894,Active
VSL001711,Evergreen,11687,181.63,RTE002158,Maintenance
VSL001712,Evergreen,8663,147.57,RTE000305,Active
VSL001713,Oceanic Titan,14974,107.34,RTE002671,Docked
VSL001714,MSC Aurora,11649,118.11,RTE002800,Active
VSL001715,Atlantic Carrier,14603,189.72,RTE000068,Docked
VSL001716,Evergreen,13357,100.22,RTE002142,Maintenance
VSL001717,Evergreen,18839,291.12,RTE002170,Active
VSL001718,Maersk Horizon,2979,151.97,RTE001820,Docked
VSL001719,MSC Aurora,6278,271.12,RTE001215,Maintenance
VSL001720,Evergreen,7617,205.09,RTE000730,Active
VSL001721,Maersk Horizon,16912,244.28,RTE001176,Docked
VSL001722,MSC Aurora,4692,72.08,RTE002461,Active
VSL001723,MSC Aurora,7281,213.68,RTE001468,Docked
VSL001724,Oceanic Titan,7120,129.99,RTE002845,Active
VSL001725,Evergreen,18824,208.25,RTE002184,Docked
VSL001726,Oceanic Titan,1029,266.1,RTE000246,Active
VSL001727,Atlantic Carrier,11355,97.15,RTE001988,Docked
VSL001728,Oceanic Titan,10524,161.48,RTE000318,Docked
VSL001729,MSC Aurora,11935,224.47,RTE000448,Active
VSL001730,Evergreen,19555,215.57,RTE000264,Active
VSL001731,Evergreen,13952,159.34,RTE000678,Maintenance
VSL001732,Oceanic Titan,15526,56.85,RTE000900,Maintenance
VSL001733,MSC Aurora,4121,51.6,RTE001114,Maintenance
VSL001734,Oceanic Titan,10729,50.86,RTE000952,Maintenance
VSL001735,Oceanic Titan,15086,137.01,RTE001938,Docked
VSL001736,Atlantic Carrier,17330,60.52,RTE002236,Active
VSL001737,Oceanic Titan,10709,124.65,RTE001601,Docked
VSL001738,Evergreen,19830,277.16,RTE002389,Maintenance
VSL001739,Maersk Horizon,16814,194.72,RTE001666,Docked
VSL001740,Oceanic Titan,17982,109.53,RTE001910,Maintenance
VSL001741,Maersk Horizon,19771,173.09,RTE000274,Maintenance
VSL001742,Evergreen,4180,181.63,RTE002660,Maintenance
VSL001743,MSC Aurora,6796,188.78,RTE002084,Docked
VSL001744,Oceanic Titan,17051,111.51,RTE001106,Docked
VSL001745,Evergreen,2430,91.29,RTE001229,Maintenance
VSL001746,Maersk Horizon,2613,276.8,RTE001765,Maintenance
VSL001747,Atlantic Carrier,12261,91.39,RTE001309,Active
VSL001748,Evergreen,7403,120.37,RTE000148,Active
VSL001749,Evergreen,15179,184.37,RTE000706,Maintenance
VSL001750,Evergreen,9479,148.78,RTE002046,Maintenance
VSL001751,MSC Aurora,16750,144.82,RTE002819,Docked
VSL001752,Evergreen,19897,214.27,RTE001623,Maintenance
VSL001753,Maersk Horizon,5663,59.75,RTE001236,Maintenance
VSL001754,MSC Aurora,12973,218.48,RTE000555,Maintenance
VSL001755,Maersk Horizon,13041,262.86,RTE002667,Active
VSL001756,Atlantic Carrier,7441,193.62,RTE002471,Active
VSL001757,Maersk Horizon,2702,167.32,RTE000795,Docked
VSL001758,Oceanic Titan,18420,135.2,RTE001118,Active
VSL001759,Oceanic Titan,4369,165.65,RTE002148,Docked
VSL001760,Atlantic Carrier,9862,212.59,RTE000642,Maintenance
VSL001761,Oceanic Titan,19039,219.81,RTE002324,Active
VSL001762,MSC Aurora,11262,150.49,RTE001666,Docked
VSL001763,MSC Aurora,1478,150.4,RTE000085,Maintenance
VSL001764,Oceanic Titan,19487,62.1,RTE002730,Docked
VSL001765,MSC Aurora,14240,147.05,RTE000932,Docked
VSL001766,MSC Aurora,5126,191.88,RTE002711,Maintenance
VSL001767,MSC Aurora,19936,65.07,RTE000403,Active
VSL001768,Atlantic Carrier,10035,88.41,RTE000952,Active
VSL001769,Oceanic Titan,8808,93.49,RTE002513,Maintenance
VSL001770,Oceanic Titan,18451,134.9,RTE001825,Maintenance
VSL001771,MSC Aurora,4924,291.38,RTE002544,Maintenance
VSL001772,MSC Aurora,19294,83.73,RTE001824,Maintenance
VSL001773,Evergreen,6925,115.89,RTE001187,Maintenance
VSL001774,Oceanic Titan,1631,106.39,RTE002193,Maintenance
VSL001775,Evergreen,12932,126.9,RTE001532,Active
VSL001776,Evergreen,10397,149.52,RTE002033,Maintenance
VSL001777,Oceanic Titan,16561,65.95,RTE000041,Maintenance
VSL001778,Atlantic Carrier,2282,289.7,RTE000963,Docked
VSL001779,Maersk Horizon,13650,192.3,RTE002991,Maintenance
VSL001780,Oceanic Titan,9098,214.42,RTE002124,Maintenance
VSL001781,Oceanic Titan,14238,60.6,RTE001244,Active
VSL001782,MSC Aurora,13245,220.26,RTE000727,Active
VSL001783,MSC Aurora,3183,61.73,RTE002735,Maintenance
VSL001784,Atlantic Carrier,19267,52.7,RTE001903,Maintenance
VSL001785,Maersk Horizon,19115,234.28,RTE001347,Active
VSL001786,Atlantic Carrier,9470,100.5,RTE002709,Docked
VSL001787,Evergreen,7661,229.05,RTE001253,Maintenance
VSL001788,Oceanic Titan,17450,59.43,RTE000156,Maintenance
VSL001789,Oceanic Titan,10255,89.11,RTE000112,Active
VSL001790,Maersk Horizon,17297,207.6,RTE001554,Maintenance
VSL001791,Atlantic Carrier,3426,221.92,RTE002570,Maintenance
VSL001792,Evergreen,10410,189.3,RTE000859,Active
VSL001793,Evergreen,14055,164.0,RTE001791,Docked
VSL001794,Maersk Horizon,9970,206.38,RTE001218,Docked
VSL001795,Maersk Horizon,8507,73.95,RTE001600,Docked
VSL001796,Evergreen,17609,138.11,RTE001478,Active
VSL001797,Atlantic Carrier,15345,109.37,RTE002069,Docked
VSL001798,Evergreen,12477,276.03,RTE000745,Maintenance
VSL001799,MSC Aurora,17754,78.53,RTE002147,Docked
VSL001800,Atlantic Carrier,19940,235.62,RTE000126,Maintenance
VSL001801,Maersk Horizon,7285,132.47,RTE000705,Docked
VSL001802,Evergreen,6791,51.45,RTE001942,Maintenance
VSL001803,Oceanic Titan,11746,125.94,RTE001294,Docked
VSL001804,Atlantic Carrier,19089,295.36,RTE000258,Active
VSL001805,Evergreen,2459,88.03,RTE002899,Active
VSL001806,Oceanic Titan,16553,198.18,RTE002830,Maintenance
VSL001807,Maersk Horizon,1961,265.87,RTE001888,Active
VSL001808,Oceanic Titan,2317,104.89,RTE000925,Maintenance
VSL001809,MSC Aurora,15596,170.51,RTE000306,Docked
VSL001810,Atlantic Carrier,6268,275.77,RTE000891,Active
VSL001811,Evergreen,3108,126.35,RTE002328,Maintenance
VSL001812,Evergreen,19754,292.49,RTE001216,Docked
VSL001813,MSC Aurora,19839,77.93,RTE002055,Active
VSL001814,MSC Aurora,18925,269.88,RTE002039,Active
VSL001815,Atlantic Carrier,3877,160.08,RTE000595,Active
VSL001816,Oceanic Titan,5921,293.84,RTE001130,Active
VSL001817,Evergreen,6307,164.51,RTE001604,Docked
VSL001818,Maersk Horizon,3616,220.31,RTE002756,Maintenance
VSL001819,Oceanic Titan,11403,60.34,RTE001568,Active
VSL001820,Maersk Horizon,10845,235.81,RTE002778,Maintenance
VSL001821,Oceanic Titan,9951,196.85,RTE000492,Active
VSL001822,Oceanic Titan,12377,177.1,RTE000790,Active
VSL001823,Oceanic Titan,7599,200.73,RTE001652,Active
VSL001824,Maersk Horizon,12345,58.93,RTE000996,Docked
VSL001825,Atlantic Carrier,11596,267.08,RTE001264,Active
VSL001826,Oceanic Titan,1677,278.47,RTE001361,Maintenance
VSL001827,Maersk Horizon,12956,136.99,RTE002854,Maintenance
VSL001828,Maersk Horizon,19644,88.61,RTE000626,Active
VSL001829,Atlantic Carrier,3847,116.15,RTE001849,Active
VSL001830,MSC Aurora,7221,95.78,RTE000574,Active
VSL001831,Maersk Horizon,13160,212.65,RTE000443,Maintenance
VSL001832,MSC Aurora,6617,171.99,RTE000259,Active
VSL001833,Atlantic Carrier,8840,102.7,RTE002031,Maintenance
VSL001834,Maersk Horizon,11324,77.88,RTE001348,Active
VSL001835,Oceanic Titan,5368,143.24,RTE000714,Docked
VSL001836,Maersk Horizon,2898,101.73,RTE002162,Docked
VSL001837,Evergreen,1478,178.89,RTE002053,Docked
VSL001838,Atlantic Carrier,13496,68.4,RTE001906,Maintenance
VSL001839,Evergreen,5223,86.65,RTE000891,Docked
VSL001840,Atlantic Carrier,17497,274.08,RTE001659,Maintenance
VSL001841,Maersk Horizon,17866,60.96,RTE000969,Docked
VSL001842,MSC Aurora,4683,210.19,RTE001396,Docked
VSL001843,Atlantic Carrier,10504,147.29,RTE000810,Active
VSL001844,MSC Aurora,6978,113.25,RTE000883,Docked
VSL001845,Maersk Horizon,13393,85.97,RTE001825,Active
VSL001846,Evergreen,2019,296.15,RTE002040,Docked
VSL001847,Maersk Horizon,17668,144.9,RTE000968,Docked
VSL001848,Maersk Horizon,1182,57.22,RTE000987,Active
VSL001849,Oceanic Titan,18426,280.76,RTE002961,Active
VSL001850,MSC Aurora,3481,93.51,RTE001416,Maintenance
VSL001851,Oceanic Titan,9939,165.89,RTE001265,Active
VSL001852,MSC Aurora,4793,224.58,RTE000360,Docked
VSL001853,Oceanic Titan,6186,284.15,RTE001233,Active
VSL001854,Atlantic Carrier,15426,114.03,RTE000306,Active
VSL001855,Maersk Horizon,10382,81.89,RTE001069,Active
VSL001856,Atlantic Carrier,16401,143.23,RTE001500,Active
VSL001857,Oceanic Titan,3146,193.19,RTE001704,Active
VSL001858,Atlantic Carrier,12666,102.18,RTE002916,Docked
VSL001859,Oceanic Titan,17685,85.36,RTE000270,Active
VSL001860,Oceanic Titan,16570,109.16,RTE000058,Docked
VSL001861,Maersk Horizon,12228,78.01,RTE002723,Docked
VSL001862,Maersk Horizon,9299,186.04,RTE001647,Active
VSL001863,Evergreen,9977,293.5,RTE001582,Docked
VSL001864,Evergreen,16110,195.77,RTE002747,Docked
VSL001865,MSC Aurora,10872,195.14,RTE002328,Active
VSL001866,Maersk Horizon,19338,123.7,RTE001576,Docked
VSL001867,Atlantic Carrier,8747,257.99,RTE001233,Docked
VSL001868,Evergreen,13740,172.33,RTE001808,Maintenance
VSL001869,Oceanic Titan,10118,57.37,RTE002452,Active
VSL001870,Maersk Horizon,18661,59.4,RTE001804,Maintenance
VSL001871,MSC Aurora,16292,122.95,RTE000781,Docked
VSL001872,Maersk Horizon,14535,202.92,RTE000847,Active
VSL001873,Oceanic Titan,9964,87.86,RTE002901,Docked
VSL001874,Atlantic Carrier,8249,231.11,RTE002870,Maintenance
VSL001875,Evergreen,12184,244.42,RTE000561,Active
VSL001876,Oceanic Titan,19046,186.9,RTE002567,Maintenance
VSL001877,Evergreen,6655,279.25,RTE002626,Active
VSL001878,Maersk Horizon,13130,130.43,RTE002371,Maintenance
VSL001879,Oceanic Titan,9171,244.22,RTE000693,Docked
VSL001880,MSC Aurora,6387,169.3,RTE001770,Maintenance
VSL001881,MSC Aurora,9134,265.23,RTE000772,Active
VSL001882,Maersk Horizon,12139,60.48,RTE001452,Docked
VSL001883,Oceanic Titan,8410,74.0,RTE002213,Docked
VSL001884,MSC Aurora,17368,292.47,RTE002830,Active
VSL001885,Maersk Horizon,19787,111.61,RTE000568,Docked
VSL001886,Maersk Horizon,19420,179.37,RTE002735,Maintenance
VSL001887,Maersk Horizon,13586,134.67,RTE002274,Active
VSL001888,Oceanic Titan,3867,103.31,RTE001808,Maintenance
VSL001889,Oceanic Titan,15268,212.28,RTE000309,Docked
VSL001890,MSC Aurora,1957,232.22,RTE000203,Maintenance
VSL001891,Atlantic Carrier,5610,281.3,RTE000183,Docked
VSL001892,Oceanic Titan,1626,237.74,RTE002268,Active
VSL001893,MSC Aurora,4091,264.2,RTE002163,Active
VSL001894,MSC Aurora,13162,126.42,RTE000798,Maintenance
VSL001895,Oceanic Titan,15861,276.69,RTE002763,Active
VSL001896,Maersk Horizon,8866,172.78,RTE001422,Maintenance
VSL001897,Atlantic Carrier,4993,156.76,RTE001279,Active
VSL001898,Atlantic Carrier,18197,94.71,RTE000958,Docked
VSL001899,MSC Aurora,17965,224.58,RTE000067,Active
VSL001900,Oceanic Titan,4823,281.84,RTE002791,Maintenance
VSL001901,Oceanic Titan,8052,193.57,RTE001217,Active
VSL001902,MSC Aurora,14806,173.53,RTE001726,Maintenance
VSL001903,Evergreen,15393,206.47,RTE002139,Active
VSL001904,Maersk Horizon,4985,146.94,RTE001432,Maintenance
VSL001905,MSC Aurora,9740,75.54,RTE000881,Maintenance
VSL001906,Maersk Horizon,5689,245.91,RTE002635,Active
VSL001907,Atlantic Carrier,16995,176.2,RTE000042,Docked
VSL001908,Maersk Horizon,5471,56.31,RTE002915,Maintenance
VSL001909,Maersk Horizon,15998,147.94,RTE000917,Maintenance
VSL001910,Oceanic Titan,1425,244.56,RTE001596,Active
VSL001911,Oceanic Titan,10451,237.13,RTE000578,Maintenance
VSL001912,MSC Aurora,16617,159.0,RTE001125,Docked
VSL001913,Maersk Horizon,2169,249.83,RTE000173,Docked
VSL001914,MSC Aurora,7420,232.64,RTE001717,Docked
VSL001915,Maersk Horizon,17490,96.62,RTE002697,Active
VSL001916,Evergreen,15727,106.32,RTE000726,Docked
VSL001917,Atlantic Carrier,1881,246.76,RTE002998,Docked
VSL001918,MSC Aurora,1526,102.18,RTE001062,Active
VSL001919,MSC Aurora,17724,279.63,RTE000616,Maintenance
VSL001920,Evergreen,5479,52.18,RTE000547,Active
VSL001921,Oceanic Titan,7316,182.87,RTE000006,Active
VSL001922,MSC Aurora,8256,127.52,RTE001759,Docked
VSL001923,Oceanic Titan,11912,58.38,RTE000835,Active
VSL001924,Evergreen,11002,176.06,RTE000481,Docked
VSL001925,Atlantic Carrier,9863,268.77,RTE002568,Maintenance
VSL001926,MSC Aurora,19928,58.25,RTE002341,Active
VSL001927,Oceanic Titan,2584,170.39,RTE000140,Maintenance
VSL001928,Oceanic Titan,14852,246.78,RTE001443,Docked
VSL001929,Maersk Horizon,7562,55.22,RTE000284,Docked
VSL001930,Atlantic Carrier,7659,64.67,RTE000190,Active
VSL001931,Atlantic Carrier,6410,229.51,RTE000524,Docked
VSL001932,Atlantic Carrier,10461,184.42,RTE002012,Active
VSL001933,MSC Aurora,2171,227.94,RTE002159,Maintenance
VSL001934,Maersk Horizon,1779,189.1,RTE002677,Maintenance
VSL001935,Oceanic Titan,2098,51.25,RTE001944,Active
VSL001936,Evergreen,4489,255.36,RTE000359,Active
VSL001937,Atlantic Carrier,3015,90.98,RTE001354,Maintenance
VSL001938,Evergreen,1359,268.65,RTE002594,Docked
VSL001939,Oceanic Titan,2838,219.99,RTE002755,Maintenance
VSL001940,Oceanic Titan,15283,95.35,RTE000574,Docked
VSL001941,Atlantic Carrier,16600,224.29,RTE001027,Active
VSL001942,Oceanic Titan,7728,236.08,RTE000126,Active
VSL001943,Evergreen,15119,254.23,RTE001923,Docked
VSL001944,MSC Aurora,18775,294.11,RTE001870,Docked
VSL001945,Evergreen,19170,108.86,RTE002736,Docked
VSL001946,MSC Aurora,15231,249.87,RTE000446,Maintenance
VSL001947,Oceanic Titan,1249,227.84,RTE000736,Maintenance
VSL001948,MSC Aurora,9410,88.18,RTE001446,Maintenance
VSL001949,Oceanic Titan,9787,295.93,RTE002521,Maintenance
VSL001950,Oceanic Titan,3207,121.69,RTE000402,Docked
VSL001951,Evergreen,16509,59.34,RTE001822,Maintenance
VSL001952,Evergreen,4016,193.05,RTE001741,Active
VSL001953,Atlantic Carrier,14892,228.73,RTE000005,Maintenance
VSL001954,MSC Aurora,5138,93.28,RTE001547,Docked
VSL001955,Evergreen,16357,174.8,RTE000524,Docked
VSL001956,Oceanic Titan,16904,275.7,RTE000134,Active
VSL001957,Atlantic Carrier,11168,214.28,RTE000739,Active
VSL001958,MSC Aurora,10479,280.2,RTE000597,Docked
VSL001959,Atlantic Carrier,6556,242.8,RTE001907,Active
VSL001960,Evergreen,18560,239.61,RTE000425,Active
VSL001961,Evergreen,18458,104.48,RTE002092,Docked
VSL001962,Evergreen,5391,156.81,RTE000865,Docked
VSL001963,Atlantic Carrier,19597,210.9,RTE001371,Docked
VSL001964,Oceanic Titan,15523,122.58,RTE001265,Maintenance
VSL001965,Maersk Horizon,11684,115.22,RTE001189,Maintenance
VSL001966,Atlantic Carrier,17052,54.44,RTE001065,Active
VSL001967,MSC Aurora,17942,129.67,RTE002288,Maintenance
VSL001968,MSC Aurora,18302,271.57,RTE000377,Docked
VSL001969,Maersk Horizon,19454,91.17,RTE001440,Docked
VSL001970,Oceanic Titan,17876,257.44,RTE002220,Active
VSL001971,Oceanic Titan,18321,147.79,RTE001254,Maintenance
VSL001972,Maersk Horizon,4376,265.88,RTE002411,Maintenance
VSL001973,Evergreen,4750,258.93,RTE001770,Docked
VSL001974,Atlantic Carrier,11844,219.78,RTE001426,Maintenance
VSL001975,Maersk Horizon,16787,290.22,RTE002260,Active
VSL001976,Oceanic Titan,2160,278.97,RTE001357,Active
VSL001977,Atlantic Carrier,12569,291.63,RTE000652,Docked
VSL001978,Evergreen,1747,269.17,RTE001375,Maintenance
VSL001979,MSC Aurora,10760,136.87,RTE002000,Active
VSL001980,Maersk Horizon,15421,243.47,RTE001967,Active
VSL001981,Atlantic Carrier,17057,211.6,RTE002376,Docked
VSL001982,Atlantic Carrier,8774,257.89,RTE001045,Active
VSL001983,Atlantic Carrier,6808,249.06,RTE002181,Docked
VSL001984,Evergreen,1312,286.74,RTE001177,Docked
VSL001985,Oceanic Titan,14930,207.53,RTE001262,Active
VSL001986,Oceanic Titan,14714,197.61,RTE001162,Maintenance
VSL001987,Oceanic Titan,11744,247.89,RTE002494,Maintenance
VSL001988,Oceanic Titan,15816,209.84,RTE001757,Maintenance
VSL001989,MSC Aurora,13926,258.08,RTE002051,Docked
VSL001990,Evergreen,12302,297.2,RTE000201,Docked
VSL001991,Atlantic Carrier,2767,235.29,RTE000023,Maintenance
VSL001992,Evergreen,2252,193.28,RTE000011,Maintenance
VSL001993,Oceanic Titan,10551,204.08,RTE000958,Maintenance
VSL001994,Maersk Horizon,16527,126.95,RTE000452,Docked
VSL001995,Evergreen,6382,162.46,RTE002949,Docked
VSL001996,Maersk Horizon,1124,121.27,RTE000254,Docked
VSL001997,Maersk Horizon,15040,284.59,RTE000461,Docked
VSL001998,Oceanic Titan,8462,139.99,RTE000477,Docked
VSL001999,Evergreen,8746,291.3,RTE000288,Docked
VSL002000,Oceanic Titan,10407,234.89,RTE000495,Maintenance
VSL002001,Evergreen,15516,179.76,RTE000582,Docked
VSL002002,Oceanic Titan,2595,277.93,RTE002858,Docked
VSL002003,Atlantic Carrier,12982,172.99,RTE001309,Docked
VSL002004,Oceanic Titan,15308,116.22,RTE000561,Docked
VSL002005,Maersk Horizon,12057,138.3,RTE000242,Active
VSL002006,Oceanic Titan,14462,127.77,RTE001147,Maintenance
VSL002007,Maersk Horizon,13962,126.02,RTE001296,Active
VSL002008,Maersk Horizon,8906,294.58,RTE000665,Docked
VSL002009,Evergreen,16833,215.79,RTE001357,Active
VSL002010,Oceanic Titan,11157,269.72,RTE000405,Docked
VSL002011,Atlantic Carrier,15848,56.01,RTE000597,Active
VSL002012,MSC Aurora,15930,208.89,RTE002410,Maintenance
VSL002013,Evergreen,8632,187.38,RTE002223,Docked
VSL002014,Maersk Horizon,4472,217.16,RTE001253,Maintenance
VSL002015,Maersk Horizon,4522,160.86,RTE000995,Docked
VSL002016,Atlantic Carrier,6296,241.61,RTE002750,Docked
VSL002017,Atlantic Carrier,17549,243.82,RTE002279,Maintenance
VSL002018,MSC Aurora,5179,282.28,RTE001310,Active
VSL002019,Maersk Horizon,3642,92.4,RTE000870,Docked
VSL002020,Maersk Horizon,12807,189.9,RTE002995,Maintenance
VSL002021,Maersk Horizon,3291,91.37,RTE000589,Docked
VSL002022,Evergreen,6996,294.73,RTE000187,Active
VSL002023,Oceanic Titan,14961,61.4,RTE001948,Docked
VSL002024,MSC Aurora,5993,267.51,RTE002479,Maintenance
VSL002025,Oceanic Titan,2026,251.71,RTE001001,Maintenance
VSL002026,Oceanic Titan,16549,162.72,RTE002870,Active
VSL002027,MSC Aurora,9522,109.65,RTE001128,Active
VSL002028,Maersk Horizon,17943,194.52,RTE000739,Active
VSL002029,Maersk Horizon,14016,107.17,RTE002578,Maintenance
VSL002030,Oceanic Titan,14036,117.26,RTE000087,Active
VSL002031,Oceanic Titan,1874,202.62,RTE002477,Docked
VSL002032,Atlantic Carrier,9910,152.17,RTE002469,Active
VSL002033,Atlantic Carrier,7681,299.82,RTE000189,Maintenance
VSL002034,Maersk Horizon,15743,103.35,RTE000887,Docked
VSL002035,Oceanic Titan,15814,71.3,RTE002226,Docked
VSL002036,Oceanic Titan,4448,269.79,RTE001401,Maintenance
VSL002037,Evergreen,10417,259.75,RTE000651,Docked
VSL002038,Atlantic Carrier,10548,216.29,RTE000289,Active
VSL002039,Maersk Horizon,2493,212.12,RTE002004,Active
VSL002040,Atlantic Carrier,12302,172.76,RTE000373,Active
VSL002041,Atlantic Carrier,2490,167.91,RTE001585,Active
VSL002042,Maersk Horizon,6557,125.0,RTE000573,Active
VSL002043,Evergreen,16990,177.27,RTE001348,Docked
VSL002044,MSC Aurora,16596,190.58,RTE001536,Docked
VSL002045,Atlantic Carrier,12112,199.53,RTE000597,Docked
VSL002046,Atlantic Carrier,9723,237.04,RTE000574,Maintenance
VSL002047,Atlantic Carrier,17933,108.69,RTE000900,Maintenance
VSL002048,Maersk Horizon,17957,295.42,RTE002162,Docked
VSL002049,Atlantic Carrier,11214,257.84,RTE002015,Maintenance
VSL002050,MSC Aurora,8044,110.26,RTE002415,Docked
VSL002051,MSC Aurora,14289,231.31,RTE000622,Maintenance
VSL002052,MSC Aurora,18090,112.0,RTE000988,Active
VSL002053,Oceanic Titan,4601,199.74,RTE000677,Active
VSL002054,Atlantic Carrier,10619,139.98,RTE002640,Docked
VSL002055,Oceanic Titan,17061,58.0,RTE000756,Active
VSL002056,Maersk Horizon,7530,161.38,RTE001408,Docked
VSL002057,MSC Aurora,16922,259.4,RTE001560,Active
VSL002058,Maersk Horizon,12325,61.3,RTE001030,Maintenance
VSL002059,Maersk Horizon,13558,136.51,RTE002210,Active
VSL002060,Maersk Horizon,17817,215.22,RTE000471,Maintenance
VSL002061,Oceanic Titan,14955,160.63,RTE000916,Maintenance
VSL002062,Oceanic Titan,9829,133.56,RTE001950,Docked
VSL002063,Maersk Horizon,19391,71.98,RTE000518,Active
VSL002064,Atlantic Carrier,6082,122.98,RTE001646,Maintenance
VSL002065,Oceanic Titan,3853,148.34,RTE000731,Docked
VSL002066,Oceanic Titan,13354,168.04,RTE000901,Active
VSL002067,Evergreen,9017,299.84,RTE002484,Docked
VSL002068,Evergreen,1997,166.69,RTE001727,Docked
VSL002069,Evergreen,6516,96.72,RTE001413,Maintenance
VSL002070,Maersk Horizon,7031,224.49,RTE001613,Maintenance
VSL002071,Maersk Horizon,16220,136.75,RTE002884,Active
VSL002072,MSC Aurora,17700,284.2,RTE002333,Maintenance
VSL002073,MSC Aurora,4316,174.47,RTE002975,Active
VSL002074,Maersk Horizon,5971,159.42,RTE000056,Docked
VSL002075,Atlantic Carrier,17999,237.22,RTE000009,Docked
VSL002076,Evergreen,16710,293.98,RTE002707,Docked
VSL002077,MSC Aurora,15638,118.04,RTE001033,Active
VSL002078,MSC Aurora,12602,97.28,RTE000380,Docked
VSL002079,Maersk Horizon,11050,221.51,RTE000810,Active
VSL002080,Atlantic Carrier,17948,126.74,RTE002630,Docked
VSL002081,Oceanic Titan,1746,164.36,RTE000753,Maintenance
VSL002082,MSC Aurora,7913,167.94,RTE001123,Maintenance
VSL002083,Oceanic Titan,10380,114.89,RTE000735,Maintenance
VSL002084,Oceanic Titan,16686,60.25,RTE001782,Maintenance
VSL002085,MSC Aurora,7585,275.17,RTE001304,Docked
VSL002086,Oceanic Titan,17425,209.92,RTE000700,Docked
VSL002087,Atlantic Carrier,3954,86.45,RTE001493,Maintenance
VSL002088,Evergreen,18338,131.43,RTE001161,Maintenance
VSL002089,Evergreen,3956,146.78,RTE001658,Active
VSL002090,MSC Aurora,1552,182.09,RTE002208,Maintenance
VSL002091,Evergreen,16969,72.85,RTE002862,Docked
VSL002092,Oceanic Titan,4754,153.58,RTE002232,Maintenance
VSL002093,Maersk Horizon,8411,153.46,RTE002762,Docked
VSL002094,Maersk Horizon,11219,292.91,RTE002701,Active
VSL002095,Maersk Horizon,2213,65.36,RTE001711,Docked
VSL002096,Maersk Horizon,15034,55.25,RTE000449,Docked
VSL002097,Maersk Horizon,3148,109.76,RTE000858,Maintenance
VSL002098,Atlantic Carrier,4908,61.71,RTE000400,Active
VSL002099,Oceanic Titan,11615,173.25,RTE002442,Maintenance
VSL002100,Maersk Horizon,12253,213.05,RTE001104,Docked
VSL002101,Atlantic Carrier,18817,180.15,RTE002823,Docked
VSL002102,Evergreen,13117,142.49,RTE000423,Maintenance
VSL002103,Oceanic Titan,2945,165.13,RTE002695,Active
VSL002104,Evergreen,9071,206.69,RTE002569,Active
VSL002105,Evergreen,1866,124.73,RTE001261,Maintenance
VSL002106,MSC Aurora,8875,105.12,RTE000026,Docked
VSL002107,Evergreen,3455,248.65,RTE000686,Active
VSL002108,MSC Aurora,4393,292.29,RTE000282,Docked
VSL002109,Maersk Horizon,18059,244.69,RTE002364,Maintenance
VSL002110,Maersk Horizon,12743,242.38,RTE002542,Maintenance
VSL002111,Maersk Horizon,16417,69.99,RTE002764,Maintenance
VSL002112,Atlantic Carrier,11016,156.73,RTE001278,Maintenance
VSL002113,Oceanic Titan,2180,95.42,RTE002392,Docked
VSL002114,Evergreen,10349,141.78,RTE000392,Maintenance
VSL002115,Atlantic Carrier,16669,286.4,RTE002976,Maintenance
VSL002116,MSC Aurora,1405,191.77,RTE001198,Docked
VSL002117,Evergreen,5516,57.12,RTE000306,Maintenance
VSL002118,Atlantic Carrier,11536,219.58,RTE001029,Maintenance
VSL002119,Oceanic Titan,14027,90.15,RTE001037,Docked
VSL002120,Oceanic Titan,8105,65.63,RTE002909,Active
VSL002121,MSC Aurora,9396,269.72,RTE001267,Docked
VSL002122,Atlantic Carrier,14294,259.68,RTE002861,Maintenance
VSL002123,Oceanic Titan,14869,193.2,RTE002397,Docked
VSL002124,Atlantic Carrier,12617,136.76,RTE000314,Docked
VSL002125,Maersk Horizon,14805,264.41,RTE002485,Maintenance
VSL002126,Atlantic Carrier,13230,181.82,RTE002595,Docked
VSL002127,Oceanic Titan,2592,198.63,RTE000430,Active
VSL002128,Evergreen,5749,237.31,RTE000350,Active
VSL002129,Maersk Horizon,12852,177.57,RTE002190,Active
VSL002130,Evergreen,11337,275.58,RTE002474,Maintenance
VSL002131,Atlantic Carrier,19481,70.84,RTE001535,Maintenance
VSL002132,Evergreen,10337,230.91,RTE000697,Active
VSL002133,Evergreen,11103,118.71,RTE002813,Maintenance
VSL002134,Atlantic Carrier,7241,217.94,RTE000350,Active
VSL002135,Evergreen,19034,55.68,RTE001951,Maintenance
VSL002136,MSC Aurora,18362,90.94,RTE001110,Docked
VSL002137,Maersk Horizon,12553,81.2,RTE002395,Maintenance
VSL002138,Oceanic Titan,18894,175.96,RTE000019,Maintenance
VSL002139,Atlantic Carrier,14707,128.46,RTE000901,Docked
VSL002140,Evergreen,5405,213.87,RTE000094,Maintenance
VSL002141,Oceanic Titan,19271,292.93,RTE001164,Active
VSL002142,Atlantic Carrier,13329,122.07,RTE000123,Active
VSL002143,Maersk Horizon,1906,221.75,RTE002093,Active
VSL002144,MSC Aurora,1392,108.8,RTE000066,Maintenance
VSL002145,Atlantic Carrier,9904,209.06,RTE001893,Docked
VSL002146,Evergreen,10192,95.8,RTE000494,Docked
VSL002147,Oceanic Titan,1861,177.09,RTE002295,Docked
VSL002148,Atlantic Carrier,18953,105.65,RTE001366,Docked
VSL002149,MSC Aurora,9201,79.23,RTE001205,Docked
VSL002150,Oceanic Titan,1224,249.4,RTE001328,Active
VSL002151,MSC Aurora,12204,67.86,RTE002344,Active
VSL002152,Evergreen,12647,287.05,RTE001724,Docked
VSL002153,Oceanic Titan,12964,115.27,RTE001652,Docked
VSL002154,MSC Aurora,3594,127.82,RTE001625,Docked
VSL002155,Oceanic Titan,3617,114.58,RTE002879,Docked
VSL002156,Evergreen,14602,228.8,RTE000551,Active
VSL002157,Oceanic Titan,1830,226.65,RTE000619,Maintenance
VSL002158,Oceanic Titan,6105,286.68,RTE001831,Docked
VSL002159,MSC Aurora,17378,127.15,RTE002245,Docked
VSL002160,Evergreen,10963,233.77,RTE002093,Maintenance
VSL002161,Oceanic Titan,13336,111.28,RTE001345,Active
VSL002162,Maersk Horizon,8698,154.14,RTE002873,Maintenance
VSL002163,MSC Aurora,11554,202.17,RTE000736,Active
VSL002164,Evergreen,1095,168.82,RTE001356,Active
VSL002165,Maersk Horizon,16718,203.99,RTE001724,Docked
VSL002166,Atlantic Carrier,7772,100.45,RTE001323,Maintenance
VSL002167,Oceanic Titan,18935,279.4,RTE001362,Active
VSL002168,Evergreen,11871,58.01,RTE000374,Docked
VSL002169,Atlantic Carrier,2632,62.72,RTE002375,Maintenance
VSL002170,Atlantic Carrier,11501,64.43,RTE001459,Docked
VSL002171,Atlantic Carrier,13484,264.26,RTE000740,Docked
VSL002172,Evergreen,7706,144.38,RTE001839,Active
VSL002173,Evergreen,7826,246.54,RTE002492,Docked
VSL002174,Evergreen,17750,261.98,RTE002291,Active
VSL002175,Maersk Horizon,19472,235.83,RTE000053,Active
VSL002176,Oceanic Titan,18414,264.97,RTE001420,Docked
VSL002177,Atlantic Carrier,2575,63.58,RTE002975,Docked
VSL002178,Maersk Horizon,9325,156.88,RTE002624,Maintenance
VSL002179,Maersk Horizon,4887,152.41,RTE001104,Maintenance
VSL002180,Maersk Horizon,3361,270.92,RTE000399,Docked
VSL002181,MSC Aurora,19113,204.45,RTE001231,Active
VSL002182,Atlantic Carrier,10834,153.8,RTE000585,Docked
VSL002183,Atlantic Carrier,13064,176.08,RTE002830,Docked
VSL002184,MSC Aurora,18793,103.7,RTE001899,Active
VSL002185,Evergreen,11231,175.69,RTE002374,Docked
VSL002186,Maersk Horizon,18953,262.09,RTE001484,Maintenance
VSL002187,MSC Aurora,1144,205.91,RTE001100,Maintenance
VSL002188,MSC Aurora,5596,272.39,RTE000621,Docked
VSL002189,Evergreen,11344,268.25,RTE002551,Docked
VSL002190,Atlantic Carrier,15963,275.48,RTE002233,Docked
VSL002191,Evergreen,16868,136.05,RTE002278,Active
VSL002192,Oceanic Titan,7828,231.12,RTE001496,Active
VSL002193,Oceanic Titan,9382,271.24,RTE001578,Active
VSL002194,Evergreen,4084,64.38,RTE001729,Maintenance
VSL002195,Oceanic Titan,4810,84.73,RTE001643,Maintenance
VSL002196,Maersk Horizon,14561,273.01,RTE002886,Active
VSL002197,Oceanic Titan,13325,177.76,RTE000285,Maintenance
VSL002198,MSC Aurora,19144,259.21,RTE000005,Docked
VSL002199,Oceanic Titan,3699,153.43,RTE000243,Docked
VSL002200,MSC Aurora,17852,263.06,RTE001515,Active
VSL002201,MSC Aurora,16795,160.88,RTE002050,Docked
VSL002202,Maersk Horizon,4622,183.41,RTE001257,Docked
VSL002203,Oceanic Titan,5836,74.05,RTE000996,Docked
VSL002204,Atlantic Carrier,8758,73.94,RTE001992,Active
VSL002205,MSC Aurora,6819,232.53,RTE000852,Active
VSL002206,Oceanic Titan,12022,179.62,RTE002449,Docked
VSL002207,Atlantic Carrier,12579,254.2,RTE000267,Maintenance
VSL002208,MSC Aurora,16041,146.29,RTE000892,Docked
VSL002209,Evergreen,14975,190.06,RTE001800,Active
VSL002210,Maersk Horizon,9182,285.54,RTE000773,Docked
VSL002211,Maersk Horizon,14565,287.43,RTE001550,Maintenance
VSL002212,Oceanic Titan,12225,179.53,RTE001574,Maintenance
VSL002213,Oceanic Titan,7705,238.78,RTE001340,Docked
VSL002214,Atlantic Carrier,13465,152.39,RTE000789,Active
VSL002215,Evergreen,5083,216.13,RTE001171,Active
VSL002216,Evergreen,19663,275.2,RTE000166,Docked
VSL002217,Oceanic Titan,11409,203.97,RTE001014,Docked
VSL002218,Evergreen,3717,229.94,RTE000964,Maintenance
VSL002219,Evergreen,6153,294.72,RTE000599,Maintenance
VSL002220,Maersk Horizon,9955,105.38,RTE000267,Active
VSL002221,Maersk Horizon,19888,197.71,RTE002439,Maintenance
VSL002222,Atlantic Carrier,5737,155.32,RTE002388,Maintenance
VSL002223,Atlantic Carrier,10309,241.53,RTE001072,Maintenance
VSL002224,Atlantic Carrier,15972,138.46,RTE002828,Maintenance
VSL002225,Atlantic Carrier,14717,152.85,RTE000575,Docked
VSL002226,MSC Aurora,15299,147.63,RTE002938,Maintenance
VSL002227,MSC Aurora,3106,113.01,RTE000446,Active
VSL002228,Evergreen,19875,81.74,RTE002927,Maintenance
VSL002229,MSC Aurora,11086,191.33,RTE000569,Docked
VSL002230,Maersk Horizon,5329,276.55,RTE001736,Active
VSL002231,MSC Aurora,14035,273.61,RTE001474,Maintenance
VSL002232,Atlantic Carrier,2238,223.75,RTE000292,Maintenance
VSL002233,Evergreen,19822,54.51,RTE002086,Docked
VSL002234,MSC Aurora,9109,91.75,RTE002211,Active
VSL002235,Atlantic Carrier,9386,170.96,RTE001692,Docked
VSL002236,Evergreen,14796,108.01,RTE002226,Active
VSL002237,Maersk Horizon,9466,98.62,RTE001570,Maintenance
VSL002238,Evergreen,8471,299.29,RTE001768,Docked
VSL002239,Oceanic Titan,9343,260.3,RTE000004,Active
VSL002240,Maersk Horizon,3185,126.7,RTE002575,Maintenance
VSL002241,Oceanic Titan,7546,143.4,RTE000227,Active
VSL002242,Oceanic Titan,12324,240.22,RTE001602,Docked
VSL002243,Evergreen,12519,278.2,RTE002568,Active
VSL002244,Maersk Horizon,7570,143.01,RTE000718,Active
VSL002245,Oceanic Titan,11892,168.87,RTE000696,Active
VSL002246,Atlantic Carrier,12381,277.56,RTE002461,Maintenance
VSL002247,Atlantic Carrier,12924,85.54,RTE002075,Maintenance
VSL002248,MSC Aurora,2674,296.17,RTE002174,Active
VSL002249,Atlantic Carrier,12317,116.19,RTE002720,Maintenance
VSL002250,MSC Aurora,6655,87.16,RTE002548,Active
VSL002251,Evergreen,18952,56.33,RTE001574,Docked
VSL002252,Atlantic Carrier,11569,216.46,RTE000627,Docked
VSL002253,MSC Aurora,8475,79.62,RTE001865,Docked
VSL002254,Evergreen,3067,104.38,RTE001070,Maintenance
VSL002255,Maersk Horizon,5524,221.54,RTE002146,Maintenance
VSL002256,Oceanic Titan,4279,94.64,RTE000153,Active
VSL002257,Oceanic Titan,9423,140.03,RTE002181,Docked
VSL002258,Oceanic Titan,13568,99.24,RTE002809,Maintenance
VSL002259,Atlantic Carrier,12859,223.84,RTE001403,Maintenance
VSL002260,Evergreen,18576,67.15,RTE001372,Docked
VSL002261,Oceanic Titan,15666,74.87,RTE002356,Active
VSL002262,Maersk Horizon,11784,297.22,RTE002140,Docked
VSL002263,Evergreen,5513,232.49,RTE002532,Docked
VSL002264,Oceanic Titan,6837,181.23,RTE002856,Maintenance
VSL002265,Evergreen,12202,286.74,RTE001652,Active
VSL002266,Atlantic Carrier,19712,257.77,RTE000780,Docked
VSL002267,MSC Aurora,18355,239.24,RTE001731,Active
VSL002268,Oceanic Titan,5572,88.56,RTE002544,Docked
VSL002269,Evergreen,8896,157.87,RTE000167,Active
VSL002270,Atlantic Carrier,10712,147.23,RTE001164,Active
VSL002271,Atlantic Carrier,18387,198.22,RTE000024,Maintenance
VSL002272,Evergreen,5263,234.99,RTE000801,Active
VSL002273,Maersk Horizon,16519,123.28,RTE001720,Active
VSL002274,Oceanic Titan,1246,191.87,RTE001730,Maintenance
VSL002275,Evergreen,9867,88.41,RTE001143,Maintenance
VSL002276,Maersk Horizon,8382,182.9,RTE000340,Docked
VSL002277,Maersk Horizon,15366,156.94,RTE000186,Active
VSL002278,Evergreen,5727,101.92,RTE000899,Maintenance
VSL002279,Maersk Horizon,5654,185.98,RTE000036,Maintenance
VSL002280,Evergreen,11766,272.84,RTE002811,Docked
VSL002281,Maersk Horizon,18827,182.51,RTE001910,Docked
VSL002282,Atlantic Carrier,5811,101.24,RTE001943,Docked
VSL002283,Maersk Horizon,14360,243.2,RTE000378,Docked
VSL002284,Oceanic Titan,19801,241.55,RTE000156,Maintenance
VSL002285,Oceanic Titan,19421,101.8,RTE001147,Active
VSL002286,Maersk Horizon,19886,217.84,RTE001415,Docked
VSL002287,Atlantic Carrier,10363,73.3,RTE002181,Maintenance
VSL002288,Maersk Horizon,11277,270.52,RTE001928,Active
VSL002289,Maersk Horizon,12574,209.52,RTE001611,Docked
VSL002290,Evergreen,8572,132.42,RTE001477,Maintenance
VSL002291,Oceanic Titan,14248,265.29,RTE002095,Docked
VSL002292,Atlantic Carrier,16683,263.19,RTE001092,Docked
VSL002293,Oceanic Titan,12706,204.2,RTE002362,Docked
VSL002294,Oceanic Titan,4640,144.7,RTE002407,Docked
VSL002295,MSC Aurora,3490,202.99,RTE000917,Active
VSL002296,Evergreen,7662,53.44,RTE001295,Docked
VSL002297,Maersk Horizon,15445,249.44,RTE002234,Maintenance
VSL002298,Maersk Horizon,1729,215.03,RTE002720,Docked
VSL002299,Oceanic Titan,10717,273.8,RTE000525,Maintenance
VSL002300,MSC Aurora,19578,284.12,RTE002493,Active
VSL002301,Oceanic Titan,19349,255.72,RTE001654,Maintenance
VSL002302,Evergreen,2204,224.88,RTE002671,Active
VSL002303,Evergreen,4807,100.14,RTE001099,Maintenance
VSL002304,Maersk Horizon,17811,180.02,RTE000261,Docked
VSL002305,Atlantic Carrier,5541,251.58,RTE001511,Maintenance
VSL002306,MSC Aurora,10319,254.67,RTE002023,Docked
VSL002307,Atlantic Carrier,1250,72.23,RTE000045,Maintenance
VSL002308,Maersk Horizon,17175,247.48,RTE000513,Docked
VSL002309,MSC Aurora,11836,98.24,RTE000470,Active
VSL002310,Maersk Horizon,4951,150.02,RTE001428,Active
VSL002311,Oceanic Titan,8968,111.06,RTE000184,Maintenance
VSL002312,MSC Aurora,11834,75.52,RTE001805,Docked
VSL002313,Atlantic Carrier,19821,178.87,RTE002094,Docked
VSL002314,Evergreen,5203,66.87,RTE000560,Maintenance
VSL002315,Oceanic Titan,6429,72.07,RTE002210,Active
VSL002316,Maersk Horizon,11374,250.11,RTE000432,Maintenance
VSL002317,Maersk Horizon,15921,190.29,RTE002629,Active
VSL002318,Maersk Horizon,7742,266.04,RTE000968,Active
VSL002319,Maersk Horizon,1988,109.95,RTE000691,Active
VSL002320,Maersk Horizon,4657,269.58,RTE001396,Maintenance
VSL002321,Evergreen,11961,127.55,RTE002731,Docked
VSL002322,Evergreen,17141,212.22,RTE001750,Active
VSL002323,Maersk Horizon,9316,228.8,RTE002452,Active
VSL002324,Maersk Horizon,14332,71.59,RTE002675,Docked
VSL002325,Oceanic Titan,13795,272.3,RTE002910,Docked
VSL002326,MSC Aurora,15883,211.06,RTE000651,Active
VSL002327,Maersk Horizon,8181,284.55,RTE000128,Docked
VSL002328,Maersk Horizon,19672,235.44,RTE001401,Docked
VSL002329,MSC Aurora,17636,154.51,RTE000898,Active
VSL002330,Evergreen,13120,109.79,RTE002730,Active
VSL002331,Atlantic Carrier,17471,140.98,RTE000892,Active
VSL002332,Maersk Horizon,9324,224.29,RTE000600,Active
VSL002333,Maersk Horizon,16614,211.24,RTE001316,Active
VSL002334,MSC Aurora,3262,289.7,RTE000126,Active
VSL002335,MSC Aurora,13722,192.08,RTE000583,Maintenance
VSL002336,Maersk Horizon,14760,130.23,RTE002441,Active
VSL002337,Maersk Horizon,2488,151.73,RTE002103,Maintenance
VSL002338,Evergreen,8643,265.7,RTE002883,Docked
VSL002339,Atlantic Carrier,8824,279.83,RTE002693,Maintenance
VSL002340,Evergreen,7884,67.5,RTE000847,Docked
VSL002341,MSC Aurora,10859,297.99,RTE002470,Maintenance
VSL002342,Maersk Horizon,11726,121.28,RTE000655,Active
VSL002343,Oceanic Titan,18512,182.9,RTE000880,Active
VSL002344,Evergreen,7313,66.27,RTE002618,Active
VSL002345,Evergreen,13986,245.14,RTE000306,Active
VSL002346,Atlantic Carrier,11617,62.6,RTE002748,Active
VSL002347,Oceanic Titan,4762,295.48,RTE002808,Active
VSL002348,Evergreen,8716,80.47,RTE002048,Maintenance
VSL002349,Atlantic Carrier,8822,262.31,RTE000008,Docked
VSL002350,Evergreen,16140,82.06,RTE001142,Docked
VSL002351,Oceanic Titan,16546,78.11,RTE002763,Active
VSL002352,Atlantic Carrier,4383,57.49,RTE002763,Docked
VSL002353,Oceanic Titan,8066,181.86,RTE001136,Active
VSL002354,Evergreen,5743,188.93,RTE001363,Maintenance
VSL002355,Oceanic Titan,18619,271.39,RTE000487,Maintenance
VSL002356,Oceanic Titan,8108,295.43,RTE000414,Maintenance
VSL002357,Maersk Horizon,1398,272.61,RTE000726,Active
VSL002358,Atlantic Carrier,1069,185.52,RTE000209,Docked
VSL002359,Evergreen,2127,150.46,RTE000633,Maintenance
VSL002360,Maersk Horizon,13114,194.97,RTE001641,Maintenance
VSL002361,Oceanic Titan,1357,53.66,RTE001834,Docked
VSL002362,MSC Aurora,4312,205.55,RTE002934,Docked
VSL002363,Oceanic Titan,4582,153.75,RTE001945,Active
VSL002364,Evergreen,12442,101.61,RTE001271,Maintenance
VSL002365,MSC Aurora,8587,209.76,RTE000026,Active
VSL002366,Evergreen,13192,96.77,RTE001036,Active
VSL002367,Maersk Horizon,3504,225.04,RTE001854,Active
VSL002368,Evergreen,10403,199.37,RTE001724,Maintenance
VSL002369,Atlantic Carrier,9716,56.25,RTE001834,Active
VSL002370,Maersk Horizon,2845,288.48,RTE002652,Maintenance
VSL002371,MSC Aurora,8246,268.58,RTE002330,Maintenance
VSL002372,MSC Aurora,15862,293.71,RTE000148,Docked
VSL002373,Oceanic Titan,9497,98.14,RTE001408,Maintenance
VSL002374,Atlantic Carrier,18757,62.37,RTE001317,Maintenance
VSL002375,Oceanic Titan,9815,68.04,RTE002770,Docked
VSL002376,Atlantic Carrier,8226,106.55,RTE001080,Docked
VSL002377,Oceanic Titan,9892,181.77,RTE000328,Maintenance
VSL002378,Oceanic Titan,13599,195.07,RTE000075,Maintenance
VSL002379,Oceanic Titan,15773,299.78,RTE000704,Docked
VSL002380,Maersk Horizon,19576,210.92,RTE000032,Maintenance
VSL002381,Atlantic Carrier,19986,119.19,RTE000834,Active
VSL002382,MSC Aurora,19201,108.24,RTE001379,Docked
VSL002383,Evergreen,1197,98.03,RTE000997,Maintenance
VSL002384,MSC Aurora,10635,53.36,RTE001054,Maintenance
VSL002385,Atlantic Carrier,19981,181.97,RTE002114,Active
VSL002386,Evergreen,11154,214.25,RTE002872,Active
VSL002387,Evergreen,16432,115.38,RTE001715,Docked
VSL002388,Evergreen,19502,217.31,RTE000767,Maintenance
VSL002389,Maersk Horizon,2747,125.7,RTE001145,Active
VSL002390,Oceanic Titan,8233,55.04,RTE001770,Maintenance
VSL002391,Evergreen,18470,80.99,RTE002559,Maintenance
VSL002392,Oceanic Titan,17741,162.61,RTE000775,Maintenance
VSL002393,Oceanic Titan,1190,214.4,RTE002486,Docked
VSL002394,Oceanic Titan,16195,172.89,RTE002906,Active
VSL002395,Atlantic Carrier,3070,89.35,RTE000171,Maintenance
VSL002396,Oceanic Titan,18537,192.32,RTE002183,Active
VSL002397,Oceanic Titan,4675,141.05,RTE002168,Maintenance
VSL002398,Oceanic Titan,1007,289.1,RTE001994,Docked
VSL002399,Atlantic Carrier,4511,296.1,RTE001087,Active
VSL002400,Oceanic Titan,15571,242.46,RTE002452,Docked
VSL002401,Oceanic Titan,3624,299.66,RTE001766,Active
VSL002402,MSC Aurora,15171,95.17,RTE001263,Docked
VSL002403,Maersk Horizon,9155,93.39,RTE000420,Active
VSL002404,Atlantic Carrier,17368,134.69,RTE002152,Docked
VSL002405,Maersk Horizon,11370,78.72,RTE000373,Maintenance
VSL002406,Oceanic Titan,2790,238.03,RTE002119,Maintenance
VSL002407,Oceanic Titan,19219,149.2,RTE000663,Docked
VSL002408,Oceanic Titan,14928,212.97,RTE002198,Maintenance
VSL002409,Oceanic Titan,12748,158.85,RTE002817,Maintenance
VSL002410,Maersk Horizon,15387,71.03,RTE002128,Docked
VSL002411,Evergreen,18096,91.07,RTE002278,Maintenance
VSL002412,Maersk Horizon,5020,260.13,RTE001326,Maintenance
VSL002413,MSC Aurora,15412,242.15,RTE002436,Maintenance
VSL002414,Atlantic Carrier,11585,299.35,RTE002015,Maintenance
VSL002415,Atlantic Carrier,3043,90.9,RTE001640,Docked
VSL002416,Evergreen,3413,272.02,RTE001272,Docked
VSL002417,Oceanic Titan,18547,286.16,RTE000039,Active
VSL002418,Oceanic Titan,9644,199.15,RTE002510,Docked
VSL002419,Oceanic Titan,16637,145.1,RTE001445,Active
VSL002420,Oceanic Titan,1924,264.77,RTE002680,Docked
VSL002421,Atlantic Carrier,2456,52.15,RTE000617,Active
VSL002422,Oceanic Titan,3760,123.39,RTE002589,Docked
VSL002423,Oceanic Titan,17426,125.39,RTE002381,Maintenance
VSL002424,MSC Aurora,10511,298.33,RTE000440,Docked
VSL002425,Atlantic Carrier,1107,162.03,RTE002948,Active
VSL002426,Oceanic Titan,15581,283.95,RTE002559,Docked
VSL002427,Maersk Horizon,14028,182.92,RTE002406,Active
VSL002428,Oceanic Titan,16875,187.23,RTE002905,Active
VSL002429,MSC Aurora,3871,80.0,RTE001559,Active
VSL002430,Maersk Horizon,18493,275.08,RTE001421,Docked
VSL002431,Atlantic Carrier,17617,212.73,RTE000625,Maintenance
VSL002432,Maersk Horizon,7869,158.96,RTE001643,Maintenance
VSL002433,MSC Aurora,9157,217.18,RTE000965,Docked
VSL002434,Maersk Horizon,12130,114.79,RTE002066,Docked
VSL002435,Evergreen,18420,124.58,RTE001026,Active
VSL002436,Maersk Horizon,8832,158.92,RTE000825,Active
VSL002437,Evergreen,18351,212.52,RTE000183,Active
VSL002438,MSC Aurora,17907,186.39,RTE001565,Docked
VSL002439,Oceanic Titan,7545,235.34,RTE001094,Active
VSL002440,Maersk Horizon,13100,167.16,RTE002829,Docked
VSL002441,Evergreen,6758,74.94,RTE000434,Active
VSL002442,Maersk Horizon,9042,192.97,RTE000309,Active
VSL002443,Oceanic Titan,1588,291.83,RTE001516,Maintenance
VSL002444,Evergreen,7849,77.65,RTE000292,Active
VSL002445,Oceanic Titan,14146,276.94,RTE002483,Maintenance
VSL002446,Maersk Horizon,7635,67.13,RTE001100,Active
VSL002447,Maersk Horizon,6609,289.68,RTE001316,Maintenance
VSL002448,Maersk Horizon,12067,129.02,RTE002884,Maintenance
VSL002449,Atlantic Carrier,18088,148.38,RTE000475,Active
VSL002450,MSC Aurora,7902,76.32,RTE002800,Maintenance
VSL002451,Maersk Horizon,14846,201.49,RTE000890,Active
VSL002452,Evergreen,3197,227.14,RTE000231,Docked
VSL002453,Maersk Horizon,19910,237.88,RTE000195,Active
VSL002454,Oceanic Titan,3091,133.07,RTE002590,Maintenance
VSL002455,Evergreen,8575,198.93,RTE001342,Docked
VSL002456,Maersk Horizon,12871,92.3,RTE001306,Maintenance
VSL002457,MSC Aurora,1081,260.08,RTE001217,Active
VSL002458,Evergreen,19207,138.28,RTE001254,Docked
VSL002459,Atlantic Carrier,8871,205.45,RTE002018,Docked
VSL002460,Evergreen,14561,55.23,RTE000763,Docked
VSL002461,Evergreen,3748,179.01,RTE002468,Active
VSL002462,MSC Aurora,12965,273.14,RTE001691,Active
VSL002463,MSC Aurora,5790,298.16,RTE001571,Maintenance
VSL002464,Oceanic Titan,4603,141.41,RTE001172,Docked
VSL002465,Maersk Horizon,3958,271.94,RTE000565,Docked
VSL002466,MSC Aurora,1974,166.02,RTE002920,Maintenance
VSL002467,Evergreen,2741,91.31,RTE001071,Docked
VSL002468,MSC Aurora,12633,109.04,RTE001951,Maintenance
VSL002469,Evergreen,15821,255.32,RTE002961,Active
VSL002470,Maersk Horizon,11334,132.7,RTE001215,Maintenance
VSL002471,MSC Aurora,11670,130.25,RTE002654,Docked
VSL002472,MSC Aurora,1704,196.83,RTE002421,Docked
VSL002473,Oceanic Titan,5460,256.84,RTE000636,Docked
VSL002474,Atlantic Carrier,18601,217.52,RTE001343,Docked
VSL002475,Oceanic Titan,13877,229.74,RTE001926,Docked
VSL002476,MSC Aurora,17928,173.66,RTE002218,Active
VSL002477,Atlantic Carrier,19526,224.58,RTE001816,Maintenance
VSL002478,Maersk Horizon,16814,243.64,RTE001097,Active
VSL002479,MSC Aurora,4157,262.72,RTE002758,Active
VSL002480,Evergreen,13964,209.21,RTE002073,Maintenance
VSL002481,Oceanic Titan,5774,204.35,RTE001194,Maintenance
VSL002482,Maersk Horizon,9500,296.79,RTE002752,Active
VSL002483,MSC Aurora,12368,286.16,RTE002042,Docked
VSL002484,Maersk Horizon,19574,68.37,RTE002818,Maintenance
VSL002485,Atlantic Carrier,18147,276.33,RTE002471,Maintenance
VSL002486,MSC Aurora,19496,200.45,RTE000561,Maintenance
VSL002487,Oceanic Titan,19169,215.23,RTE001805,Maintenance
VSL002488,Maersk Horizon,3052,252.64,RTE002388,Docked
VSL002489,Evergreen,19415,292.47,RTE001885,Docked
VSL002490,Oceanic Titan,12381,153.02,RTE001046,Active
VSL002491,Maersk Horizon,9959,237.83,RTE001439,Docked
VSL002492,Atlantic Carrier,5153,56.15,RTE001869,Docked
VSL002493,Oceanic Titan,1136,292.88,RTE000129,Docked
VSL002494,Maersk Horizon,13047,175.24,RTE000481,Active
VSL002495,Maersk Horizon,11646,289.94,RTE002919,Maintenance
VSL002496,MSC Aurora,6459,226.87,RTE000444,Docked
VSL002497,Evergreen,7991,97.86,RTE000107,Maintenance
VSL002498,Maersk Horizon,16092,176.12,RTE000728,Maintenance
VSL002499,Atlantic Carrier,2819,199.69,RTE001938,Active
VSL002500,MSC Aurora,15865,198.79,RTE002581,Docked
VSL002501,Evergreen,12005,102.77,RTE000107,Active
VSL002502,Evergreen,19022,252.88,RTE002389,Docked
VSL002503,Evergreen,12664,54.48,RTE002618,Active
VSL002504,Evergreen,4496,207.44,RTE000392,Docked
VSL002505,Atlantic Carrier,15363,185.84,RTE002868,Docked
VSL002506,MSC Aurora,13494,191.62,RTE002245,Active
VSL002507,Oceanic Titan,1128,176.79,RTE000111,Active
VSL002508,Maersk Horizon,8201,99.49,RTE001866,Maintenance
VSL002509,Maersk Horizon,12187,274.7,RTE001619,Docked
VSL002510,Maersk Horizon,17924,99.28,RTE002607,Active
VSL002511,Oceanic Titan,19189,148.38,RTE002610,Active
VSL002512,Atlantic Carrier,2206,266.48,RTE000027,Docked
VSL002513,Evergreen,5698,193.55,RTE001230,Active
VSL002514,Maersk Horizon,10318,241.17,RTE002584,Docked
VSL002515,MSC Aurora,18870,275.57,RTE001279,Active
VSL002516,Atlantic Carrier,1480,235.36,RTE000279,Maintenance
VSL002517,Atlantic Carrier,9976,118.17,RTE000494,Maintenance
VSL002518,Oceanic Titan,3815,174.81,RTE002204,Docked
VSL002519,MSC Aurora,16834,291.51,RTE001532,Active
VSL002520,Atlantic Carrier,18523,108.06,RTE000114,Maintenance
VSL002521,Maersk Horizon,10338,291.73,RTE000221,Maintenance
VSL002522,MSC Aurora,6573,198.88,RTE002474,Maintenance
VSL002523,MSC Aurora,15815,61.12,RTE000988,Docked
VSL002524,Maersk Horizon,2972,230.4,RTE001928,Active
VSL002525,Evergreen,2961,293.79,RTE002238,Active
VSL002526,Oceanic Titan,6837,182.07,RTE002534,Docked
VSL002527,Maersk Horizon,2332,187.84,RTE002334,Active
VSL002528,Atlantic Carrier,12456,148.17,RTE002136,Maintenance
VSL002529,Oceanic Titan,14596,298.57,RTE002280,Docked
VSL002530,Atlantic Carrier,15726,283.91,RTE000643,Maintenance
VSL002531,Atlantic Carrier,6088,197.72,RTE001835,Docked
VSL002532,Evergreen,2949,172.16,RTE000694,Maintenance
VSL002533,Maersk Horizon,11777,133.33,RTE000320,Docked
VSL002534,Evergreen,2589,270.94,RTE000809,Active
VSL002535,Atlantic Carrier,9899,174.94,RTE001731,Active
VSL002536,Oceanic Titan,3794,273.54,RTE000039,Maintenance
VSL002537,Maersk Horizon,6199,203.34,RTE002241,Maintenance
VSL002538,Oceanic Titan,1506,140.89,RTE002789,Docked
VSL002539,Maersk Horizon,19911,123.58,RTE000949,Maintenance
VSL002540,Oceanic Titan,9715,250.72,RTE000085,Maintenance
VSL002541,Maersk Horizon,16499,193.91,RTE002826,Maintenance
VSL002542,MSC Aurora,1982,283.22,RTE002953,Docked
VSL002543,Maersk Horizon,17897,251.92,RTE002203,Active
VSL002544,Atlantic Carrier,4630,144.56,RTE000850,Maintenance
VSL002545,Maersk Horizon,15846,75.13,RTE000265,Active
VSL002546,Maersk Horizon,12056,257.52,RTE001815,Active
VSL002547,MSC Aurora,9774,278.76,RTE002276,Docked
VSL002548,Maersk Horizon,4597,114.86,RTE000428,Docked
VSL002549,Maersk Horizon,19198,176.19,RTE002499,Active
VSL002550,MSC Aurora,9894,89.43,RTE001770,Active
VSL002551,Evergreen,2499,54.75,RTE000670,Docked
VSL002552,Maersk Horizon,5713,100.46,RTE002129,Active
VSL002553,Oceanic Titan,8312,148.03,RTE002159,Active
VSL002554,Oceanic Titan,6971,167.71,RTE001500,Docked
VSL002555,Maersk Horizon,13805,167.85,RTE000582,Docked
VSL002556,MSC Aurora,13518,59.86,RTE000268,Active
VSL002557,Maersk Horizon,4163,236.49,RTE000028,Docked
VSL002558,Evergreen,1400,133.37,RTE001573,Active
VSL002559,Maersk Horizon,12664,283.3,RTE002458,Active
VSL002560,Oceanic Titan,17149,116.17,RTE001111,Docked
VSL002561,Evergreen,5994,167.7,RTE002058,Docked
VSL002562,Maersk Horizon,15934,73.0,RTE000996,Docked
VSL002563,Oceanic Titan,6566,153.91,RTE001604,Maintenance
VSL002564,Maersk Horizon,11158,112.75,RTE001547,Maintenance
VSL002565,Maersk Horizon,12166,158.14,RTE000185,Active
VSL002566,Atlantic Carrier,7134,160.86,RTE000791,Maintenance
VSL002567,Oceanic Titan,3794,92.53,RTE002410,Active
VSL002568,Oceanic Titan,2204,103.13,RTE000099,Docked
VSL002569,Oceanic Titan,12916,168.25,RTE001619,Maintenance
VSL002570,Oceanic Titan,11908,76.64,RTE001298,Maintenance
VSL002571,Maersk Horizon,18865,156.86,RTE002105,Active
VSL002572,Atlantic Carrier,14768,194.65,RTE002793,Active
VSL002573,Atlantic Carrier,14640,93.97,RTE001859,Active
VSL002574,Atlantic Carrier,1628,186.21,RTE000030,Maintenance
VSL002575,Evergreen,12013,173.02,RTE000103,Maintenance
VSL002576,Maersk Horizon,19784,270.63,RTE002105,Docked
VSL002577,Evergreen,18213,64.51,RTE001104,Active
VSL002578,Atlantic Carrier,18340,90.89,RTE000766,Maintenance
VSL002579,MSC Aurora,18308,225.99,RTE002436,Active
VSL002580,Atlantic Carrier,1215,70.08,RTE001456,Maintenance
VSL002581,MSC Aurora,1687,247.21,RTE000249,Maintenance
VSL002582,Atlantic Carrier,2198,293.21,RTE000075,Docked
VSL002583,Evergreen,10011,240.83,RTE001181,Active
VSL002584,Maersk Horizon,16414,88.46,RTE002294,Docked
VSL002585,Atlantic Carrier,13390,173.35,RTE002560,Maintenance
VSL002586,Atlantic Carrier,15255,159.89,RTE000492,Maintenance
VSL002587,MSC Aurora,11667,263.27,RTE002281,Maintenance
VSL002588,Evergreen,5689,246.83,RTE002845,Active
VSL002589,Oceanic Titan,16962,124.83,RTE001152,Maintenance
VSL002590,Atlantic Carrier,8952,125.38,RTE000594,Active
VSL002591,Oceanic Titan,9836,50.13,RTE000345,Maintenance
VSL002592,Evergreen,5694,191.88,RTE001271,Active
VSL002593,Atlantic Carrier,17976,52.92,RTE002227,Active
VSL002594,Atlantic Carrier,9015,181.98,RTE000456,Docked
VSL002595,Maersk Horizon,1660,242.19,RTE000300,Maintenance
VSL002596,Maersk Horizon,10484,76.84,RTE002430,Maintenance
VSL002597,Maersk Horizon,8368,250.91,RTE000423,Maintenance
VSL002598,Evergreen,4241,73.26,RTE001619,Active
VSL002599,Oceanic Titan,18449,82.77,RTE000135,Maintenance
VSL002600,Atlantic Carrier,13738,246.67,RTE002486,Maintenance
VSL002601,Evergreen,16655,75.24,RTE002034,Docked
VSL002602,Oceanic Titan,8339,297.6,RTE001295,Active
VSL002603,Evergreen,7650,93.24,RTE002678,Active
VSL002604,Oceanic Titan,10376,111.78,RTE000092,Active
VSL002605,Atlantic Carrier,19738,284.24,RTE001461,Active
VSL002606,Oceanic Titan,13262,132.61,RTE002669,Active
VSL002607,Evergreen,11586,163.39,RTE000309,Active
VSL002608,Oceanic Titan,11445,263.84,RTE002646,Maintenance
VSL002609,MSC Aurora,16459,268.32,RTE000093,Docked
VSL002610,MSC Aurora,13499,232.96,RTE000532,Active
VSL002611,Atlantic Carrier,13357,137.03,RTE002592,Active
VSL002612,Evergreen,6128,89.65,RTE000992,Active
VSL002613,Atlantic Carrier,8377,71.31,RTE001070,Docked
VSL002614,Evergreen,9697,252.27,RTE000815,Docked
VSL002615,Maersk Horizon,13925,230.24,RTE002724,Docked
VSL002616,Atlantic Carrier,2850,168.31,RTE000707,Active
VSL002617,Atlantic Carrier,9148,162.6,RTE002962,Maintenance
VSL002618,Atlantic Carrier,5302,264.78,RTE001176,Docked
VSL002619,Maersk Horizon,17047,70.67,RTE002112,Maintenance
VSL002620,Evergreen,5129,279.14,RTE002075,Active
VSL002621,Maersk Horizon,2694,248.7,RTE002632,Active
VSL002622,MSC Aurora,10292,160.62,RTE002531,Maintenance
VSL002623,Oceanic Titan,15366,66.52,RTE001576,Maintenance
VSL002624,MSC Aurora,3505,269.53,RTE000460,Docked
VSL002625,MSC Aurora,1364,220.61,RTE000403,Maintenance
VSL002626,Evergreen,7672,136.41,RTE002328,Maintenance
VSL002627,Maersk Horizon,18755,187.98,RTE000453,Docked
VSL002628,Oceanic Titan,16309,82.91,RTE002040,Active
VSL002629,Evergreen,19494,232.05,RTE002101,Active
VSL002630,Evergreen,1623,85.76,RTE002436,Docked
VSL002631,Oceanic Titan,6341,105.24,RTE002254,Maintenance
VSL002632,Maersk Horizon,9697,114.12,RTE000422,Docked
VSL002633,Atlantic Carrier,18354,293.42,RTE000309,Maintenance
VSL002634,MSC Aurora,10576,161.4,RTE000565,Docked
VSL002635,MSC Aurora,14679,77.47,RTE001091,Active
VSL002636,Maersk Horizon,1683,281.17,RTE000560,Docked
VSL002637,Maersk Horizon,5753,54.09,RTE001688,Docked
VSL002638,Maersk Horizon,7215,100.3,RTE000855,Active
VSL002639,Atlantic Carrier,6183,137.12,RTE001047,Docked
VSL002640,Maersk Horizon,6562,209.08,RTE002337,Maintenance
VSL002641,Evergreen,3935,250.58,RTE000933,Maintenance
VSL002642,Maersk Horizon,16824,117.28,RTE001088,Active
VSL002643,Atlantic Carrier,18941,118.33,RTE001876,Docked
VSL002644,Maersk Horizon,10946,101.4,RTE000071,Maintenance
VSL002645,Oceanic Titan,14156,221.52,RTE002314,Maintenance
VSL002646,Oceanic Titan,11066,145.74,RTE001080,Active
VSL002647,Maersk Horizon,17041,123.14,RTE001603,Active
VSL002648,Atlantic Carrier,16895,114.06,RTE000888,Maintenance
VSL002649,Oceanic Titan,14059,75.47,RTE001445,Docked
VSL002650,Evergreen,7100,83.2,RTE000333,Maintenance
VSL002651,Evergreen,16173,279.74,RTE000938,Active
VSL002652,Atlantic Carrier,3045,141.02,RTE001701,Docked
VSL002653,Oceanic Titan,17521,106.46,RTE002390,Docked
VSL002654,Maersk Horizon,1933,88.47,RTE000083,Docked
VSL002655,Evergreen,13561,168.88,RTE000801,Docked
VSL002656,Atlantic Carrier,18133,268.64,RTE002059,Maintenance
VSL002657,Oceanic Titan,13892,239.1,RTE000713,Docked
VSL002658,Evergreen,11333,65.1,RTE002682,Active
VSL002659,Maersk Horizon,3116,266.93,RTE002182,Maintenance
VSL002660,Atlantic Carrier,2802,124.29,RTE002049,Maintenance
VSL002661,Evergreen,5068,192.88,RTE002690,Maintenance
VSL002662,Maersk Horizon,9344,148.34,RTE001125,Docked
VSL002663,Evergreen,9303,255.82,RTE002213,Maintenance
VSL002664,Oceanic Titan,7114,256.13,RTE000730,Docked
VSL002665,MSC Aurora,6768,114.89,RTE001293,Docked
VSL002666,Atlantic Carrier,15590,68.76,RTE002418,Docked
VSL002667,Maersk Horizon,14097,277.31,RTE002760,Docked
VSL002668,Maersk Horizon,16149,172.72,RTE001675,Maintenance
VSL002669,MSC Aurora,11605,208.43,RTE000432,Active
VSL002670,Maersk Horizon,3617,162.16,RTE001040,Maintenance
VSL002671,Evergreen,15885,198.64,RTE000226,Maintenance
VSL002672,Maersk Horizon,19588,143.42,RTE002638,Active
VSL002673,Atlantic Carrier,19825,229.68,RTE001138,Docked
VSL002674,Oceanic Titan,16168,100.51,RTE002338,Active
VSL002675,MSC Aurora,5014,158.92,RTE001147,Active
VSL002676,MSC Aurora,2183,289.96,RTE000875,Active
VSL002677,MSC Aurora,7163,63.65,RTE000553,Maintenance
VSL002678,Evergreen,5658,136.67,RTE001575,Maintenance
VSL002679,Maersk Horizon,4277,238.18,RTE001436,Maintenance
VSL002680,Atlantic Carrier,9822,113.99,RTE001793,Active
VSL002681,MSC Aurora,18651,152.32,RTE000276,Maintenance
VSL002682,Evergreen,11731,200.57,RTE001848,Active
VSL002683,MSC Aurora,4907,175.7,RTE000864,Active
VSL002684,Evergreen,3852,229.36,RTE001142,Maintenance
VSL002685,Maersk Horizon,2548,87.06,RTE000695,Active
VSL002686,Maersk Horizon,16573,170.54,RTE000257,Active
VSL002687,Oceanic Titan,13941,238.06,RTE001050,Active
VSL002688,Oceanic Titan,2376,182.45,RTE001916,Active
VSL002689,Atlantic Carrier,18319,277.88,RTE000011,Maintenance
VSL002690,Maersk Horizon,3984,171.02,RTE001723,Active
VSL002691,Atlantic Carrier,9172,189.57,RTE000881,Docked
VSL002692,MSC Aurora,17956,59.94,RTE001361,Docked
VSL002693,Atlantic Carrier,5079,65.72,RTE002528,Maintenance
VSL002694,MSC Aurora,11508,213.64,RTE002428,Maintenance
VSL002695,MSC Aurora,10677,245.37,RTE002182,Active
VSL002696,MSC Aurora,18363,245.38,RTE002334,Active
VSL002697,Evergreen,19028,293.06,RTE001474,Active
VSL002698,Atlantic Carrier,14943,292.47,RTE002433,Active
VSL002699,Maersk Horizon,19039,57.1,RTE002984,Docked
VSL002700,Atlantic Carrier,3119,217.43,RTE002869,Maintenance
VSL002701,Atlantic Carrier,8963,62.45,RTE000445,Active
VSL002702,Atlantic Carrier,5673,234.76,RTE001793,Active
VSL002703,Oceanic Titan,7219,250.45,RTE001663,Maintenance
VSL002704,MSC Aurora,15354,246.06,RTE002356,Active
VSL002705,Atlantic Carrier,8014,242.47,RTE000086,Maintenance
VSL002706,Atlantic Carrier,14610,80.22,RTE002162,Maintenance
VSL002707,MSC Aurora,18573,50.02,RTE001310,Active
VSL002708,Oceanic Titan,6844,168.84,RTE001130,Maintenance
VSL002709,Atlantic Carrier,5197,87.55,RTE002935,Active
VSL002710,MSC Aurora,9310,183.3,RTE002153,Active
VSL002711,MSC Aurora,2807,264.59,RTE001872,Active
VSL002712,Maersk Horizon,8451,276.31,RTE000850,Docked
VSL002713,Oceanic Titan,10208,255.18,RTE001673,Active
VSL002714,Maersk Horizon,1512,224.99,RTE000907,Maintenance
VSL002715,Atlantic Carrier,6011,283.18,RTE000560,Docked
VSL002716,Oceanic Titan,14412,185.34,RTE002764,Docked
VSL002717,MSC Aurora,10651,267.69,RTE001240,Active
VSL002718,Evergreen,10577,91.69,RTE000702,Maintenance
VSL002719,Atlantic Carrier,16559,207.96,RTE001734,Maintenance
VSL002720,Maersk Horizon,1352,100.27,RTE002930,Docked
VSL002721,Oceanic Titan,17029,112.91,RTE002139,Docked
VSL002722,Oceanic Titan,3335,297.78,RTE002509,Maintenance
VSL002723,Evergreen,18286,222.9,RTE001590,Active
VSL002724,Maersk Horizon,18850,193.96,RTE002904,Docked
VSL002725,Atlantic Carrier,6053,293.23,RTE000261,Active
VSL002726,MSC Aurora,9621,295.69,RTE001320,Docked
VSL002727,Evergreen,11886,117.48,RTE002264,Maintenance
VSL002728,Maersk Horizon,15070,269.03,RTE002032,Active
VSL002729,MSC Aurora,4948,210.31,RTE001296,Docked
VSL002730,Maersk Horizon,15130,292.8,RTE000157,Active
VSL002731,Atlantic Carrier,11495,130.12,RTE000761,Active
VSL002732,Maersk Horizon,7482,204.74,RTE001490,Docked
VSL002733,Evergreen,7518,124.93,RTE002282,Active
VSL002734,Atlantic Carrier,16506,110.96,RTE002458,Docked
VSL002735,Maersk Horizon,10417,266.36,RTE002584,Docked
VSL002736,Atlantic Carrier,11753,223.38,RTE000835,Active
VSL002737,MSC Aurora,17358,262.16,RTE001480,Maintenance
VSL002738,Oceanic Titan,16769,297.74,RTE002386,Maintenance
VSL002739,Evergreen,3781,236.7,RTE002653,Maintenance
VSL002740,Evergreen,6262,82.57,RTE000455,Docked
VSL002741,Evergreen,3202,185.31,RTE001560,Docked
VSL002742,MSC Aurora,8479,235.37,RTE002574,Docked
VSL002743,Atlantic Carrier,16031,259.94,RTE001784,Maintenance
VSL002744,Evergreen,1068,137.42,RTE002063,Maintenance
VSL002745,Oceanic Titan,17200,264.29,RTE001190,Maintenance
VSL002746,MSC Aurora,3967,142.11,RTE000880,Docked
VSL002747,Atlantic Carrier,13958,74.41,RTE002331,Docked
VSL002748,MSC Aurora,2414,284.51,RTE000599,Maintenance
VSL002749,Maersk Horizon,14806,176.86,RTE002020,Maintenance
VSL002750,Oceanic Titan,5113,219.68,RTE002157,Docked
VSL002751,Evergreen,3453,158.07,RTE001346,Docked
VSL002752,Oceanic Titan,10024,197.77,RTE002966,Active
VSL002753,Oceanic Titan,8075,201.19,RTE002118,Active
VSL002754,Evergreen,5739,214.96,RTE001921,Maintenance
VSL002755,Evergreen,17111,182.84,RTE001392,Docked
VSL002756,Oceanic Titan,11372,100.53,RTE000009,Docked
VSL002757,MSC Aurora,19283,237.13,RTE000745,Maintenance
VSL002758,MSC Aurora,12231,242.54,RTE002718,Active
VSL002759,Evergreen,14720,83.78,RTE002537,Maintenance
VSL002760,Maersk Horizon,12591,88.18,RTE002277,Active
VSL002761,Evergreen,16352,286.3,RTE000251,Active
VSL002762,Evergreen,3254,96.81,RTE002136,Maintenance
VSL002763,Evergreen,14263,119.05,RTE000510,Active
VSL002764,Oceanic Titan,3585,204.12,RTE002393,Docked
VSL002765,MSC Aurora,10330,68.08,RTE002005,Active
VSL002766,Maersk Horizon,14942,146.9,RTE001036,Active
VSL002767,Maersk Horizon,9982,289.26,RTE001190,Active
VSL002768,Evergreen,16385,252.15,RTE002285,Docked
VSL002769,Oceanic Titan,8471,168.56,RTE000201,Active
VSL002770,Evergreen,14729,73.58,RTE000673,Maintenance
VSL002771,Oceanic Titan,7841,294.86,RTE000022,Docked
VSL002772,MSC Aurora,1454,177.48,RTE000027,Docked
VSL002773,Maersk Horizon,6448,144.33,RTE000396,Active
VSL002774,Oceanic Titan,5594,240.37,RTE000424,Maintenance
VSL002775,Maersk Horizon,5793,104.16,RTE000585,Docked
VSL002776,Maersk Horizon,3773,103.66,RTE001679,Docked
VSL002777,MSC Aurora,18973,274.26,RTE001230,Active
VSL002778,Maersk Horizon,3437,104.07,RTE001697,Docked
VSL002779,Maersk Horizon,6447,219.72,RTE000342,Docked
VSL002780,MSC Aurora,5183,296.59,RTE002248,Docked
VSL002781,MSC Aurora,1935,220.6,RTE001731,Maintenance
VSL002782,Atlantic Carrier,13303,287.65,RTE002433,Maintenance
VSL002783,MSC Aurora,7396,140.24,RTE002254,Active
VSL002784,Evergreen,11981,250.81,RTE002333,Active
VSL002785,MSC Aurora,9883,181.63,RTE002501,Docked
VSL002786,Atlantic Carrier,8170,84.78,RTE001931,Docked
VSL002787,Maersk Horizon,11903,186.14,RTE002717,Maintenance
VSL002788,MSC Aurora,5939,159.7,RTE000972,Active
VSL002789,Maersk Horizon,2596,188.71,RTE000005,Docked
VSL002790,Evergreen,3302,61.1,RTE001117,Maintenance
VSL002791,MSC Aurora,12589,251.04,RTE000836,Docked
VSL002792,Oceanic Titan,19711,140.81,RTE002066,Docked
VSL002793,Atlantic Carrier,9401,273.2,RTE000835,Maintenance
VSL002794,Maersk Horizon,19410,162.74,RTE000503,Maintenance
VSL002795,Evergreen,6128,252.41,RTE000616,Maintenance
VSL002796,Maersk Horizon,12483,122.36,RTE002100,Active
VSL002797,Oceanic Titan,18388,248.25,RTE000791,Maintenance
VSL002798,MSC Aurora,14563,232.09,RTE000239,Active
VSL002799,MSC Aurora,9531,217.43,RTE000177,Docked
VSL002800,MSC Aurora,9372,171.37,RTE000873,Maintenance
VSL002801,Atlantic Carrier,16029,180.1,RTE002853,Docked
VSL002802,Maersk Horizon,18427,128.97,RTE000464,Active
VSL002803,Oceanic Titan,16940,104.75,RTE002855,Active
VSL002804,Evergreen,14766,63.49,RTE002548,Docked
VSL002805,Oceanic Titan,6806,287.91,RTE001497,Active
VSL002806,MSC Aurora,19287,137.44,RTE000847,Maintenance
VSL002807,Oceanic Titan,9855,51.59,RTE002548,Maintenance
VSL002808,Evergreen,1242,244.64,RTE000750,Active
VSL002809,Oceanic Titan,8232,225.36,RTE001122,Active
VSL002810,Evergreen,18714,264.2,RTE000897,Docked
VSL002811,MSC Aurora,5689,174.28,RTE001462,Active
VSL002812,Evergreen,15483,155.83,RTE002664,Maintenance
VSL002813,Atlantic Carrier,12359,255.07,RTE000604,Maintenance
VSL002814,Maersk Horizon,6105,297.57,RTE000664,Maintenance
VSL002815,MSC Aurora,3804,84.94,RTE002656,Docked
VSL002816,Evergreen,10342,93.42,RTE001747,Maintenance
VSL002817,MSC Aurora,11678,106.03,RTE001871,Maintenance
VSL002818,Oceanic Titan,15589,176.93,RTE002565,Maintenance
VSL002819,Maersk Horizon,15401,188.95,RTE002240,Docked
VSL002820,Atlantic Carrier,17611,152.72,RTE000112,Docked
VSL002821,Oceanic Titan,17752,181.5,RTE002759,Maintenance
VSL002822,MSC Aurora,2999,75.76,RTE000409,Maintenance
VSL002823,MSC Aurora,16901,298.27,RTE000949,Maintenance
VSL002824,Evergreen,16355,228.09,RTE001711,Docked
VSL002825,Oceanic Titan,7572,193.52,RTE001286,Active
VSL002826,Atlantic Carrier,14075,87.0,RTE001464,Maintenance
VSL002827,MSC Aurora,2700,180.61,RTE002642,Active
VSL002828,Oceanic Titan,13359,264.37,RTE002797,Docked
VSL002829,Maersk Horizon,5906,114.3,RTE002661,Docked
VSL002830,Maersk Horizon,3160,265.82,RTE002955,Docked
VSL002831,Atlantic Carrier,7456,192.0,RTE001404,Active
VSL002832,Atlantic Carrier,19228,125.55,RTE000534,Maintenance
VSL002833,Maersk Horizon,14171,265.52,RTE001490,Active
VSL002834,Atlantic Carrier,14646,161.61,RTE002186,Maintenance
VSL002835,Evergreen,7434,124.83,RTE001152,Active
VSL002836,Oceanic Titan,9748,203.34,RTE001663,Maintenance
VSL002837,Maersk Horizon,10517,263.06,RTE002472,Active
VSL002838,MSC Aurora,17094,75.77,RTE002091,Active
VSL002839,Evergreen,1817,81.74,RTE002133,Maintenance
VSL002840,Maersk Horizon,8399,218.74,RTE001558,Docked
VSL002841,MSC Aurora,18309,103.17,RTE000565,Docked
VSL002842,MSC Aurora,5518,285.31,RTE002716,Active
VSL002843,Oceanic Titan,10455,192.11,RTE002921,Active
VSL002844,Evergreen,5995,190.49,RTE002111,Docked
VSL002845,Atlantic Carrier,19390,92.06,RTE002056,Active
VSL002846,Maersk Horizon,15764,76.97,RTE002516,Active
VSL002847,Maersk Horizon,13650,209.89,RTE002648,Docked
VSL002848,Oceanic Titan,5214,58.83,RTE000117,Active
VSL002849,Maersk Horizon,13346,157.35,RTE002803,Docked
VSL002850,Evergreen,17318,243.66,RTE002970,Docked
VSL002851,MSC Aurora,14651,121.8,RTE001644,Docked
VSL002852,Atlantic Carrier,19919,56.76,RTE001206,Active
VSL002853,Maersk Horizon,6515,81.16,RTE002301,Docked
VSL002854,Evergreen,9698,208.24,RTE002986,Docked
VSL002855,Oceanic Titan,3830,298.0,RTE002448,Active
VSL002856,Oceanic Titan,16040,142.43,RTE000215,Docked
VSL002857,Evergreen,4705,181.12,RTE002779,Docked
VSL002858,Oceanic Titan,8723,74.66,RTE000204,Active
VSL002859,MSC Aurora,9819,291.04,RTE000501,Active
VSL002860,Atlantic Carrier,9922,275.96,RTE002393,Active
VSL002861,Evergreen,1946,256.34,RTE002428,Docked
VSL002862,Atlantic Carrier,13041,159.48,RTE002585,Docked
VSL002863,Oceanic Titan,7700,109.42,RTE002083,Maintenance
VSL002864,Evergreen,10302,176.79,RTE001878,Docked
VSL002865,Oceanic Titan,4037,190.6,RTE002049,Maintenance
VSL002866,Evergreen,1470,121.33,RTE001258,Active
VSL002867,Oceanic Titan,2942,235.04,RTE002650,Maintenance
VSL002868,Atlantic Carrier,19313,169.7,RTE002792,Maintenance
VSL002869,Maersk Horizon,13784,213.41,RTE002661,Active
VSL002870,Oceanic Titan,10581,143.59,RTE001651,Active
VSL002871,Atlantic Carrier,3400,175.83,RTE000697,Docked
VSL002872,Evergreen,14767,148.39,RTE001545,Docked
VSL002873,Evergreen,9003,189.08,RTE001259,Maintenance
VSL002874,Evergreen,3345,294.69,RTE001273,Maintenance
VSL002875,Atlantic Carrier,18566,53.82,RTE001771,Active
VSL002876,Evergreen,16176,51.98,RTE002016,Docked
VSL002877,MSC Aurora,3873,221.89,RTE001269,Active
VSL002878,Atlantic Carrier,16046,215.89,RTE001851,Active
VSL002879,Maersk Horizon,17477,103.41,RTE000048,Docked
VSL002880,Oceanic Titan,10802,285.33,RTE002622,Docked
VSL002881,Oceanic Titan,5779,263.27,RTE002271,Docked
VSL002882,Evergreen,1185,77.47,RTE002952,Docked
VSL002883,Atlantic Carrier,17715,53.87,RTE000847,Active
VSL002884,Atlantic Carrier,3913,155.43,RTE002709,Docked
VSL002885,Atlantic Carrier,11798,279.86,RTE001511,Docked
VSL002886,Atlantic Carrier,13149,165.13,RTE000989,Maintenance
VSL002887,Maersk Horizon,12661,112.12,RTE000775,Active
VSL002888,Maersk Horizon,8585,290.44,RTE002821,Docked
VSL002889,Atlantic Carrier,16521,181.06,RTE002661,Docked
VSL002890,Evergreen,13068,285.87,RTE000897,Maintenance
VSL002891,MSC Aurora,6988,264.81,RTE000548,Docked
VSL002892,MSC Aurora,4940,273.9,RTE001458,Docked
VSL002893,Maersk Horizon,12654,201.72,RTE000663,Docked
VSL002894,Evergreen,18007,209.04,RTE000963,Active
VSL002895,Evergreen,12007,84.31,RTE001809,Docked
VSL002896,Evergreen,1055,95.67,RTE002636,Maintenance
VSL002897,MSC Aurora,17470,102.7,RTE001290,Active
VSL002898,Atlantic Carrier,3627,201.42,RTE000559,Docked
VSL002899,MSC Aurora,5233,141.23,RTE000997,Docked
VSL002900,MSC Aurora,10862,218.77,RTE001477,Active
VSL002901,MSC Aurora,2211,264.55,RTE000635,Docked
VSL002902,Maersk Horizon,11155,156.96,RTE000207,Docked
VSL002903,Atlantic Carrier,12877,239.33,RTE000444,Active
VSL002904,Evergreen,19912,281.05,RTE001570,Active
VSL002905,Maersk Horizon,16557,72.73,RTE000332,Active
VSL002906,Maersk Horizon,12235,208.04,RTE000339,Docked
VSL002907,MSC Aurora,10542,223.49,RTE001374,Maintenance
VSL002908,MSC Aurora,11294,76.34,RTE002544,Active
VSL002909,MSC Aurora,10044,237.08,RTE000116,Maintenance
VSL002910,MSC Aurora,6785,120.34,RTE000722,Docked
VSL002911,Maersk Horizon,9799,244.31,RTE001679,Active
VSL002912,MSC Aurora,13405,115.59,RTE001104,Maintenance
VSL002913,Atlantic Carrier,11044,113.46,RTE002472,Maintenance
VSL002914,MSC Aurora,16822,168.81,RTE002097,Maintenance
VSL002915,Atlantic Carrier,13250,182.22,RTE001486,Maintenance
VSL002916,Maersk Horizon,11438,207.64,RTE002855,Active
VSL002917,Evergreen,13204,296.41,RTE001546,Maintenance
VSL002918,Oceanic Titan,9616,67.42,RTE002095,Active
VSL002919,MSC Aurora,15386,229.94,RTE000903,Docked
VSL002920,Oceanic Titan,14508,267.92,RTE002045,Docked
VSL002921,Atlantic Carrier,13126,239.0,RTE002755,Maintenance
VSL002922,Evergreen,6680,136.87,RTE002063,Maintenance
VSL002923,Atlantic Carrier,16551,82.55,RTE000772,Maintenance
VSL002924,Oceanic Titan,15579,250.33,RTE000312,Maintenance
VSL002925,Evergreen,16272,179.77,RTE001459,Active
VSL002926,MSC Aurora,1110,275.3,RTE002627,Active
VSL002927,MSC Aurora,7583,248.32,RTE000808,Active
VSL002928,Evergreen,11326,125.89,RTE000563,Docked
VSL002929,Atlantic Carrier,19373,173.6,RTE001436,Maintenance
VSL002930,Atlantic Carrier,2832,295.42,RTE000389,Maintenance
VSL002931,Oceanic Titan,5167,142.06,RTE000232,Active
VSL002932,MSC Aurora,13755,96.57,RTE001100,Active
VSL002933,Oceanic Titan,8209,127.03,RTE002864,Active
VSL002934,MSC Aurora,12345,71.84,RTE002294,Maintenance
VSL002935,Oceanic Titan,16099,195.18,RTE001604,Active
VSL002936,Maersk Horizon,6351,292.48,RTE002450,Maintenance
VSL002937,MSC Aurora,7717,149.87,RTE001460,Active
VSL002938,MSC Aurora,10615,253.5,RTE002437,Docked
VSL002939,MSC Aurora,18022,171.51,RTE001572,Active
VSL002940,Atlantic Carrier,16409,178.02,RTE001154,Active
VSL002941,Oceanic Titan,1827,204.9,RTE000800,Maintenance
VSL002942,Maersk Horizon,7933,264.96,RTE000080,Maintenance
VSL002943,Evergreen,5981,288.4,RTE002153,Docked
VSL002944,MSC Aurora,2674,152.19,RTE002328,Docked
VSL002945,MSC Aurora,14706,86.19,RTE002624,Maintenance
VSL002946,Maersk Horizon,3075,255.05,RTE002950,Active
VSL002947,Evergreen,19101,133.33,RTE000299,Maintenance
VSL002948,Evergreen,8089,129.47,RTE002722,Maintenance
VSL002949,MSC Aurora,14348,241.75,RTE000956,Active
VSL002950,Evergreen,7100,245.98,RTE002694,Active
VSL002951,Maersk Horizon,10245,109.01,RTE001797,Active
VSL002952,MSC Aurora,5645,90.41,RTE002147,Active
VSL002953,Oceanic Titan,12808,86.12,RTE000730,Maintenance
VSL002954,MSC Aurora,10798,68.75,RTE000330,Active
VSL002955,MSC Aurora,3280,174.28,RTE002763,Active
VSL002956,Atlantic Carrier,15881,127.43,RTE001854,Active
VSL002957,Oceanic Titan,8213,246.4,RTE002147,Maintenance
VSL002958,Atlantic Carrier,14536,224.86,RTE000402,Active
VSL002959,Oceanic Titan,17682,149.86,RTE001667,Docked
VSL002960,Oceanic Titan,3329,102.71,RTE000492,Docked
VSL002961,Evergreen,17227,178.02,RTE000147,Maintenance
VSL002962,Atlantic Carrier,13453,229.8,RTE000107,Maintenance
VSL002963,Evergreen,11396,57.74,RTE000109,Docked
VSL002964,Evergreen,7566,292.55,RTE002681,Maintenance
VSL002965,Maersk Horizon,15986,91.26,RTE001557,Docked
VSL002966,MSC Aurora,3134,175.35,RTE000825,Docked
VSL002967,Evergreen,7538,130.07,RTE002600,Maintenance
VSL002968,MSC Aurora,2184,72.3,RTE001174,Maintenance
VSL002969,Atlantic Carrier,16533,99.25,RTE001758,Docked
VSL002970,MSC Aurora,18070,228.36,RTE001580,Maintenance
VSL002971,Maersk Horizon,14561,293.46,RTE000481,Active
VSL002972,MSC Aurora,1590,87.08,RTE001769,Maintenance
VSL002973,Evergreen,16020,76.41,RTE000937,Active
VSL002974,MSC Aurora,16389,69.46,RTE000813,Maintenance
VSL002975,Evergreen,12411,98.11,RTE000966,Maintenance
VSL002976,Atlantic Carrier,11264,256.35,RTE002793,Active
VSL002977,Evergreen,12627,247.76,RTE002557,Docked
VSL002978,MSC Aurora,4222,186.94,RTE001996,Active
VSL002979,Evergreen,6555,54.56,RTE000957,Maintenance
VSL002980,Oceanic Titan,5336,181.32,RTE000075,Active
VSL002981,Maersk Horizon,15352,263.07,RTE000509,Maintenance
VSL002982,Maersk Horizon,8654,78.8,RTE000459,Docked
VSL002983,Maersk Horizon,4715,289.69,RTE000619,Active
VSL002984,MSC Aurora,7771,171.56,RTE002135,Maintenance
VSL002985,Maersk Horizon,11996,79.41,RTE000919,Active
VSL002986,Evergreen,19682,80.03,RTE001614,Maintenance
VSL002987,MSC Aurora,2184,295.83,RTE000373,Active
VSL002988,Maersk Horizon,2548,64.15,RTE001106,Active
VSL002989,Atlantic Carrier,5977,157.88,RTE002281,Docked
VSL002990,Evergreen,19407,62.03,RTE002667,Docked
VSL002991,MSC Aurora,18256,242.64,RTE001879,Docked
VSL002992,Atlantic Carrier,12180,265.56,RTE002602,Active
VSL002993,MSC Aurora,13061,179.93,RTE001019,Maintenance
VSL002994,Atlantic Carrier,13397,214.4,RTE002030,Active
VSL002995,Maersk Horizon,18478,58.6,RTE002038,Docked
VSL002996,Oceanic Titan,19790,237.24,RTE000078,Active
VSL002997,Atlantic Carrier,16054,173.96,RTE000220,Docked
VSL002998,Evergreen,18259,207.49,RTE000657,Docked
VSL002999,Oceanic Titan,16991,66.84,RTE002939,Docked
VSL003000,Atlantic Carrier,15698,293.41,RTE000376,Active
